<?xml version="1.0" encoding="utf-8"?>
<COLLADA xmlns:xsi="http://www.w3.org/2001/XMLSchema-instance" xmlns:xsd="http://www.w3.org/2001/XMLSchema" version="1.4.1" xmlns="http://www.collada.org/2005/11/COLLADASchema">
  <asset>
    <contributor>
      <author />
      <authoring_tool>Unity3D 5.4.1f1 - COLLADA exporter v1.6.1</authoring_tool>
      <comments />
      <copyright />
      <source_data />
    </contributor>
    <created>2017-02-07T02:26:28.8873924-08:00</created>
    <modified>2017-02-07T02:26:28.8873924-08:00</modified>
    <unit meter="1" name="meter" />
    <up_axis>Y_UP</up_axis>
  </asset>
  <library_images>
    <image id="_e608c14929d88e542a6f0d810d2e2fde" name="Material.001_x0020_Translucencypng">
      <init_from>textures/AmplifyColor/Material.001%20Translucencypng.png</init_from>
    </image>
  </library_images>
  <library_materials>
    <material id="_b0c6539518e8d704ba2824298e026a78" name="Material.001_x0020_Translucencypng">
      <instance_effect url="#_b0c6539518e8d704ba2824298e026a78-fx" />
    </material>
  </library_materials>
  <library_effects>
    <effect id="_b0c6539518e8d704ba2824298e026a78-fx" name="Mobile_x002F_Diffuse">
      <profile_COMMON>
        <newparam sid="_e608c14929d88e542a6f0d810d2e2fde-surface">
          <semantic>Base_x0020__x0028_RGB_x0029_</semantic>
          <surface type="2D">
            <init_from>_e608c14929d88e542a6f0d810d2e2fde</init_from>
            <format>ETC_RGB4</format>
          </surface>
        </newparam>
        <newparam sid="_e608c14929d88e542a6f0d810d2e2fde-sampler">
          <sampler2D>
            <source>_e608c14929d88e542a6f0d810d2e2fde-surface</source>
            <minfilter>LINEAR_MIPMAP_NEAREST</minfilter>
            <magfilter>LINEAR</magfilter>
          </sampler2D>
        </newparam>
        <technique sid="common">
          <phong>
            <diffuse>
              <texture texture="_e608c14929d88e542a6f0d810d2e2fde-sampler" texcoord="TEX0" />
            </diffuse>
          </phong>
        </technique>
      </profile_COMMON>
    </effect>
  </library_effects>
  <library_geometries>
    <geometry id="_21642" name="polySurface92_MeshPart0_LOD3">
      <mesh>
        <source id="_21642-positions">
          <float_array id="_21642-positions-array" count="14214">
0.265392 0.146589 0.446177 
0.260998 0.141656 0.453560 
0.263305 0.153115 0.467874 
0.256150 0.146370 0.468447 
0.246278 0.147795 0.493629 
0.251963 0.149169 0.485904 
0.249603 0.148663 0.487038 
0.249051 0.149278 0.491782 
0.245420 0.150653 0.502090 
0.246198 0.154039 0.510067 
0.244742 0.151330 0.506090 
0.246163 0.154906 0.513893 
0.248808 0.157790 0.516091 
0.252246 0.162397 0.516531 
0.246895 0.157737 0.513493 
0.259002 0.165774 0.517385 
0.250930 0.153135 0.518696 
0.264282 0.159654 0.519955 
0.263220 0.146882 0.516824 
0.255823 0.143539 0.514349 
0.255515 0.107922 0.469607 
0.248824 0.120978 0.483141 
0.262349 0.127105 0.464824 
0.262259 0.107679 0.464768 
0.249661 0.116024 0.485760 
0.249405 0.124813 0.494167 
0.258016 0.130515 0.472840 
0.262970 0.114350 0.462478 
0.265481 0.121866 0.463228 
0.253586 0.111979 0.482086 
0.251228 0.113641 0.486662 
0.249997 0.121044 0.493192 
0.262800 0.134088 0.475612 
0.258549 0.134247 0.482275 
0.252566 0.132853 0.489329 
0.262696 0.105278 0.468846 
0.259354 0.105632 0.472151 
0.254174 0.109272 0.481709 
0.246185 0.121132 0.495039 
0.249160 0.131656 0.492723 
0.254165 0.135461 0.487435 
0.243786 0.141855 0.511008 
0.250395 0.139509 0.498245 
0.240151 0.129175 0.512847 
0.244790 0.135165 0.533523 
0.247111 0.114733 0.517754 
0.248395 0.112057 0.505344 
0.253988 0.108139 0.490925 
0.261782 0.142403 0.545506 
0.252615 0.148111 0.531590 
0.259585 0.150249 0.536177 
0.260834 0.128722 0.545128 
0.282696 0.141121 0.558621 
0.249486 0.119844 0.532390 
0.245990 0.119269 0.525803 
0.263748 0.143514 0.498431 
0.252916 0.148389 0.512103 
0.247143 0.146550 0.523797 
0.252086 0.150060 0.525679 
0.259575 0.153916 0.529220 
0.263626 0.145678 0.510856 
0.260895 0.149943 0.514232 
0.261614 0.154884 0.523814 
0.263566 0.150429 0.514784 
0.269547 0.159374 0.534372 
0.287019 0.165069 0.527484 
0.276915 0.149035 0.515543 
0.264463 0.145968 0.513329 
0.264501 0.103178 0.480662 
0.253434 0.111693 0.515804 
0.261923 0.103846 0.489987 
0.264828 0.118808 0.520194 
0.257581 0.119249 0.535711 
0.265460 0.122118 0.524919 
0.248823 0.146765 0.527442 
0.263396 0.154639 0.533598 
0.274411 0.133588 0.479356 
0.290480 0.171138 0.555028 
0.290143 0.157301 0.566428 
0.294910 0.145285 0.567308 
0.267829 0.138597 0.511532 
0.256520 0.136801 0.507748 
0.259070 0.128860 0.496361 
0.264014 0.126701 0.444653 
0.251573 0.144404 0.475917 
0.256141 0.133467 0.461715 
0.264710 0.136086 0.439750 
0.266024 0.142138 0.441638 
0.267441 0.145075 0.438912 
0.268730 0.140259 0.434628 
0.271424 0.140109 0.429910 
0.285675 0.133211 0.397879 
0.267671 0.125676 0.436363 
0.254674 0.131461 0.466910 
0.265888 0.121423 0.458883 
0.263968 0.120430 0.474679 
0.248707 0.138515 0.504287 
0.267590 0.119494 0.476172 
0.283214 0.159643 0.444431 
0.273631 0.158172 0.452329 
0.277453 0.142399 0.422436 
0.290015 0.137658 0.399240 
0.295382 0.146294 0.406112 
0.314563 0.132681 0.368389 
0.342177 0.146630 0.372619 
0.340673 0.128001 0.348397 
0.405726 0.112143 0.299731 
0.377706 0.103703 0.310514 
0.381365 0.108604 0.312653 
0.389539 0.100630 0.298008 
0.394934 0.098249 0.289383 
0.402781 0.090284 0.265329 
0.391517 0.091525 0.287117 
0.406696 0.096861 0.267502 
0.416128 0.111176 0.286315 
0.427171 0.106011 0.258730 
0.415321 0.082290 0.221809 
0.439257 0.115460 0.292879 
0.442696 0.107734 0.264132 
0.446965 0.114249 0.295956 
0.450730 0.107151 0.267715 
0.429693 0.123110 0.317325 
0.421781 0.128016 0.327904 
0.414426 0.127559 0.326534 
0.390826 0.126266 0.326383 
0.406256 0.138352 0.347176 
0.396817 0.155896 0.378499 
0.403189 0.154587 0.380005 
0.346661 0.157529 0.400985 
0.327623 0.154509 0.418897 
0.314647 0.152759 0.435272 
0.324300 0.152257 0.428533 
0.316339 0.151462 0.437834 
0.303655 0.152390 0.420999 
0.310235 0.154443 0.430207 
0.304303 0.156338 0.432465 
0.276524 0.162409 0.472158 
0.274160 0.118832 0.432120 
0.268405 0.119697 0.469209 
0.269319 0.119566 0.464779 
0.263653 0.167555 0.510817 
0.265179 0.167075 0.507363 
0.264644 0.168634 0.499986 
0.253984 0.155902 0.484287 
0.266095 0.160009 0.479037 
0.257537 0.152680 0.477232 
0.245639 0.154786 0.499832 
0.244891 0.155048 0.506515 
0.258055 0.168279 0.512256 
0.259764 0.168392 0.498566 
0.254422 0.150701 0.477777 
0.571234 -0.068221 -0.540051 
0.574181 -0.059254 -0.532842 
0.575002 -0.085453 -0.490983 
0.579503 -0.089080 -0.458919 
0.578488 -0.108482 -0.439564 
0.580452 -0.100836 -0.433968 
0.584354 -0.104833 -0.402224 
0.582444 -0.093461 -0.428270 
0.585665 -0.124225 -0.351311 
0.586928 -0.103500 -0.382385 
0.588796 -0.097574 -0.374870 
0.601045 -0.087053 -0.324426 
0.592223 -0.081864 -0.371721 
0.596420 -0.084072 -0.348188 
0.601833 -0.090042 -0.300703 
0.601995 -0.093176 -0.276629 
0.596834 -0.111638 -0.277065 
0.601398 -0.094384 -0.253102 
0.602357 -0.089413 -0.265637 
0.603135 -0.086935 -0.289704 
0.580192 -0.127788 -0.387893 
0.580730 -0.140841 -0.332057 
0.563196 -0.128257 -0.454787 
0.556304 -0.099678 -0.540552 
0.568312 -0.082442 -0.529411 
0.550201 -0.112220 -0.527196 
0.569193 -0.140020 -0.397304 
0.548756 -0.155191 -0.410738 
0.561374 -0.182727 -0.291730 
0.546758 -0.170086 -0.369553 
0.520254 -0.192434 -0.343190 
0.534198 -0.158453 -0.432129 
0.513553 -0.178971 -0.387641 
0.502917 -0.168016 -0.437490 
0.503219 -0.152249 -0.503549 
0.537063 -0.125534 -0.534192 
0.510718 -0.142023 -0.528067 
0.511080 -0.138789 -0.540672 
0.490622 -0.148489 -0.532013 
0.487400 -0.159313 -0.491718 
0.479413 -0.160488 -0.492400 
0.471333 -0.151260 -0.536912 
0.467987 -0.157880 -0.508809 
0.464647 -0.154631 -0.524639 
0.452622 -0.155093 -0.510704 
0.441366 -0.148560 -0.528147 
0.444969 -0.151611 -0.510866 
0.462472 -0.150963 -0.539659 
0.481568 -0.169267 -0.445993 
0.492540 -0.164856 -0.463503 
0.468555 -0.167488 -0.442544 
0.491725 -0.177665 -0.406394 
0.479105 -0.175281 -0.413157 
0.473206 -0.176754 -0.397862 
0.479608 -0.197985 -0.331771 
0.500056 -0.201501 -0.329413 
0.470448 -0.185078 -0.359493 
0.537310 -0.198931 -0.305891 
0.524976 -0.213183 -0.272999 
0.542994 -0.204241 -0.269670 
0.563720 -0.185665 -0.234341 
0.544386 -0.203555 -0.236599 
0.571960 -0.174288 -0.251963 
0.573255 -0.164588 -0.203031 
0.595528 -0.117116 -0.242681 
0.591831 -0.116522 -0.171411 
0.575526 -0.164512 -0.279483 
0.568343 -0.155687 -0.152699 
0.593278 -0.098427 -0.154916 
0.584039 -0.092776 -0.100447 
0.556961 -0.134045 -0.073905 
0.589764 -0.088294 -0.124557 
0.592128 -0.082908 -0.131993 
0.589395 -0.080476 -0.112410 
0.597827 -0.091229 -0.172441 
0.596906 -0.099065 -0.184307 
0.597727 -0.102561 -0.217615 
0.599693 -0.097962 -0.240976 
0.598646 -0.094627 -0.205331 
0.601684 -0.083512 -0.313942 
0.598558 -0.080657 -0.338357 
0.594827 -0.077689 -0.362598 
0.589859 -0.086643 -0.380442 
0.587709 -0.092036 -0.388374 
0.588369 -0.080710 -0.394516 
0.590388 -0.075972 -0.386382 
0.585927 -0.098150 -0.395626 
0.581068 -0.092569 -0.083321 
0.580392 -0.085444 -0.071534 
0.576721 -0.093669 -0.067760 
0.570929 -0.089845 -0.042219 
0.574210 -0.080643 -0.045367 
0.583619 -0.085153 -0.088076 
0.548869 -0.174407 -0.143150 
0.522886 -0.151407 -0.039383 
0.540554 -0.127883 -0.012601 
0.517265 -0.175752 -0.102130 
0.483139 -0.176768 -0.093613 
0.472392 -0.171244 -0.081417 
0.488753 -0.152378 -0.025148 
0.466489 -0.193976 -0.151251 
0.486453 -0.202649 -0.165206 
0.509986 -0.199410 -0.164701 
0.545813 -0.188382 -0.181295 
0.526308 -0.209804 -0.223850 
0.491736 -0.208466 -0.305183 
0.495552 -0.218111 -0.265187 
0.481425 -0.206849 -0.298781 
0.478343 -0.212155 -0.265784 
0.472514 -0.204024 -0.293184 
0.478887 -0.213880 -0.232185 
0.471345 -0.209711 -0.258671 
0.497524 -0.217389 -0.218166 
0.474475 -0.210470 -0.220189 
0.464974 -0.205229 -0.197530 
0.466590 -0.200604 -0.170006 
0.562960 -0.086804 -0.016871 
0.567380 -0.077740 -0.019447 
0.550300 -0.101481 0.010873 
0.559585 -0.065948 0.027713 
0.556692 -0.074955 0.030517 
0.552374 -0.065219 0.055140 
0.549217 -0.073945 0.058201 
0.534958 -0.048303 0.128104 
0.526775 -0.061320 0.133701 
0.529502 -0.038105 0.159371 
0.531461 -0.031351 0.156369 
0.523765 -0.017509 0.202864 
0.513271 -0.011919 0.249306 
0.519812 0.000302 0.247761 
0.526209 -0.010883 0.200819 
0.505222 -0.037040 0.222576 
0.500178 -0.058990 0.183185 
0.497730 -0.025439 0.264562 
0.526774 -0.078591 0.106474 
0.528875 -0.083939 0.091867 
0.519298 -0.083310 0.108240 
0.517006 -0.104085 0.067161 
0.531934 -0.089978 0.078117 
0.536890 -0.105937 0.038217 
0.500031 -0.133012 0.015362 
0.465319 -0.136747 0.001844 
0.463551 -0.160018 -0.055241 
0.458260 -0.178563 -0.112073 
0.454104 -0.190784 -0.153605 
0.460571 -0.196531 -0.167100 
0.458158 -0.204202 -0.220801 
0.469548 -0.209262 -0.235923 
0.460567 -0.202147 -0.193555 
0.510683 -0.124408 0.027628 
0.493125 -0.097555 0.098812 
0.483254 -0.104018 0.085916 
0.489134 -0.080276 0.141831 
0.501860 -0.090030 0.111694 
0.470661 -0.085048 0.126189 
0.471994 -0.096896 0.099178 
0.473266 -0.056087 0.196590 
0.486019 -0.067942 0.170041 
0.494482 -0.066801 0.169828 
0.468042 -0.065294 0.168521 
0.479596 -0.051924 0.209940 
0.466847 -0.040515 0.235363 
0.483097 -0.042401 0.236274 
0.476660 -0.026262 0.288242 
0.462248 -0.022943 0.286403 
0.488034 -0.020638 0.300270 
0.505056 -0.001136 0.302945 
0.511202 0.009773 0.304184 
0.473071 -0.108808 0.072441 
0.462005 -0.094917 0.097640 
0.464552 -0.053408 0.195826 
0.471718 -0.196746 -0.325721 
0.491343 -0.004649 0.457625 
0.495473 0.024387 0.499741 
0.492433 0.026151 0.521007 
0.488885 0.009220 0.500903 
0.497012 0.007516 0.447231 
0.497779 0.016789 0.451589 
0.499119 0.008883 0.410355 
0.497298 -0.001820 0.384343 
0.500692 0.017557 0.405962 
0.500681 0.014196 0.396504 
0.487430 -0.017764 0.398831 
0.468877 -0.028924 0.398025 
0.474912 -0.017596 0.444041 
0.481454 -0.000313 0.488606 
0.475001 0.006070 0.517459 
0.466061 0.004325 0.501061 
0.471301 -0.009774 0.469572 
0.464674 0.006726 0.512576 
0.461486 0.008317 0.513038 
0.460750 0.010601 0.529253 
0.477942 0.021610 0.553666 
0.465713 0.012938 0.551169 
0.487894 0.025984 0.537324 
0.488816 0.030464 0.539138 
0.474304 0.027687 0.563809 
0.459848 0.011071 0.555464 
0.462507 0.025108 0.569606 
0.434311 0.006924 0.560196 
0.440266 0.018574 0.569302 
0.429457 0.017310 0.569308 
0.408712 0.014130 0.571354 
0.415183 0.005453 0.564767 
0.425037 0.013487 0.568041 
0.397193 -0.001349 0.559298 
0.422435 0.002269 0.555073 
0.410098 0.001019 0.552424 
0.427351 0.005521 0.544846 
0.452501 0.014298 0.542527 
0.460102 0.011742 0.549634 
0.446212 0.010368 0.543273 
0.454149 0.016287 0.539013 
0.457746 0.013148 0.540101 
0.458542 -0.014112 0.454803 
0.450328 -0.024016 0.401538 
0.444307 -0.020056 0.371753 
0.451315 -0.024462 0.373659 
0.463891 -0.027935 0.366768 
0.478948 -0.023556 0.347139 
0.488686 -0.015724 0.347995 
0.469250 -0.023571 0.316897 
0.454692 -0.024446 0.354897 
0.454340 -0.019484 0.306035 
0.446082 -0.015298 0.305105 
0.447285 -0.020363 0.353378 
0.491847 -0.013443 0.319948 
0.502159 0.004100 0.344213 
0.502982 0.016968 0.371678 
0.502056 0.014632 0.381486 
0.502320 0.023399 0.389313 
0.454170 -0.019515 0.285635 
0.403514 -0.003672 0.549688 
0.404747 -0.001186 0.553542 
0.395860 -0.003200 0.556066 
0.404276 -0.001949 0.557219 
0.396596 -0.009052 0.537552 
0.387599 0.000834 0.551206 
0.391338 0.003982 0.559242 
0.388321 0.005548 0.556643 
0.386099 -0.005956 0.509117 
0.397349 -0.019456 0.499360 
0.393358 -0.011943 0.523012 
0.397247 -0.017572 0.491859 
0.400740 -0.014987 0.519928 
0.405678 -0.017137 0.509952 
0.416205 -0.025218 0.488104 
0.405256 -0.012718 0.520083 
0.404854 -0.011427 0.526889 
0.386923 -0.002554 0.525691 
0.388856 -0.005701 0.523062 
0.385393 0.000664 0.541988 
0.412863 -0.015917 0.505734 
0.407425 -0.025841 0.480155 
0.416310 -0.025502 0.478229 
0.407161 -0.024862 0.472517 
0.410068 -0.023755 0.471612 
0.396966 -0.018316 0.481704 
0.395343 -0.014519 0.490364 
0.425013 0.106726 -0.540322 
0.463376 0.089549 -0.459300 
0.462493 0.113698 -0.532774 
0.450239 0.075431 -0.427254 
0.413371 0.093066 -0.526093 
0.476274 0.099020 -0.491966 
0.475050 0.110701 -0.530006 
0.483594 0.068763 -0.413681 
0.488700 0.095517 -0.487454 
0.388617 0.050061 -0.518453 
0.394619 0.069979 -0.533232 
0.388044 0.056340 -0.536630 
0.406947 0.062244 -0.476868 
0.431773 0.046965 -0.396164 
0.410295 0.046616 -0.439661 
0.468742 0.045469 -0.367099 
0.452530 0.033819 -0.357025 
0.483209 0.001809 -0.314504 
0.489302 0.044809 -0.372863 
0.498142 0.038065 -0.369402 
0.495890 0.027936 -0.352995 
0.493974 0.062321 -0.408678 
0.502528 0.012352 -0.335755 
0.504342 0.022795 -0.351946 
0.519785 0.006163 -0.333791 
0.518246 0.012674 -0.347336 
0.539177 0.001768 -0.328308 
0.532142 0.009584 -0.351326 
0.542922 -0.002871 -0.295929 
0.510144 -0.009501 -0.273994 
0.548781 -0.003002 -0.304899 
0.498601 -0.008167 -0.295467 
0.472730 -0.021972 -0.281471 
0.464984 -0.027689 -0.282558 
0.472759 -0.029268 -0.257874 
0.486301 -0.018799 -0.242906 
0.525092 0.002817 -0.227744 
0.484616 -0.010395 -0.216189 
0.498786 0.012689 -0.177071 
0.518882 -0.006237 -0.253227 
0.545707 -0.005115 -0.264264 
0.547777 -0.003778 -0.284134 
0.552428 -0.006120 -0.272593 
0.553492 -0.001768 -0.242277 
0.545111 0.001133 -0.233569 
0.541658 0.014074 -0.193973 
0.550464 0.007779 -0.205575 
0.519350 0.031167 -0.098579 
0.526421 0.026497 -0.132342 
0.500500 0.028718 -0.119319 
0.500777 0.031521 -0.092772 
0.534517 0.020284 -0.164181 
0.544268 0.015397 -0.178275 
0.537079 0.021647 -0.148441 
0.530217 0.027129 -0.117070 
0.508341 0.036583 -0.045775 
0.525075 0.029881 -0.084448 
0.475308 0.041753 0.003461 
0.481339 0.051663 0.056052 
0.515144 0.035619 -0.035160 
0.492474 0.048246 0.042133 
0.453974 0.058365 0.106526 
0.481072 0.064216 0.126369 
0.474211 0.064509 0.120703 
0.467336 0.063575 0.115283 
0.472827 0.069795 0.142914 
0.464682 0.075164 0.160149 
0.471492 0.075209 0.164872 
0.456014 0.080861 0.177258 
0.458192 0.092937 0.219348 
0.450509 0.093425 0.215235 
0.444436 0.068776 0.149620 
0.447146 0.038467 0.056343 
0.458004 0.047932 0.061850 
0.432956 0.039323 0.100913 
0.441103 0.023433 0.035101 
0.436000 0.089905 0.209762 
0.427879 0.073996 0.188766 
0.418824 0.062732 0.187696 
0.416254 0.055777 0.187652 
0.421588 0.042102 0.148736 
0.431848 0.014929 0.059922 
0.431410 0.002665 0.040739 
0.444392 0.006121 -0.021564 
0.450695 0.010058 -0.042200 
0.473151 0.035551 -0.021817 
0.466174 0.031371 -0.024356 
0.473761 0.026122 -0.065639 
0.456384 0.028846 -0.005444 
0.462721 0.023306 -0.045218 
0.465341 0.020498 -0.064542 
0.477987 0.033204 -0.043541 
0.479088 0.017351 -0.124520 
0.398172 0.050154 -0.479381 
0.393396 0.029218 -0.463432 
0.397901 0.014423 -0.426107 
0.426955 0.028398 -0.380397 
0.414311 0.010001 -0.386612 
0.409551 -0.000506 -0.390101 
0.430341 -0.014855 -0.339523 
0.442181 0.012571 -0.345021 
0.460262 -0.013283 -0.304538 
0.442955 -0.028137 -0.314603 
0.450495 -0.037532 -0.289875 
0.437936 -0.042155 -0.312206 
0.434875 -0.037923 -0.323664 
0.434900 -0.056093 -0.298125 
0.423097 -0.076909 -0.307308 
0.431533 -0.050821 -0.321535 
0.427377 -0.053703 -0.332218 
0.420830 -0.067124 -0.339145 
0.424320 -0.053369 -0.342873 
0.429428 -0.048368 -0.330835 
0.422230 -0.072372 -0.323175 
0.419271 -0.074601 -0.335665 
0.419967 -0.079853 -0.319334 
0.423285 -0.081187 -0.292443 
0.422460 -0.086626 -0.278794 
0.441603 -0.056979 -0.258479 
0.430403 -0.073240 -0.268672 
0.448915 -0.018118 -0.138346 
0.459322 0.011042 -0.080674 
0.458049 0.013928 -0.062705 
0.427789 -0.032795 -0.053899 
0.427016 -0.018198 0.020271 
0.429136 0.007567 0.061757 
0.427833 -0.022195 0.000041 
0.436707 -0.030934 -0.118869 
0.425643 -0.058131 -0.151822 
0.425920 -0.065819 -0.185803 
0.442001 -0.054171 -0.229941 
0.427122 -0.075228 -0.230523 
0.421493 -0.092409 -0.254663 
0.418981 -0.097255 -0.277449 
0.420206 -0.089940 -0.290253 
0.420789 -0.084716 -0.304169 
0.415814 -0.091234 -0.200228 
0.417080 -0.104551 -0.253203 
0.417150 -0.073595 -0.135739 
0.426150 -0.048636 -0.118747 
0.424303 -0.041512 -0.054649 
0.420156 -0.054461 -0.071536 
0.421164 -0.050612 -0.055085 
0.425085 -0.030821 -0.000667 
0.426573 -0.013882 0.041532 
0.428839 -0.005402 0.041378 
0.400131 0.083176 0.263500 
0.365364 0.122505 0.332768 
0.358614 0.117003 0.330552 
0.335685 0.121792 0.346123 
0.311347 0.126599 0.367588 
0.275491 0.138285 0.421807 
0.330295 0.152467 0.425051 
0.325531 0.150665 0.431216 
0.330479 0.144351 0.435849 
0.330161 0.136353 0.444425 
0.342246 0.141164 0.445901 
0.329277 0.130732 0.448814 
0.349474 0.141253 0.451787 
0.355424 0.148376 0.452848 
0.360755 0.158404 0.450639 
0.348536 0.153516 0.431866 
0.371294 0.170978 0.442118 
0.350625 0.156256 0.413816 
0.371210 0.165614 0.414643 
0.387676 0.183687 0.448790 
0.382504 0.166321 0.404464 
0.405346 0.176743 0.426310 
0.378593 0.183742 0.472861 
0.363918 0.161907 0.455919 
0.369216 0.167766 0.464203 
0.364158 0.159644 0.459527 
0.371225 0.170684 0.473624 
0.368455 0.164764 0.467284 
0.369864 0.176953 0.484937 
0.370253 0.168328 0.478886 
0.368360 0.190428 0.510101 
0.351132 0.185876 0.529842 
0.387699 0.196103 0.506951 
0.370256 0.189566 0.523429 
0.399161 0.197519 0.496829 
0.386082 0.193447 0.482689 
0.400870 0.194613 0.480005 
0.362309 0.181269 0.498141 
0.326725 0.134701 0.445168 
0.335427 0.131362 0.451000 
0.291393 0.165543 0.478119 
0.295556 0.163201 0.468158 
0.287013 0.165387 0.474033 
0.273218 0.167058 0.491241 
0.274339 0.165337 0.504488 
0.294947 0.162425 0.458015 
0.332513 0.181407 0.524274 
0.355033 0.169796 0.499821 
0.347304 0.174052 0.504019 
0.368420 0.169082 0.483494 
0.310838 0.180297 0.542707 
0.353149 0.185305 0.533339 
0.327179 0.183092 0.541351 
0.313640 0.181874 0.556872 
0.324982 0.182329 0.548630 
0.305424 0.179785 0.548378 
0.305490 0.174470 0.539914 
0.302062 0.167050 0.533505 
0.305240 0.178280 0.562571 
0.310167 0.167681 0.528617 
0.306515 0.168614 0.535838 
0.307636 0.166966 0.534391 
0.305572 0.164867 0.532528 
0.428848 0.127628 0.329758 
0.436953 0.122902 0.319397 
0.414084 0.133155 0.338104 
0.421299 0.133153 0.339469 
0.413649 0.138289 0.348442 
0.265524 0.128589 0.466557 
0.275640 0.128303 0.472966 
0.269380 0.125716 0.464211 
0.275928 0.125136 0.470826 
0.269380 0.122240 0.462347 
0.272680 0.137616 0.493585 
0.269296 0.140527 0.497668 
0.390210 0.195199 0.511024 
0.270112 0.166905 0.500012 
0.270173 0.165454 0.494546 
0.270556 0.163746 0.484401 
0.266857 0.160236 0.478541 
0.383846 0.006204 -0.486764 
0.383655 0.034941 -0.521716 
0.382709 -0.027289 -0.538292 
0.389790 -0.042020 -0.441087 
0.403421 -0.022857 -0.397441 
0.408970 -0.068682 -0.381105 
0.418555 -0.060589 -0.354605 
0.440878 -0.150995 -0.493558 
0.427127 -0.140471 -0.526582 
0.433479 -0.146013 -0.438592 
0.441376 -0.152140 -0.458756 
0.453136 -0.160159 -0.442464 
0.455286 -0.169955 -0.382747 
0.412160 -0.122825 -0.521117 
0.420291 -0.128077 -0.445698 
0.403296 -0.101582 -0.499677 
0.410612 -0.107561 -0.411154 
0.410130 -0.120736 -0.539910 
0.426643 -0.137529 -0.401817 
0.413490 -0.109727 -0.369712 
0.411200 -0.099414 -0.377555 
0.414923 -0.104705 -0.346335 
0.404163 -0.068178 -0.396040 
0.413433 -0.077472 -0.362720 
0.416252 -0.105430 -0.309460 
0.418204 -0.139848 -0.305353 
0.414166 -0.121542 -0.272775 
0.415513 -0.148712 -0.274570 
0.412358 -0.156142 -0.239422 
0.422036 -0.160612 -0.290215 
0.432713 -0.159454 -0.335506 
0.432967 -0.169530 -0.311750 
0.441759 -0.194438 -0.248466 
0.430330 -0.186174 -0.239989 
0.417563 -0.168695 -0.204877 
0.437152 -0.191531 -0.202884 
0.413025 -0.114740 -0.238774 
0.409058 -0.132621 -0.205562 
0.413038 -0.089373 -0.151407 
0.417473 -0.118483 -0.094100 
0.412282 -0.150213 -0.182381 
0.417952 -0.092625 -0.048983 
0.417403 -0.071062 -0.053490 
0.420543 -0.053006 -0.019536 
0.424825 -0.074884 0.026899 
0.422762 -0.055432 0.023228 
0.422845 -0.039837 -0.000905 
0.422399 -0.043441 -0.020277 
0.424372 -0.031592 0.089955 
0.423936 -0.027343 0.064920 
0.433497 -0.077894 0.068560 
0.421941 0.004071 0.107909 
0.427054 -0.000324 0.062724 
0.420503 0.002760 0.130728 
0.420525 0.019908 0.129204 
0.416380 0.017526 0.170738 
0.415911 0.034532 0.170184 
0.424604 0.020169 0.105939 
0.416822 0.042168 0.169796 
0.422488 -0.014520 0.110197 
0.426849 -0.027278 0.135265 
0.435511 -0.031675 0.175375 
0.423703 -0.005376 0.189447 
0.420305 0.000938 0.152274 
0.450731 -0.055089 0.163945 
0.454797 -0.109332 0.057510 
0.454400 -0.138748 -0.014254 
0.437726 -0.119683 -0.003990 
0.426632 -0.102671 -0.008788 
0.434059 -0.101106 0.027564 
0.441721 -0.093571 0.070267 
0.443942 -0.071520 0.110895 
0.385153 -0.040660 -0.525298 
0.388731 -0.051981 -0.477969 
0.393308 -0.062192 -0.446004 
0.390727 -0.074154 -0.537517 
0.391009 -0.067712 -0.529888 
0.389193 -0.062272 -0.536428 
0.389537 -0.060034 -0.529424 
0.387771 -0.050292 -0.535111 
0.439487 -0.019459 0.247552 
0.456172 -0.048348 0.194763 
0.443970 -0.029749 0.220940 
0.429565 -0.013044 0.220299 
0.420884 0.006959 0.283173 
0.412249 0.020594 0.260286 
0.415568 0.015350 0.219097 
0.407662 0.051098 0.218527 
0.401986 0.061796 0.247411 
0.403001 0.053186 0.247098 
0.401364 0.049406 0.261006 
0.399083 0.058453 0.260885 
0.397341 0.054367 0.274611 
0.400551 0.044442 0.274936 
0.403046 0.033229 0.296748 
0.410229 0.020745 0.304371 
0.402346 0.024596 0.324982 
0.428324 -0.004557 0.331186 
0.430036 -0.002784 0.303564 
0.445001 -0.018605 0.343113 
0.431023 -0.011088 0.368699 
0.439979 -0.016831 0.407576 
0.450675 0.004761 0.481342 
0.449362 0.021637 0.520211 
0.448598 0.025137 0.539205 
0.444270 0.040431 0.542095 
0.444828 0.034528 0.538692 
0.442377 0.047212 0.545847 
0.444920 0.053064 0.554021 
0.439875 0.052645 0.550842 
0.429654 0.056763 0.543470 
0.433703 0.056947 0.539415 
0.427136 0.059284 0.541313 
0.420753 0.072551 0.532712 
0.424186 0.078311 0.528515 
0.414898 0.081952 0.530328 
0.411169 0.089719 0.533390 
0.411074 0.094076 0.534582 
0.415645 0.088946 0.529661 
0.410134 0.099773 0.538668 
0.409023 0.099182 0.535814 
0.413377 0.094966 0.525765 
0.399890 0.103018 0.535475 
0.391524 0.105822 0.527833 
0.400677 0.103374 0.527918 
0.390804 0.107721 0.524158 
0.403651 0.110600 0.514708 
0.387909 0.119159 0.513241 
0.394263 0.124173 0.512125 
0.389383 0.133806 0.514387 
0.388380 0.138760 0.516514 
0.388725 0.137924 0.516203 
0.387192 0.132711 0.514073 
0.387188 0.139981 0.516907 
0.387564 0.142529 0.518558 
0.380055 0.142453 0.516964 
0.389968 0.149696 0.522185 
0.382017 0.140844 0.517127 
0.380056 0.149075 0.523623 
0.375560 0.148045 0.523969 
0.370251 0.146062 0.517321 
0.372272 0.145671 0.506649 
0.384581 0.137697 0.505153 
0.354351 0.162670 0.500177 
0.358706 0.159290 0.498464 
0.357253 0.152240 0.506661 
0.353247 0.145165 0.521314 
0.338578 0.146980 0.520190 
0.331524 0.141236 0.543644 
0.321956 0.153061 0.525646 
0.313637 0.146784 0.545799 
0.314778 0.155464 0.531570 
0.314904 0.143942 0.552266 
0.455048 -0.174461 -0.360005 
0.427802 -0.145257 -0.360907 
0.292750 0.105286 0.411458 
0.278224 0.118861 0.421588 
0.288377 0.113348 0.399981 
0.276837 0.122180 0.420282 
0.298595 0.103491 0.382943 
0.300685 0.098513 0.386535 
0.309064 0.088364 0.399953 
0.322046 0.079092 0.362627 
0.343130 0.061269 0.353114 
0.340081 0.067139 0.347141 
0.379542 0.044099 0.329730 
0.377535 0.041275 0.344516 
0.388997 0.043474 0.380240 
0.364977 0.058839 0.386934 
0.338284 0.080111 0.409459 
0.393434 0.059847 0.412884 
0.321921 0.088328 0.417477 
0.288355 0.109211 0.426942 
0.290835 0.108637 0.429559 
0.298299 0.104975 0.428586 
0.295870 0.107178 0.430266 
0.322093 0.104600 0.440564 
0.307996 0.109134 0.438006 
0.314199 0.118693 0.446361 
0.305079 0.110816 0.439080 
0.336301 0.094928 0.433900 
0.348558 0.085077 0.423913 
0.376257 0.103767 0.456738 
0.407797 0.032394 0.394730 
0.407063 0.063769 0.429779 
0.419110 0.073197 0.464728 
0.407592 0.089639 0.468320 
0.416511 0.092634 0.517743 
0.394932 0.113274 0.483019 
0.398339 0.114200 0.496184 
0.406653 0.106171 0.506937 
0.413157 0.100122 0.517712 
0.408042 0.107829 0.514025 
0.427604 0.071586 0.529647 
0.437638 0.051344 0.527812 
0.394186 0.028956 0.339444 
0.415671 0.004073 0.368360 
0.398181 0.027052 0.362835 
0.383983 0.038112 0.337031 
0.436926 -0.009735 0.425108 
0.435553 0.009537 0.457268 
0.437083 0.043589 0.492656 
0.438755 0.046893 0.538091 
0.419722 0.014461 0.404480 
0.395876 0.047925 0.289695 
0.396449 0.029857 0.327864 
0.364280 0.139723 0.464540 
0.338357 0.129761 0.453061 
0.348678 0.124852 0.457758 
0.324065 0.123625 0.449543 
0.317517 0.116965 0.446260 
0.343797 0.106286 0.447340 
0.347443 0.091053 0.431643 
0.342546 0.087884 0.425496 
0.364932 0.118499 0.461953 
0.367263 0.157368 0.489738 
0.371585 0.153258 0.481737 
0.377622 0.145319 0.494536 
0.380796 0.140753 0.495340 
0.386071 0.136692 0.514316 
0.391503 0.130923 0.508744 
0.398826 0.123171 0.508225 
0.396229 0.123920 0.502173 
0.390296 0.122442 0.496243 
0.389609 0.124941 0.501677 
0.384696 0.121509 0.477760 
0.367809 0.133121 0.467266 
0.422929 -0.155675 -0.129412 
0.427689 -0.175523 -0.166465 
0.426955 -0.139235 -0.084848 
0.428421 -0.129187 -0.054101 
0.424665 -0.113484 -0.042275 
0.425594 -0.107920 -0.025790 
0.442714 -0.150662 -0.061149 
0.447092 -0.176191 -0.115356 
0.445921 -0.017115 0.273115 
0.277954 0.113993 0.442528 
0.280956 0.114281 0.448345 
0.496708 0.106412 -0.541907 
0.498512 0.100783 -0.522893 
0.525141 0.088635 -0.534532 
0.529548 0.048852 -0.426202 
0.542275 0.061243 -0.481604 
0.550880 0.066112 -0.533086 
0.552945 0.051624 -0.484011 
0.565351 0.041990 -0.526823 
0.566830 0.027046 -0.475955 
0.520540 0.030028 -0.376247 
0.559394 0.018840 -0.423860 
0.571455 0.012776 -0.462359 
0.567074 0.007490 -0.422932 
0.575094 -0.006315 -0.416830 
0.574197 0.007486 -0.527356 
0.553500 0.009888 -0.383604 
0.551254 0.006027 -0.364846 
0.573977 -0.011184 -0.335124 
0.568734 -0.004211 -0.367226 
0.589438 -0.029660 -0.333169 
0.590815 -0.030979 -0.284336 
0.601528 -0.066910 -0.333443 
0.597160 -0.042495 -0.281238 
0.569192 -0.011245 -0.278952 
0.601287 -0.087991 -0.242290 
0.601335 -0.068898 -0.236599 
0.600035 -0.090429 -0.229547 
0.595571 -0.054847 -0.188680 
0.603698 -0.072878 -0.259059 
0.593472 -0.039921 -0.208642 
0.573131 -0.003156 -0.168727 
0.580787 -0.016005 -0.231227 
0.577586 -0.019437 -0.149636 
0.560836 0.005409 -0.202034 
0.557681 0.011851 -0.161005 
0.575940 -0.028869 -0.527393 
0.579392 -0.034888 -0.471888 
0.574542 -0.024128 -0.542507 
0.580417 -0.021680 -0.445508 
0.582191 -0.022284 -0.406311 
0.589139 -0.035590 -0.380496 
0.591879 -0.061571 -0.383769 
0.583997 -0.040347 -0.428298 
0.586937 -0.074621 -0.408783 
0.576245 -0.050528 -0.525667 
0.574372 -0.045710 -0.541646 
0.563807 0.044991 -0.541333 
0.549462 0.017419 -0.148080 
0.550085 0.016574 -0.089787 
0.568644 -0.002876 -0.128819 
0.534485 0.026172 -0.102366 
0.527988 0.030026 -0.041728 
0.504109 0.043616 0.029885 
0.489833 0.058899 0.110435 
0.488154 0.063440 0.131983 
0.478646 0.074081 0.169923 
0.491131 0.068132 0.179797 
0.466454 0.102670 0.275661 
0.493971 0.072966 0.223001 
0.495823 0.078783 0.290482 
0.469660 0.112055 0.342375 
0.511106 0.049693 0.235140 
0.504212 0.055124 0.168660 
0.516414 0.039301 0.157836 
0.499183 0.052358 0.095897 
0.508882 0.044456 0.082809 
0.506223 0.044581 0.056546 
0.526697 0.026525 0.061406 
0.526248 0.028999 0.037282 
0.515481 0.037596 0.020015 
0.534570 0.016498 0.052455 
0.540436 0.017943 -0.008395 
0.539235 0.022801 -0.045877 
0.530976 0.016453 0.090778 
0.533011 0.009099 0.096096 
0.548874 -0.017651 0.047185 
0.536404 -0.003885 0.105423 
0.543362 0.002214 0.030164 
0.550342 0.008144 -0.035868 
0.524986 0.020662 0.147883 
0.531864 -0.003029 0.142572 
0.536405 -0.014061 0.130060 
0.531729 -0.012839 0.166109 
0.536783 -0.021822 0.133839 
0.547246 -0.026079 0.083971 
0.560880 -0.038030 0.016245 
0.561671 -0.047369 0.020612 
0.565561 -0.039163 -0.010671 
0.566249 -0.048161 -0.005616 
0.567613 -0.036813 -0.027074 
0.568922 -0.045072 -0.021308 
0.571414 -0.035370 -0.044407 
0.575583 -0.035684 -0.063292 
0.559808 -0.007936 -0.049465 
0.573962 -0.021150 -0.096439 
0.593573 -0.061753 -0.150338 
0.588366 -0.053480 -0.106085 
0.595030 -0.074230 -0.150148 
0.596565 -0.083038 -0.161104 
0.594466 -0.078092 -0.140434 
0.586845 -0.059183 -0.096876 
0.575598 -0.042442 -0.055352 
0.571846 -0.043045 -0.037799 
0.514448 0.042843 0.237532 
0.521697 0.014044 0.245083 
0.512578 0.032218 0.302414 
0.513056 0.023928 0.303468 
0.527646 0.009813 0.193287 
0.527523 0.002618 0.195963 
0.527362 -0.004196 0.198462 
0.449520 0.122918 0.335992 
0.481127 0.095251 0.409545 
0.502826 0.062964 0.321131 
0.507853 0.039028 0.338031 
0.503493 0.049486 0.348705 
0.504335 0.032804 0.363096 
0.496142 0.062759 0.383017 
0.494933 0.057546 0.418008 
0.442720 0.125185 0.333798 
0.434699 0.130849 0.342954 
0.433409 0.134309 0.353371 
0.443625 0.135935 0.376221 
0.423393 0.163485 0.412218 
0.416349 0.187234 0.474834 
0.414460 0.189434 0.494973 
0.425133 0.173371 0.496147 
0.419569 0.180126 0.502066 
0.438620 0.157082 0.454865 
0.454478 0.144913 0.489165 
0.448382 0.141031 0.416658 
0.442825 0.153192 0.475569 
0.446820 0.154192 0.506232 
0.433792 0.160885 0.491566 
0.432977 0.161643 0.510403 
0.426341 0.166044 0.507196 
0.424277 0.163285 0.520403 
0.436279 0.161129 0.520249 
0.450456 0.143858 0.529933 
0.442643 0.147825 0.537294 
0.454247 0.143722 0.520318 
0.464613 0.125888 0.448895 
0.468923 0.113227 0.378486 
0.459172 0.134220 0.502202 
0.460900 0.133525 0.484076 
0.462631 0.128726 0.477201 
0.469318 0.111574 0.472214 
0.460943 0.127071 0.494146 
0.463017 0.117154 0.492613 
0.459741 0.114944 0.509065 
0.451275 0.110555 0.545623 
0.468377 0.099523 0.542780 
0.469021 0.108662 0.513242 
0.471502 0.095641 0.543219 
0.477351 0.098084 0.507110 
0.486753 0.081986 0.452296 
0.484244 0.077956 0.498881 
0.481426 0.083975 0.517093 
0.492500 0.066921 0.417136 
0.491807 0.062680 0.448876 
0.496536 0.048804 0.436170 
0.496848 0.040639 0.475569 
0.494701 0.041236 0.514073 
0.496062 0.030068 0.499137 
0.488645 0.053359 0.523586 
0.489674 0.057115 0.498147 
0.493032 0.040786 0.522381 
0.494633 0.030941 0.513725 
0.484061 0.068671 0.497493 
0.481251 0.064994 0.514259 
0.485752 0.051793 0.533599 
0.481563 0.060765 0.523513 
0.478869 0.064279 0.523272 
0.479365 0.059638 0.533475 
0.418369 0.145277 0.367003 
0.422695 0.153395 0.541167 
0.420372 0.158851 0.535325 
0.420261 0.165195 0.518875 
0.422785 0.166575 0.513719 
0.423440 0.170502 0.505750 
0.421644 0.174698 0.504454 
0.407426 0.189148 0.511588 
0.415511 0.181496 0.509468 
0.394948 0.187929 0.521406 
0.391898 0.187230 0.523579 
0.383833 0.188816 0.525084 
0.340311 0.178932 0.550132 
0.357382 0.182091 0.540047 
0.320756 0.175485 0.565752 
0.342256 0.175946 0.553074 
0.463339 0.098889 0.551723 
0.445081 0.104366 0.558478 
0.441980 0.106423 0.555328 
0.455256 0.113618 0.527885 
0.439598 0.111649 0.545518 
0.462076 0.128189 0.486020 
0.459637 0.128355 0.502367 
0.457658 0.135463 0.511890 
0.454334 0.139538 0.520757 
0.499836 0.038116 0.410131 
0.498352 0.047265 0.408575 
0.490137 0.074677 0.403308 
0.504710 0.024331 0.362504 
0.507572 0.029954 0.338543 
0.385884 0.186557 0.529397 
0.393529 0.184117 0.526112 
0.408399 0.185422 0.514087 
0.578873 -0.056665 -0.059547 
0.574173 -0.065657 -0.038252 
0.572283 -0.074353 -0.034283 
0.562142 -0.061518 0.012823 
0.530350 -0.019791 0.169220 
0.540084 -0.034165 0.121912 
0.389510 0.084491 0.286118 
0.369190 0.085167 0.308737 
0.339583 0.101334 0.333406 
0.316420 0.115201 0.355407 
0.353933 0.076254 0.321912 
0.385605 0.063525 0.296853 
0.317962 0.090883 0.354669 
0.375236 0.049653 0.323054 
0.389041 0.047850 0.305714 
0.487078 0.043098 0.542846 
0.473221 0.050420 0.559427 
0.475827 0.035946 0.564434 
0.464416 0.041556 0.571261 
0.452501 0.050119 0.563680 
0.433403 0.035188 0.567966 
0.423223 0.028111 0.569030 
0.394514 0.030695 0.555152 
0.389836 0.013509 0.562413 
0.409119 0.028647 0.569590 
0.386009 0.020247 0.545652 
0.392880 0.026420 0.541196 
0.397547 0.022686 0.529455 
0.388917 0.015524 0.526080 
0.354040 0.028535 0.448418 
0.352513 0.020866 0.446827 
0.352409 0.024337 0.448445 
0.350095 0.017196 0.449132 
0.349188 0.013166 0.448758 
0.344712 0.011812 0.451143 
0.345435 0.009582 0.454353 
0.341301 0.011198 0.456027 
0.341444 0.011703 0.461056 
0.338294 0.016997 0.469235 
0.337271 0.020354 0.472267 
0.338247 0.014605 0.472377 
0.335825 0.027651 0.477553 
0.333704 0.024079 0.476839 
0.333145 0.032231 0.478442 
0.336143 0.034481 0.476214 
0.347591 0.039447 0.463054 
0.339727 0.040037 0.472804 
0.345293 0.044722 0.471299 
0.351196 0.040182 0.458354 
0.352115 0.034685 0.454236 
0.337726 0.050619 0.481948 
0.325766 0.038416 0.498263 
0.330459 0.025281 0.496597 
0.328627 0.031220 0.512469 
0.327410 0.045282 0.524273 
0.340374 0.076800 0.545882 
0.340239 0.065050 0.514911 
0.334059 0.072716 0.547845 
0.329789 0.053309 0.507310 
0.442168 0.058315 0.557152 
0.449171 0.062909 0.560273 
0.453114 0.061472 0.558129 
0.453195 0.055233 0.557753 
0.464614 0.058153 0.553172 
0.459939 0.068764 0.556430 
0.467037 0.067737 0.549750 
0.456553 0.084420 0.563850 
0.473161 0.086655 0.543714 
0.450996 0.070089 0.563939 
0.451257 0.066756 0.561811 
0.478265 0.070737 0.523496 
0.475206 0.066188 0.532124 
0.444076 0.092549 0.568868 
0.428845 0.104387 0.559804 
0.419111 0.090173 0.570842 
0.417830 0.067986 0.573001 
0.437412 0.071714 0.569472 
0.388130 0.059107 0.576712 
0.387987 0.076740 0.577681 
0.388484 0.092613 0.566346 
0.413162 0.099140 0.562254 
0.411265 0.100532 0.558687 
0.387869 0.094202 0.562786 
0.375880 0.091478 0.566364 
0.371073 0.088452 0.572126 
0.347937 0.083422 0.571417 
0.358907 0.081342 0.578518 
0.343856 0.072680 0.578216 
0.369470 0.071207 0.583496 
0.345718 0.050018 0.577828 
0.367518 0.055142 0.580443 
0.329949 0.056329 0.564723 
0.340111 0.080428 0.564872 
0.327621 0.049068 0.545394 
0.329079 0.037385 0.524162 
0.331469 0.043203 0.559003 
0.336367 0.046308 0.569765 
0.340408 0.078686 0.552835 
0.437011 0.067438 0.567649 
0.386933 -0.000400 0.519772 
0.386167 0.002626 0.510945 
0.391667 0.001514 0.494936 
0.395535 0.018829 0.522208 
0.400945 0.003640 0.489820 
0.401483 -0.005175 0.477629 
0.423979 0.039344 0.559765 
0.417940 0.038011 0.558136 
0.417390 0.035647 0.561812 
0.410003 0.034840 0.560520 
0.406528 -0.004794 0.474955 
0.403716 -0.012386 0.471958 
0.411276 -0.012870 0.469071 
0.411455 -0.018651 0.469654 
0.412144 -0.009555 0.468971 
0.411170 -0.007134 0.470831 
0.320985 0.138130 0.444630 
0.320270 0.126092 0.448757 
0.315626 0.148257 0.445222 
0.317075 0.143346 0.448547 
0.309554 0.146666 0.467486 
0.312378 0.131962 0.455796 
0.311392 0.150884 0.457100 
0.304835 0.141993 0.478650 
0.307001 0.135013 0.470812 
0.300881 0.158618 0.478381 
0.300140 0.140888 0.488669 
0.280005 0.155811 0.511754 
0.279727 0.140215 0.508316 
0.298749 0.136791 0.487086 
0.273271 0.163974 0.510280 
0.282378 0.162098 0.502078 
0.308846 0.120016 0.448488 
0.365685 0.107702 0.526326 
0.367338 0.137679 0.518212 
0.356145 0.117839 0.521346 
0.355782 0.102701 0.532768 
0.344996 0.108633 0.534217 
0.346475 0.105007 0.536582 
0.333756 0.117699 0.535761 
0.329542 0.125667 0.539225 
0.332008 0.131092 0.536343 
0.330457 0.127692 0.542488 
0.331800 0.117118 0.541683 
0.333884 0.123219 0.540780 
0.341142 0.105784 0.533787 
0.336620 0.121019 0.534858 
0.337167 0.114001 0.541722 
0.335489 0.107365 0.545518 
0.333965 0.113236 0.543780 
0.332388 0.100510 0.549691 
0.332452 0.105201 0.546050 
0.332222 0.101704 0.548180 
0.334067 0.108845 0.540835 
0.330977 0.096749 0.552099 
0.330458 0.092404 0.551441 
0.328609 0.093610 0.554760 
0.328148 0.089815 0.550864 
0.334640 0.086047 0.528206 
0.329369 0.079527 0.517753 
0.341136 0.109634 0.516212 
0.343374 0.100651 0.521600 
0.334017 0.087709 0.484218 
0.334207 0.101188 0.491614 
0.332689 0.086732 0.504887 
0.339025 0.098460 0.504904 
0.333052 0.107065 0.491957 
0.331085 0.101244 0.476221 
0.336976 0.086627 0.462626 
0.322694 0.073413 0.491379 
0.345181 0.133818 0.525450 
0.334361 0.076296 0.482742 
0.330523 0.059050 0.463462 
0.338504 0.070119 0.452106 
0.335466 0.076957 0.437504 
0.336091 0.089568 0.453732 
0.334401 0.064668 0.438197 
0.324042 0.052100 0.443657 
0.332289 0.064898 0.434641 
0.330239 0.060844 0.435803 
0.336678 0.097263 0.550848 
0.342351 0.100590 0.544023 
0.340430 0.098483 0.548202 
0.355501 0.097915 0.539844 
0.350003 0.099811 0.540952 
0.385894 0.105418 0.528110 
0.321257 0.076701 0.500418 
0.389740 0.104377 0.537489 
0.364441 0.097960 0.550180 
0.348772 0.097763 0.544984 
0.344572 0.098686 0.545999 
0.333559 0.093889 0.560490 
0.333716 0.097616 0.566501 
0.361376 0.110254 0.563280 
0.360480 0.113257 0.564573 
0.345747 0.109932 0.568925 
0.376722 0.116630 0.560706 
0.414142 0.110249 0.544945 
0.406392 0.120980 0.552645 
0.407473 0.103914 0.539269 
0.397070 0.109409 0.545615 
0.305486 0.093031 0.531919 
0.318122 0.086122 0.546912 
0.306855 0.097021 0.549126 
0.322466 0.090200 0.559519 
0.310341 0.074859 0.501941 
0.307624 0.069906 0.489338 
0.315870 0.055401 0.459344 
0.304468 0.083915 0.510433 
0.302213 0.078835 0.496781 
0.311350 0.099823 0.561206 
0.321810 0.103572 0.568766 
0.305881 0.065132 0.457660 
0.308453 0.061642 0.450231 
0.310430 0.058450 0.444325 
0.313274 0.055872 0.435585 
0.315027 0.058652 0.433055 
0.319890 0.054625 0.433718 
0.418584 0.115412 0.548132 
0.413811 0.120225 0.551551 
0.418373 0.137318 0.552309 
0.413329 0.155355 0.540797 
0.361124 0.128229 0.562786 
0.391081 0.148374 0.544460 
0.389765 0.150272 0.540822 
0.354422 0.141499 0.550125 
0.381871 0.126606 0.559917 
0.332971 0.119809 0.572495 
0.336443 0.136315 0.561981 
0.354187 0.139153 0.554386 
0.305301 0.107720 0.551929 
0.316502 0.116676 0.567675 
0.316010 0.130939 0.554756 
0.314317 0.126929 0.543301 
0.313953 0.118732 0.526133 
0.303254 0.101339 0.493903 
0.306283 0.108215 0.531116 
0.299918 0.088994 0.498085 
0.302143 0.096166 0.478512 
0.314614 0.116245 0.511581 
0.312285 0.105961 0.477690 
0.318460 0.125613 0.535508 
0.319507 0.124872 0.527149 
0.315638 0.098696 0.462098 
0.310963 0.090532 0.457605 
0.305127 0.081548 0.462519 
0.303808 0.072980 0.460692 
0.307211 0.072493 0.458881 
0.307535 0.068675 0.455689 
0.308248 0.083523 0.459812 
0.305957 0.076969 0.460826 
0.313720 0.088354 0.456437 
0.319847 0.089117 0.445285 
0.326339 0.133760 0.563316 
0.346721 0.139879 0.553805 
0.411148 0.103414 0.539993 
0.423476 0.109714 0.547360 
0.425895 0.113464 0.546782 
0.429201 0.109876 0.548669 
0.425062 0.123377 0.550391 
0.437917 0.128731 0.546439 
0.442308 0.116994 0.541029 
0.453372 0.120018 0.527300 
0.311808 0.058154 0.439131 
0.318889 0.064004 0.429242 
0.317451 0.059873 0.429364 
0.321859 0.067175 0.426326 
0.324215 0.074984 0.428223 
0.322193 0.070842 0.428396 
0.323317 0.081734 0.434535 
0.321703 0.076864 0.429143 
0.322121 0.083595 0.437778 
0.397973 0.155915 0.532149 
0.351796 0.144066 0.537253 
0.325092 0.137131 0.548426 
0.321860 0.131815 0.547337 
0.331224 0.128296 0.540442 
0.326777 0.131687 0.544355 
0.335342 0.119266 0.517184 
0.325517 0.109698 0.483214 
0.392351 0.153044 0.523848 
0.397239 0.156674 0.526387 
0.385343 0.149501 0.523431 
0.369883 0.147135 0.528753 
0.331263 0.073463 0.430516 
0.398277 0.159743 0.526793 
0.403907 0.159878 0.527525 
0.407832 0.162681 0.525098 
0.384012 0.163924 0.533775 
0.381636 0.161068 0.533024 
0.361097 0.160172 0.547773 
0.362168 0.163770 0.549053 
0.343297 0.171922 0.556751 
0.343035 0.160810 0.559280 
0.391473 0.172910 0.531736 
0.382644 0.152984 0.525956 
0.379506 0.153514 0.527894 
0.297275 0.166268 0.568823 
0.318877 0.170994 0.570454 
0.300919 0.148353 0.571523 
0.323687 0.155489 0.570219 
0.405115 0.170050 0.524367 
0.411864 0.176551 0.517630 
0.326661 0.060676 0.430162 
0.311197 0.086935 0.459607 
0.307770 0.080554 0.462220 
0.306071 0.071284 0.456025 
0.306498 0.064265 0.445639 
0.313530 0.086028 0.444270 
0.319281 0.066854 0.427031 
0.315975 0.060437 0.429992 
0.309197 0.062653 0.436024 
0.305617 0.075478 0.451006 
0.345288 0.036564 0.459364 
0.351551 0.029869 0.449281 
0.341744 0.030633 0.457418 
0.334256 0.020748 0.468177 
0.336180 0.031451 0.478456 
0.349406 0.020589 0.447528 
0.356883 0.028229 0.449053 
0.365554 0.032027 0.460737 
0.362162 0.027643 0.453441 
0.356580 0.050907 0.496860 
0.360708 0.047429 0.486289 
0.350240 0.052410 0.484146 
0.371951 0.085119 0.542967 
0.379329 0.093197 0.549196 
0.405417 0.100511 0.546536 
0.394339 0.089633 0.538761 
0.397080 0.098447 0.551565 
0.406672 0.101605 0.549317 
0.407905 0.100680 0.543184 
0.416376 0.106107 0.546403 
0.405980 0.090679 0.534635 
0.354916 0.089037 0.565398 
0.347693 0.084084 0.557178 
0.364501 0.085232 0.546268 
0.353775 0.079758 0.551108 
0.351406 0.078337 0.552605 
0.349425 0.079368 0.549252 
0.349158 0.071041 0.526791 
0.353877 0.074386 0.540755 
0.355646 0.068775 0.527137 
0.349917 0.064053 0.509118 
0.361971 0.058288 0.522304 
0.359525 0.067957 0.544128 
0.362047 0.080516 0.546914 
0.353132 0.006210 0.460090 
0.343326 0.009151 0.474191 
0.357076 0.007492 0.466047 
0.357075 0.018377 0.492375 
0.355937 0.007920 0.456660 
0.348438 0.027014 0.509377 
0.339601 0.019505 0.499060 
0.337068 0.016379 0.484532 
0.371302 0.045222 0.570087 
0.409350 0.051377 0.559786 
0.388813 0.054218 0.572696 
0.389834 0.050015 0.550082 
0.373528 0.050137 0.556980 
0.411267 0.059943 0.569580 
0.434099 0.055714 0.555261 
0.421471 0.056018 0.543135 
0.351680 0.043629 0.574261 
0.345817 0.037234 0.560259 
0.336156 0.033587 0.538736 
0.352623 0.033527 0.541521 
0.342525 0.026792 0.519517 
0.350118 0.030337 0.527453 
0.349083 0.030041 0.520085 
0.333661 0.025003 0.510276 
0.354172 0.044923 0.563894 
0.351336 0.042700 0.564416 
0.351295 0.041758 0.561187 
0.357336 0.019554 0.448077 
0.363933 0.023605 0.454867 
0.367376 0.021860 0.471368 
0.358515 0.032935 0.503248 
0.358930 0.045026 0.511538 
0.360204 0.044189 0.521908 
0.356040 0.034750 0.530271 
0.349836 0.030540 0.516165 
0.363613 0.050147 0.537528 
0.357678 0.048068 0.555882 
0.361907 0.061841 0.544658 
0.385175 0.081938 0.538400 
0.402988 0.060577 0.538400 
0.367713 0.060026 0.548033 
0.369285 0.076826 0.540977 
0.356982 0.069087 0.548532 
0.355729 0.061355 0.552002 
0.355250 0.066338 0.550995 
0.356490 0.052527 0.557083 
0.356097 0.048444 0.560317 
0.356692 0.067068 0.552518 
0.359096 0.067591 0.549394 
0.355341 0.060203 0.553302 
0.356820 0.054241 0.556109 
0.355457 0.055699 0.555116 
0.355703 0.051355 0.558501 
0.360559 0.060651 0.550926 
0.441074 0.047424 0.549422 
0.414501 0.038735 0.551750 
0.435578 0.042117 0.543684 
0.427746 0.033433 0.536786 
0.403756 0.034652 0.551196 
0.395359 0.029929 0.549168 
0.399807 0.030229 0.546534 
0.401295 0.028632 0.544497 
0.404655 0.026843 0.542499 
0.405746 0.023961 0.543854 
0.413722 0.016313 0.529682 
0.405404 0.014615 0.512332 
0.411950 0.004933 0.497934 
0.412955 0.010760 0.519364 
0.412116 0.006400 0.511297 
0.410687 -0.000226 0.480572 
0.420819 -0.007329 0.480646 
0.416870 0.000097 0.502333 
0.420822 -0.004810 0.489939 
0.419022 -0.008040 0.474885 
0.444529 0.036161 0.539969 
0.429748 0.024042 0.534087 
0.427474 0.010376 0.538733 
0.412779 0.021686 0.539179 
0.409127 0.007511 0.546971 
0.406780 0.018190 0.542995 
0.406709 0.022919 0.541621 
0.408192 0.013477 0.546254 
0.412867 0.012644 0.541321 
0.409434 0.008703 0.547687 
0.407306 0.000916 0.550238 
0.407573 0.004086 0.549778 
0.412674 -0.005491 0.532264 
0.409758 -0.008073 0.520924 
0.413850 -0.006927 0.512829 
0.420124 -0.013524 0.499737 
0.422586 -0.013575 0.487176 
0.418640 -0.018172 0.472771 
0.412870 -0.015757 0.467561 
0.269515 0.113355 0.462791 
0.277871 0.121687 0.472522 
0.275402 0.113895 0.472940 
0.269615 0.104671 0.475544 
0.276854 0.114291 0.476734 
0.272214 0.106761 0.482458 
0.278851 0.122810 0.495547 
0.274903 0.114478 0.501635 
0.270282 0.132218 0.515067 
0.268845 0.130191 0.519039 
0.274542 0.133655 0.501671 
0.265795 0.142513 0.513991 
0.268402 0.141864 0.514362 
0.305713 0.150009 0.532321 
0.294438 0.139947 0.526608 
0.283605 0.143837 0.516573 
0.281612 0.125910 0.534813 
0.291677 0.129809 0.538557 
0.273456 0.131432 0.520608 
0.267305 0.122692 0.529115 
0.320484 0.162090 0.520485 
0.310857 0.151010 0.540525 
0.306123 0.137832 0.549459 
0.310147 0.153702 0.538219 
0.311688 0.145617 0.547366 
0.308037 0.159709 0.535877 
0.374028 0.159789 0.538763 
0.345352 0.147780 0.551102 
0.358136 0.145318 0.533783 
0.326205 0.143735 0.558362 
0.294966 0.140029 0.564062 
0.283604 0.125939 0.540948 
0.276647 0.133364 0.552082 
0.309792 0.141842 0.566137 
0.281851 0.120774 0.481365 
0.272236 0.118268 0.463269 
0.290589 0.117106 0.457480 
0.296871 0.110835 0.440100 
0.308099 0.156206 0.445458 
0.268291 0.157635 0.477483 
-0.522082 -0.033308 -0.573835 
-0.517834 -0.042624 -0.581345 
-0.530842 -0.043197 -0.541787 
-0.517052 -0.056127 -0.570960 
-0.539615 -0.061655 -0.497905 
-0.547454 -0.079555 -0.461001 
-0.555527 -0.083443 -0.429985 
-0.549808 -0.072015 -0.455465 
-0.562660 -0.097973 -0.392049 
-0.560909 -0.082049 -0.410710 
-0.565174 -0.128045 -0.332464 
-0.582320 -0.086909 -0.329705 
-0.564094 -0.076227 -0.403642 
-0.575184 -0.062598 -0.378220 
-0.567844 -0.060445 -0.400969 
-0.582365 -0.065319 -0.355207 
-0.587541 -0.068598 -0.332057 
-0.591461 -0.071768 -0.308327 
-0.586046 -0.096149 -0.296867 
-0.593980 -0.072921 -0.284906 
-0.593565 -0.067987 -0.297498 
-0.594564 -0.076646 -0.272739 
-0.590156 -0.065500 -0.321351 
-0.552021 -0.102340 -0.428360 
-0.514534 -0.069870 -0.558534 
-0.509968 -0.064808 -0.576279 
-0.500479 -0.086409 -0.566039 
-0.531412 -0.116049 -0.453565 
-0.551538 -0.132553 -0.365792 
-0.537719 -0.140033 -0.384572 
-0.534726 -0.165814 -0.335119 
-0.510747 -0.157037 -0.389806 
-0.495772 -0.143173 -0.441366 
-0.494626 -0.155472 -0.405288 
-0.469892 -0.146603 -0.453057 
-0.478219 -0.155960 -0.415127 
-0.487355 -0.145171 -0.441995 
-0.460372 -0.130605 -0.518342 
-0.462772 -0.117242 -0.556319 
-0.488927 -0.119993 -0.515561 
-0.479613 -0.104408 -0.568697 
-0.461689 -0.113310 -0.568378 
-0.409350 -0.133458 -0.518055 
-0.434781 -0.146437 -0.453018 
-0.423725 -0.138115 -0.502645 
-0.406338 -0.129357 -0.549778 
-0.401742 -0.130288 -0.517112 
-0.390705 -0.124059 -0.550249 
-0.449088 -0.145054 -0.475449 
-0.433780 -0.129159 -0.545408 
-0.431862 -0.125988 -0.558940 
-0.460210 -0.160122 -0.403836 
-0.446269 -0.155172 -0.409455 
-0.462189 -0.176546 -0.345029 
-0.484313 -0.177318 -0.354396 
-0.449134 -0.163402 -0.371066 
-0.510508 -0.168878 -0.363227 
-0.525258 -0.187602 -0.294455 
-0.541077 -0.180834 -0.270063 
-0.555733 -0.161113 -0.302399 
-0.576615 -0.130744 -0.276205 
-0.576538 -0.134565 -0.180822 
-0.596020 -0.094869 -0.202719 
-0.581971 -0.119348 -0.170638 
-0.599237 -0.071369 -0.131341 
-0.572360 -0.125194 -0.125079 
-0.601038 -0.066721 -0.156122 
-0.600282 -0.076820 -0.186582 
-0.602508 -0.061474 -0.163777 
-0.602756 -0.059016 -0.143983 
-0.601734 -0.069836 -0.204554 
-0.599567 -0.077595 -0.216209 
-0.596945 -0.085530 -0.228206 
-0.596244 -0.081304 -0.249350 
-0.598213 -0.073186 -0.237248 
-0.585461 -0.062108 -0.345153 
-0.579039 -0.059239 -0.368906 
-0.572802 -0.056246 -0.392679 
-0.564147 -0.065204 -0.409228 
-0.560875 -0.070599 -0.416766 
-0.560629 -0.059289 -0.422947 
-0.563768 -0.054533 -0.415167 
-0.558048 -0.076712 -0.423678 
-0.598477 -0.071017 -0.114017 
-0.596599 -0.072216 -0.098005 
-0.599552 -0.063996 -0.102233 
-0.594530 -0.068537 -0.071744 
-0.597599 -0.059248 -0.075425 
-0.600510 -0.063712 -0.119072 
-0.576285 -0.102434 -0.063749 
-0.559456 -0.148107 -0.158116 
-0.558388 -0.140156 -0.123742 
-0.542371 -0.149937 -0.123558 
-0.548387 -0.149785 -0.134251 
-0.537814 -0.158800 -0.143788 
-0.532515 -0.153372 -0.123598 
-0.558908 -0.130819 -0.088332 
-0.541348 -0.121283 -0.034134 
-0.562053 -0.125112 -0.075573 
-0.568438 -0.106251 -0.038169 
-0.533582 -0.137603 -0.074163 
-0.513313 -0.136326 -0.056710 
-0.509453 -0.158658 -0.122851 
-0.479531 -0.148847 -0.096386 
-0.491996 -0.128094 -0.040869 
-0.475387 -0.172732 -0.164428 
-0.493323 -0.181870 -0.181096 
-0.543733 -0.167318 -0.191829 
-0.558166 -0.166646 -0.249521 
-0.552761 -0.166780 -0.221678 
-0.529670 -0.187025 -0.249771 
-0.517970 -0.192323 -0.275722 
-0.501529 -0.197024 -0.248403 
-0.496180 -0.196153 -0.287006 
-0.468609 -0.186387 -0.312889 
-0.470276 -0.191385 -0.279560 
-0.460661 -0.182758 -0.305847 
-0.475897 -0.192939 -0.246472 
-0.464723 -0.188111 -0.271491 
-0.473205 -0.189514 -0.233832 
-0.483829 -0.189702 -0.216333 
-0.513392 -0.180891 -0.192287 
-0.594627 -0.056319 -0.048787 
-0.591207 -0.065662 -0.045496 
-0.591993 -0.054590 -0.023693 
-0.591642 -0.053768 0.002291 
-0.593217 -0.044384 -0.001092 
-0.587764 -0.052436 0.030665 
-0.590615 -0.043844 0.027202 
-0.581269 -0.039038 0.089952 
-0.583814 -0.026880 0.101890 
-0.582438 -0.016399 0.133512 
-0.578794 -0.017518 0.151976 
-0.584500 -0.009868 0.130359 
-0.584420 0.003676 0.177557 
-0.567954 -0.011734 0.213841 
-0.569381 -0.024317 0.171613 
-0.562991 -0.024485 0.187370 
-0.555824 -0.023343 0.202090 
-0.572652 -0.068101 0.052673 
-0.558011 -0.054512 0.117466 
-0.557726 -0.042945 0.147167 
-0.548781 -0.068821 0.090548 
-0.565678 -0.084541 0.027918 
-0.578455 -0.061867 0.049854 
-0.578871 -0.077921 0.010713 
-0.517952 -0.124608 -0.029567 
-0.547172 -0.085612 0.047439 
-0.511053 -0.105223 0.014214 
-0.463174 -0.168815 -0.165237 
-0.467255 -0.175166 -0.179328 
-0.472944 -0.179097 -0.183158 
-0.467460 -0.183440 -0.210156 
-0.457298 -0.182353 -0.232146 
-0.466123 -0.187876 -0.248736 
-0.463412 -0.180781 -0.205510 
-0.535766 -0.093403 0.036809 
-0.537356 -0.081848 0.064902 
-0.525373 -0.088112 0.053732 
-0.517374 -0.075749 0.082570 
-0.538123 -0.077017 0.079399 
-0.549810 -0.051348 0.134634 
-0.523505 -0.044041 0.151686 
-0.532827 -0.034804 0.178697 
-0.541018 -0.030758 0.191020 
-0.532310 -0.013788 0.231302 
-0.549079 -0.030243 0.189954 
-0.548218 -0.020817 0.216404 
-0.540410 -0.015790 0.230650 
-0.548480 -0.007447 0.256658 
-0.535006 -0.001621 0.269108 
-0.544184 -0.001296 0.289063 
-0.562211 -0.004907 0.256243 
-0.586654 0.026453 0.253148 
-0.585576 0.010569 0.175107 
-0.514648 -0.087306 0.055805 
-0.507461 -0.073169 0.082211 
-0.524158 -0.031752 0.179051 
-0.455358 -0.175260 -0.337880 
-0.592577 0.033265 0.489744 
-0.597095 0.047383 0.513609 
-0.599068 0.045712 0.475360 
-0.594656 0.032865 0.443049 
-0.592697 0.035856 0.412405 
-0.587562 0.022156 0.390239 
-0.587263 0.015721 0.427886 
-0.589391 0.030309 0.386369 
-0.588941 0.035654 0.372431 
-0.590570 0.039020 0.381755 
-0.578693 0.005688 0.386262 
-0.564862 0.001593 0.422913 
-0.581625 0.016293 0.454059 
-0.581660 0.035570 0.528926 
-0.581137 0.029668 0.501628 
-0.570353 0.028167 0.492504 
-0.593540 0.050212 0.531425 
-0.598254 0.051888 0.515191 
-0.583884 0.048728 0.544830 
-0.575112 0.038286 0.542478 
-0.567873 0.044505 0.550824 
-0.551082 0.033372 0.548313 
-0.549583 0.038299 0.551894 
-0.543644 0.038814 0.553603 
-0.535958 0.035452 0.554527 
-0.518668 0.034036 0.557926 
-0.532006 0.029037 0.552155 
-0.549356 0.026856 0.535983 
-0.528943 0.022707 0.543537 
-0.519342 0.024023 0.551385 
-0.537964 0.026277 0.529211 
-0.570150 0.032228 0.533341 
-0.569828 0.033855 0.525901 
-0.562657 0.035256 0.523960 
-0.563711 0.037771 0.520198 
-0.567535 0.034993 0.520723 
-0.574296 0.031372 0.513016 
-0.560142 0.012630 0.449527 
-0.545971 -0.001241 0.403808 
-0.567147 0.021039 0.469017 
-0.537107 -0.002213 0.356960 
-0.529550 0.001310 0.356141 
-0.539407 -0.003002 0.384750 
-0.548229 -0.006815 0.348342 
-0.558570 -0.006946 0.358600 
-0.563534 -0.001836 0.337008 
-0.560701 0.001065 0.306679 
-0.550957 -0.003582 0.317182 
-0.530085 0.001904 0.289661 
-0.537429 -0.003110 0.337943 
-0.529809 0.000923 0.337526 
-0.521752 0.006167 0.289956 
-0.581917 0.024422 0.310275 
-0.587909 0.036155 0.357373 
-0.589543 0.044816 0.365073 
-0.581377 0.015814 0.352888 
-0.585887 0.034809 0.302153 
-0.526779 0.001619 0.269582 
-0.506228 0.015346 0.537371 
-0.512947 0.018449 0.545270 
-0.516336 0.018976 0.537869 
-0.517818 0.018279 0.533694 
-0.516925 0.020351 0.541744 
-0.522052 0.022563 0.539850 
-0.508749 0.021884 0.549545 
-0.499062 0.022326 0.542005 
-0.500818 0.026902 0.547783 
-0.506083 0.000043 0.489598 
-0.502585 0.008859 0.513695 
-0.512262 0.005784 0.501437 
-0.513564 0.009418 0.512462 
-0.515627 0.011121 0.517949 
-0.494649 0.018859 0.516918 
-0.492543 0.015739 0.500553 
-0.492881 0.012724 0.497224 
-0.516484 0.003569 0.492272 
-0.515571 0.005783 0.495845 
-0.518703 -0.003395 0.475293 
-0.508314 -0.004321 0.463661 
-0.500284 0.003613 0.481820 
-0.517455 -0.004158 0.465425 
-0.509267 -0.000383 0.458017 
-0.503612 -0.001984 0.464230 
-0.498191 0.006811 0.480586 
-0.567246 0.029852 0.493398 
-0.400079 0.114185 -0.490973 
-0.378213 0.126596 -0.544235 
-0.403379 0.134087 -0.542590 
-0.375752 0.101281 -0.494095 
-0.422797 0.122830 -0.505013 
-0.412166 0.139443 -0.560014 
-0.435548 0.120436 -0.503051 
-0.438016 0.114301 -0.484629 
-0.424672 0.137746 -0.559026 
-0.448101 0.116239 -0.500637 
-0.454090 0.089716 -0.426859 
-0.358240 0.103283 -0.529957 
-0.355063 0.109448 -0.547079 
-0.372302 0.076686 -0.459380 
-0.340621 0.078251 -0.534058 
-0.419243 0.096340 -0.435481 
-0.427512 0.110833 -0.468970 
-0.427737 0.066861 -0.381660 
-0.401433 0.077728 -0.420621 
-0.443811 0.085978 -0.412989 
-0.446324 0.066913 -0.378313 
-0.408987 0.039365 -0.368540 
-0.437214 0.029248 -0.338843 
-0.465687 0.066069 -0.387295 
-0.475228 0.049438 -0.368347 
-0.474982 0.059468 -0.384969 
-0.464708 0.082856 -0.423518 
-0.484516 0.034610 -0.351846 
-0.454552 0.043425 -0.351931 
-0.483722 0.044275 -0.368564 
-0.485427 0.023854 -0.333264 
-0.498296 0.034307 -0.365981 
-0.501537 0.027581 -0.352866 
-0.511750 0.031756 -0.371778 
-0.521767 0.023852 -0.350175 
-0.506785 0.018510 -0.320552 
-0.530074 0.018519 -0.318793 
-0.534630 0.018919 -0.328459 
-0.507207 0.012424 -0.282982 
-0.478783 0.008540 -0.303324 
-0.445267 -0.022494 -0.275082 
-0.462707 0.006930 -0.307545 
-0.447782 -0.002678 -0.305194 
-0.469138 -0.006871 -0.260000 
-0.510019 0.020100 -0.251545 
-0.537361 0.016278 -0.287845 
-0.541253 0.023404 -0.257654 
-0.542737 0.015066 -0.297027 
-0.548006 0.019041 -0.267112 
-0.515341 0.040073 -0.190044 
-0.543806 0.034418 -0.217470 
-0.550914 0.030014 -0.230702 
-0.537496 0.047627 -0.154490 
-0.528585 0.051030 -0.135062 
-0.523221 0.049426 -0.153251 
-0.493371 0.042626 -0.121187 
-0.517867 0.053537 -0.111720 
-0.540881 0.041294 -0.187149 
-0.548401 0.036573 -0.202521 
-0.545976 0.043709 -0.172098 
-0.543498 0.048672 -0.139988 
-0.535483 0.051785 -0.119995 
-0.543381 0.052089 -0.107030 
-0.532287 0.058127 -0.066263 
-0.506733 0.062982 -0.012716 
-0.540529 0.057017 -0.056737 
-0.521207 0.069728 0.017518 
-0.529781 0.070538 0.022915 
-0.528338 0.077998 0.064514 
-0.522689 0.086055 0.103378 
-0.498128 0.069251 0.047576 
-0.530283 0.085784 0.107989 
-0.518798 0.097884 0.143465 
-0.526526 0.096625 0.147499 
-0.512792 0.115933 0.200043 
-0.520385 0.102759 0.165027 
-0.521201 0.114320 0.203338 
-0.482788 0.066288 0.088758 
-0.486308 0.060211 0.043593 
-0.481964 0.059785 0.065557 
-0.497354 0.090104 0.136460 
-0.480759 0.067084 0.113495 
-0.482810 0.120429 0.244563 
-0.505111 0.136495 0.277595 
-0.477861 0.083800 0.177856 
-0.472693 0.112064 0.256744 
-0.475258 0.077050 0.178145 
-0.473438 0.048535 0.093981 
-0.475967 0.054825 0.091769 
-0.478864 0.060845 0.089827 
-0.477953 0.054245 0.066843 
-0.474262 0.038418 0.025929 
-0.472505 0.041931 0.071283 
-0.471971 0.036275 0.049478 
-0.471502 0.031489 0.028465 
-0.467768 0.019716 0.010145 
-0.477727 0.044668 0.023598 
-0.492166 0.058019 0.002812 
-0.475075 0.032087 -0.054399 
-0.475011 0.021699 -0.143398 
-0.489127 0.018589 -0.216899 
-0.352120 0.058098 -0.480351 
-0.389034 0.031741 -0.389466 
-0.368816 0.035748 -0.427011 
-0.384337 0.020940 -0.392524 
-0.405406 0.013717 -0.359557 
-0.427872 -0.006357 -0.322208 
-0.428425 -0.016079 -0.315145 
-0.419040 -0.016484 -0.330468 
-0.423867 -0.020766 -0.319661 
-0.432613 -0.020720 -0.303754 
-0.414606 -0.051793 -0.301539 
-0.410415 -0.032265 -0.337867 
-0.416132 -0.029404 -0.327922 
-0.404021 -0.038685 -0.346492 
-0.405985 -0.031890 -0.348038 
-0.412645 -0.026930 -0.336797 
-0.406646 -0.050947 -0.328181 
-0.401836 -0.053165 -0.340101 
-0.409839 -0.055476 -0.312590 
-0.405133 -0.058476 -0.324087 
-0.426713 -0.042794 -0.279738 
-0.458173 -0.014068 -0.237246 
-0.422548 -0.056051 -0.250035 
-0.424675 -0.053553 -0.237255 
-0.462085 0.007011 -0.133771 
-0.469113 0.020846 -0.068887 
-0.460662 0.003988 -0.027720 
-0.460237 0.005944 -0.098870 
-0.468771 0.024072 0.030538 
-0.469822 0.028975 0.051667 
-0.459380 -0.000706 -0.009145 
-0.450364 -0.016376 -0.046067 
-0.463725 0.007666 0.032009 
-0.447515 -0.019953 -0.062794 
-0.442773 -0.022769 -0.110695 
-0.440138 -0.027195 -0.126488 
-0.413914 -0.065498 -0.284411 
-0.415694 -0.070896 -0.260267 
-0.410230 -0.075846 -0.282476 
-0.412187 -0.059768 -0.297936 
-0.409572 -0.068517 -0.295322 
-0.407922 -0.063264 -0.309146 
-0.420865 -0.062116 -0.222000 
-0.411101 -0.082938 -0.258125 
-0.418392 -0.069944 -0.205586 
-0.428979 -0.052093 -0.142040 
-0.435707 -0.036716 -0.126361 
-0.444241 -0.029002 -0.062759 
-0.456417 -0.009420 -0.009504 
-0.466208 0.016049 0.031536 
-0.512420 0.128955 0.249962 
-0.520609 0.128389 0.252363 
-0.521238 0.135796 0.280751 
-0.513176 0.136348 0.279011 
-0.480957 0.133608 0.290457 
-0.465364 0.112940 0.280249 
-0.469951 0.104603 0.255453 
-0.468846 0.119730 0.281928 
-0.458707 0.130047 0.306797 
-0.454740 0.125171 0.305145 
-0.462456 0.146118 0.320824 
-0.451926 0.167952 0.360954 
-0.488388 0.159964 0.337265 
-0.483834 0.176589 0.370133 
-0.493577 0.148488 0.315906 
-0.490136 0.175663 0.370478 
-0.439006 0.138390 0.328000 
-0.445872 0.143897 0.329092 
-0.423195 0.150340 0.347527 
-0.400861 0.154361 0.371800 
-0.418290 0.143270 0.346445 
-0.402781 0.173755 0.413703 
-0.380302 0.160000 0.405341 
-0.381364 0.169378 0.428242 
-0.371814 0.163895 0.430543 
-0.395955 0.174656 0.428420 
-0.405536 0.176232 0.433500 
-0.414632 0.176171 0.418211 
-0.412789 0.172936 0.440238 
-0.419200 0.173811 0.429820 
-0.449377 0.181132 0.396829 
-0.424934 0.172821 0.386108 
-0.454288 0.183133 0.417698 
-0.432728 0.176528 0.414077 
-0.472952 0.188673 0.397237 
-0.484803 0.204880 0.440698 
-0.498871 0.197842 0.415928 
-0.494063 0.191279 0.400789 
-0.488949 0.190468 0.399561 
-0.497981 0.205830 0.439255 
-0.482442 0.208646 0.465770 
-0.463150 0.188952 0.436017 
-0.451601 0.176766 0.437500 
-0.468594 0.189296 0.458573 
-0.462740 0.181183 0.454828 
-0.472841 0.194006 0.470988 
-0.468174 0.186204 0.461844 
-0.453457 0.169772 0.449286 
-0.447276 0.162895 0.449218 
-0.427305 0.157688 0.444607 
-0.433481 0.152754 0.450348 
-0.423595 0.155959 0.445499 
-0.427037 0.152174 0.449118 
-0.424975 0.161990 0.440684 
-0.428983 0.168183 0.434412 
-0.424612 0.173992 0.425479 
-0.420796 0.172128 0.432299 
-0.369959 0.159740 0.430261 
-0.378265 0.154627 0.405871 
-0.376583 0.177363 0.448141 
-0.366840 0.172698 0.453768 
-0.372447 0.180199 0.460476 
-0.362893 0.169666 0.465473 
-0.366877 0.178769 0.485383 
-0.392014 0.187805 0.482830 
-0.380942 0.186761 0.488826 
-0.400303 0.181327 0.450211 
-0.402656 0.177283 0.437873 
-0.396926 0.148332 0.370890 
-0.502610 0.206514 0.442997 
-0.502744 0.212836 0.461366 
-0.500725 0.218881 0.476726 
-0.505536 0.217489 0.480254 
-0.502929 0.218217 0.486423 
-0.479043 0.211938 0.489800 
-0.493303 0.217464 0.498108 
-0.496509 0.216871 0.501907 
-0.474719 0.211657 0.504132 
-0.447573 0.200518 0.511875 
-0.438105 0.205052 0.540751 
-0.464062 0.197690 0.492534 
-0.459424 0.191330 0.495326 
-0.462553 0.191821 0.493159 
-0.431994 0.191891 0.519156 
-0.463042 0.206739 0.529383 
-0.437282 0.204185 0.548521 
-0.416812 0.198351 0.545357 
-0.427020 0.203493 0.558174 
-0.412431 0.198571 0.552141 
-0.401519 0.186503 0.533752 
-0.394194 0.188138 0.539533 
-0.383895 0.176396 0.526119 
-0.380455 0.180635 0.542647 
-0.372142 0.176556 0.537340 
-0.395368 0.188621 0.548284 
-0.396724 0.188855 0.552930 
-0.406320 0.194843 0.558021 
-0.419974 0.199409 0.564972 
-0.420249 0.197978 0.538892 
-0.416793 0.193183 0.540455 
-0.415222 0.185940 0.536743 
-0.421765 0.189763 0.530400 
-0.416623 0.189435 0.539151 
-0.507035 0.144900 0.304315 
-0.500945 0.149710 0.315982 
-0.508224 0.149103 0.316829 
-0.494832 0.154593 0.327251 
-0.502124 0.154399 0.327614 
-0.495903 0.159677 0.337565 
-0.514716 0.144252 0.305465 
-0.365168 0.156301 0.484987 
-0.365011 0.153522 0.482823 
-0.365883 0.152182 0.479181 
-0.366287 0.148998 0.475910 
-0.370288 0.147522 0.472329 
-0.376973 0.155100 0.487301 
-0.377492 0.149741 0.480828 
-0.377466 0.146575 0.478669 
-0.366125 0.140123 0.470689 
-0.367681 0.166402 0.510896 
-0.377681 0.159350 0.501601 
-0.368684 0.171532 0.523820 
-0.384990 0.170344 0.522522 
-0.375439 0.168456 0.522532 
-0.469337 0.190736 0.480766 
-0.410531 0.184034 0.533512 
-0.372723 0.165553 0.518632 
-0.371607 0.166496 0.521960 
-0.471989 0.189768 0.472889 
-0.476375 0.202287 0.475084 
-0.375222 0.187101 0.502936 
-0.373949 0.185385 0.492807 
-0.375909 0.188485 0.508370 
-0.371727 0.188934 0.517139 
-0.374855 0.185565 0.498948 
-0.380724 0.186667 0.512159 
-0.369793 0.181910 0.487406 
-0.362036 0.163862 0.456134 
-0.364981 0.161749 0.443864 
-0.336527 0.025775 -0.524546 
-0.334013 0.047641 -0.540778 
-0.354363 0.015178 -0.449770 
-0.343760 -0.010423 -0.496520 
-0.357377 -0.020761 -0.440182 
-0.368760 0.003668 -0.415549 
-0.385010 -0.047239 -0.383468 
-0.397267 -0.002922 -0.366174 
-0.362173 -0.100176 -0.540582 
-0.381893 -0.119290 -0.530082 
-0.398383 -0.125802 -0.462571 
-0.431918 -0.147945 -0.400714 
-0.346999 -0.058810 -0.533637 
-0.375340 -0.090134 -0.460474 
-0.410183 -0.127085 -0.373259 
-0.395386 -0.100529 -0.375430 
-0.369450 -0.068180 -0.442350 
-0.385092 -0.080239 -0.392104 
-0.393758 -0.085589 -0.361434 
-0.397068 -0.063031 -0.348656 
-0.400573 -0.102650 -0.337858 
-0.408280 -0.126547 -0.342509 
-0.402906 -0.094159 -0.310036 
-0.404185 -0.114795 -0.283075 
-0.408342 -0.119368 -0.235867 
-0.416010 -0.148454 -0.295976 
-0.439825 -0.174617 -0.271949 
-0.413403 -0.148150 -0.252338 
-0.415418 -0.089477 -0.185265 
-0.425985 -0.063057 -0.141106 
-0.425917 -0.096854 -0.134822 
-0.434394 -0.058153 -0.092882 
-0.422799 -0.118507 -0.159878 
-0.439175 -0.075867 -0.072580 
-0.445689 -0.035228 -0.045356 
-0.450908 -0.021984 -0.028531 
-0.456834 -0.014735 0.011398 
-0.467357 -0.000087 0.078318 
-0.465238 -0.015659 0.057486 
-0.459876 -0.053490 0.017883 
-0.469390 -0.036323 0.062049 
-0.477959 -0.005795 0.124695 
-0.480959 -0.043860 0.086878 
-0.464799 0.003576 0.054430 
-0.467644 0.021122 0.052915 
-0.469200 0.016486 0.099396 
-0.472074 0.049004 0.118423 
-0.471549 0.040779 0.141510 
-0.472237 0.055997 0.160837 
-0.473080 0.063664 0.160331 
-0.485204 -0.034031 0.109500 
-0.484578 -0.008203 0.145173 
-0.490629 -0.017666 0.146534 
-0.487354 0.006061 0.178809 
-0.482494 0.016100 0.178784 
-0.497501 -0.026482 0.148168 
-0.505841 -0.033571 0.149566 
-0.511778 -0.053255 0.121786 
-0.492315 -0.093525 0.030267 
-0.459066 -0.116726 -0.059699 
-0.454974 -0.101860 -0.047490 
-0.475557 -0.065520 0.052356 
-0.490040 -0.066446 0.074394 
-0.486689 -0.084180 0.043471 
-0.493380 -0.041879 0.114100 
-0.341675 -0.024344 -0.527984 
-0.337318 -0.012414 -0.538899 
-0.344203 -0.038628 -0.527464 
-0.345335 -0.046388 -0.528058 
-0.342938 -0.046622 -0.538889 
-0.342913 -0.040833 -0.534344 
-0.340886 -0.032837 -0.537620 
-0.523532 -0.015542 0.218709 
-0.514976 -0.005057 0.233107 
-0.515662 -0.026835 0.179270 
-0.507144 -0.014555 0.193458 
-0.498920 -0.019122 0.164036 
-0.492893 -0.003574 0.179086 
-0.486909 0.028268 0.236440 
-0.471699 0.072674 0.209824 
-0.472885 0.039022 0.161325 
-0.473757 0.060398 0.223918 
-0.470558 0.074602 0.238842 
-0.471065 0.070851 0.252844 
-0.468874 0.079927 0.253062 
-0.476742 0.055557 0.265178 
-0.469662 0.083321 0.239224 
-0.472292 0.065897 0.266730 
-0.469022 0.075819 0.266869 
-0.498225 0.026902 0.310061 
-0.486833 0.036739 0.273233 
-0.514983 0.010645 0.318088 
-0.505428 0.018490 0.290807 
-0.509075 0.012443 0.270575 
-0.562823 0.029268 0.482185 
-0.552058 0.037459 0.477044 
-0.560160 0.043176 0.519921 
-0.555695 0.051076 0.517458 
-0.554413 0.058386 0.522640 
-0.552411 0.062378 0.523393 
-0.553830 0.064138 0.526145 
-0.537281 0.080129 0.526177 
-0.550130 0.075132 0.535281 
-0.551760 0.070401 0.529141 
-0.543923 0.079260 0.520115 
-0.529472 0.105250 0.513380 
-0.522387 0.097562 0.518007 
-0.529856 0.094105 0.519033 
-0.523297 0.109951 0.518433 
-0.520452 0.115514 0.522075 
-0.520374 0.111158 0.520881 
-0.516889 0.119868 0.521953 
-0.519791 0.121738 0.526314 
-0.516806 0.123584 0.525793 
-0.500137 0.127229 0.518305 
-0.507692 0.127107 0.513983 
-0.498841 0.129298 0.514716 
-0.498226 0.136331 0.507396 
-0.500528 0.145598 0.502278 
-0.494577 0.140474 0.504695 
-0.495393 0.162202 0.508538 
-0.493725 0.154109 0.504634 
-0.497450 0.151022 0.503721 
-0.491966 0.160525 0.507726 
-0.492766 0.158130 0.505663 
-0.497381 0.170046 0.512346 
-0.488167 0.170447 0.515760 
-0.494656 0.164361 0.509337 
-0.473240 0.167152 0.509620 
-0.484742 0.164234 0.507432 
-0.475971 0.168460 0.502368 
-0.473651 0.174177 0.484597 
-0.464504 0.177189 0.496491 
-0.463409 0.170967 0.506700 
-0.461491 0.177096 0.499665 
-0.449395 0.163565 0.530426 
-0.439815 0.171390 0.520706 
-0.432749 0.171557 0.528707 
-0.430602 0.165219 0.552231 
-0.424416 0.170139 0.544863 
-0.424790 0.164636 0.553092 
-0.424712 0.176862 0.533084 
-0.428057 0.168519 0.544094 
-0.431189 0.174894 0.526403 
-0.430197 -0.153496 -0.345932 
-0.381425 0.132859 0.402536 
-0.371068 0.143594 0.428565 
-0.372048 0.139815 0.429524 
-0.383057 0.130247 0.433522 
-0.389702 0.120079 0.391588 
-0.387327 0.124939 0.388535 
-0.411318 0.097119 0.379874 
-0.407563 0.100763 0.365001 
-0.427563 0.084103 0.352077 
-0.423341 0.088901 0.347192 
-0.464711 0.059324 0.330582 
-0.459515 0.065407 0.324191 
-0.439423 0.079476 0.365574 
-0.464670 0.063258 0.351084 
-0.470753 0.069068 0.373633 
-0.430018 0.101026 0.409162 
-0.442696 0.107344 0.421128 
-0.415028 0.109470 0.419173 
-0.391385 0.128871 0.435535 
-0.420570 0.111314 0.424205 
-0.401581 0.132014 0.443170 
-0.422919 0.124473 0.441072 
-0.411773 0.140185 0.448852 
-0.431843 0.116511 0.433249 
-0.487120 0.109630 0.439316 
-0.485471 0.081607 0.403973 
-0.442646 0.112964 0.429028 
-0.501512 0.055674 0.392138 
-0.506360 0.102185 0.443014 
-0.512467 0.077484 0.425202 
-0.524243 0.114649 0.504213 
-0.521737 0.085666 0.449958 
-0.487546 0.128455 0.459436 
-0.496326 0.133893 0.474280 
-0.514594 0.127151 0.500243 
-0.506878 0.137001 0.502872 
-0.514445 0.129317 0.502292 
-0.521526 0.116486 0.513043 
-0.533230 0.098139 0.513583 
-0.520399 0.121740 0.504849 
-0.541769 0.079490 0.506902 
-0.523907 0.034676 0.425181 
-0.545530 0.046492 0.472353 
-0.515747 0.038709 0.408233 
-0.482588 0.048354 0.354130 
-0.489237 0.037552 0.342470 
-0.505289 0.020172 0.355641 
-0.481976 0.046621 0.316032 
-0.472335 0.063393 0.292379 
-0.469888 0.069442 0.282048 
-0.519564 0.014740 0.391851 
-0.541925 0.019763 0.442343 
-0.512769 0.021139 0.383086 
-0.456385 0.152953 0.458154 
-0.436656 0.151182 0.451988 
-0.421995 0.145099 0.450599 
-0.426091 0.143082 0.450928 
-0.415013 0.138557 0.448749 
-0.453390 0.139823 0.455338 
-0.436779 0.109342 0.424109 
-0.451514 0.124238 0.443942 
-0.474041 0.145480 0.463449 
-0.557418 0.073397 0.536562 
-0.553144 0.070072 0.531231 
-0.423821 0.172996 0.539875 
-0.420848 0.176283 0.539647 
-0.471493 0.182066 0.478988 
-0.461812 0.184791 0.494629 
-0.473892 0.177464 0.479600 
-0.491522 0.157547 0.493308 
-0.485111 0.162350 0.487519 
-0.499984 0.150706 0.498889 
-0.502333 0.135705 0.485904 
-0.487721 0.148182 0.476892 
-0.501137 0.145305 0.492123 
-0.494069 0.146141 0.492903 
-0.473174 0.174542 0.475644 
-0.470851 0.167197 0.467517 
-0.472773 0.154752 0.464044 
-0.429899 -0.142682 -0.164407 
-0.416885 -0.128942 -0.187381 
-0.427470 -0.128745 -0.155415 
-0.435530 -0.096974 -0.100880 
-0.442801 -0.123542 -0.108000 
-0.445876 -0.117823 -0.093008 
-0.446753 -0.137591 -0.118553 
-0.458079 -0.158596 -0.139720 
-0.446003 -0.173894 -0.207173 
-0.430760 -0.165737 -0.215660 
-0.492823 0.026774 0.260705 
-0.366643 0.143143 0.483674 
-0.369655 0.140769 0.478189 
-0.361738 0.146496 0.463909 
-0.366760 0.146347 0.497004 
-0.370034 0.141244 0.485140 
-0.363667 0.147843 0.496233 
-0.368368 0.141202 0.466535 
-0.362586 0.150630 0.448691 
-0.375449 0.135486 0.450416 
-0.377553 0.136838 0.458516 
-0.487426 0.104899 -0.568982 
-0.459621 0.122072 -0.553526 
-0.455031 0.128057 -0.570724 
-0.440964 0.127520 -0.538771 
-0.474194 0.090198 -0.458514 
-0.492830 0.092522 -0.518154 
-0.491027 0.067142 -0.423471 
-0.508426 0.078881 -0.504596 
-0.524822 0.053432 -0.488303 
-0.497121 0.093690 -0.554102 
-0.507824 0.079580 -0.579589 
-0.524727 0.051860 -0.531716 
-0.493142 0.098204 -0.569023 
-0.495751 0.095453 -0.582360 
-0.507869 0.037384 -0.383490 
-0.527256 0.030900 -0.407158 
-0.540390 0.021645 -0.453794 
-0.543201 0.010374 -0.472067 
-0.534415 0.024198 -0.511095 
-0.526734 0.028780 -0.552167 
-0.518059 0.052293 -0.573336 
-0.528213 0.027553 -0.388182 
-0.552089 0.012202 -0.350533 
-0.545666 0.017528 -0.393127 
-0.548659 0.006266 -0.445971 
-0.580943 -0.014911 -0.325257 
-0.576458 -0.004471 -0.303592 
-0.573793 -0.028006 -0.382982 
-0.564033 0.007681 -0.294593 
-0.589913 -0.033318 -0.308737 
-0.598949 -0.062894 -0.237787 
-0.597820 -0.033316 -0.220344 
-0.596607 -0.047392 -0.268633 
-0.585394 -0.011392 -0.280082 
-0.595477 -0.066552 -0.274206 
-0.594884 -0.051527 -0.291049 
-0.596180 -0.069019 -0.261417 
-0.587775 -0.048739 -0.339352 
-0.581907 0.014882 -0.182791 
-0.572465 0.013885 -0.250197 
-0.567453 0.036112 -0.145475 
-0.559917 0.033918 -0.201783 
-0.525950 -0.002677 -0.567487 
-0.522946 0.026230 -0.571361 
-0.521435 0.001538 -0.582105 
-0.521006 -0.020535 -0.581757 
-0.543104 -0.046007 -0.487450 
-0.540540 -0.013463 -0.498196 
-0.545320 -0.000221 -0.472225 
-0.544720 -0.015793 -0.477669 
-0.556018 -0.011248 -0.433934 
-0.555548 -0.041770 -0.443437 
-0.547232 -0.027784 -0.470737 
-0.554237 -0.058556 -0.443495 
-0.555110 0.052406 -0.037410 
-0.536561 0.080262 0.090999 
-0.537782 0.084333 0.112653 
-0.532130 0.090462 0.129868 
-0.539424 0.088578 0.134197 
-0.529357 0.112775 0.206687 
-0.543066 0.097774 0.176014 
-0.537629 0.132387 0.284190 
-0.566432 0.078972 0.188970 
-0.569165 0.093201 0.239827 
-0.552981 0.081213 0.142624 
-0.546444 0.085432 0.138534 
-0.563748 0.062943 0.110441 
-0.551139 0.070171 0.080620 
-0.544006 0.077515 0.096063 
-0.551447 0.066061 0.060895 
-0.558290 0.051963 -0.011420 
-0.562533 0.050703 0.013289 
-0.566050 0.048066 0.037105 
-0.574944 0.030615 -0.002903 
-0.568357 0.040323 -0.059317 
-0.578361 0.027193 0.054066 
-0.584185 0.007359 0.001837 
-0.578911 0.031214 0.109227 
-0.577721 0.047001 0.140892 
-0.589127 -0.004763 0.056478 
-0.586297 0.008613 0.139970 
-0.585614 0.007360 0.103636 
-0.586455 -0.000409 0.107293 
-0.593441 -0.016609 -0.012485 
-0.594011 -0.017768 -0.039820 
-0.595755 -0.026751 -0.034936 
-0.593576 -0.015435 -0.056460 
-0.595678 -0.023627 -0.050876 
-0.585081 0.008170 -0.089598 
-0.594739 -0.014008 -0.074141 
-0.596572 -0.014039 -0.093356 
-0.575753 0.027650 -0.116443 
-0.603352 -0.052726 -0.182179 
-0.595147 -0.014494 -0.149222 
-0.602150 -0.032223 -0.137544 
-0.603794 -0.056623 -0.172453 
-0.602467 -0.037764 -0.128230 
-0.597228 -0.021030 -0.085531 
-0.596129 -0.021612 -0.067620 
-0.573019 0.089851 0.256634 
-0.575128 0.062735 0.175414 
-0.587853 0.024415 0.169957 
-0.587934 0.035641 0.219508 
-0.580237 0.081668 0.285641 
-0.586716 0.017259 0.172605 
-0.594773 -0.025933 -0.008338 
-0.543283 0.134227 0.310573 
-0.556755 0.125124 0.313008 
-0.575764 0.100889 0.343720 
-0.587511 0.079301 0.404504 
-0.587631 0.053791 0.277526 
-0.587485 0.045337 0.278582 
-0.586536 0.058125 0.301756 
-0.586119 0.060029 0.313677 
-0.555242 0.134871 0.359147 
-0.536472 0.141349 0.321222 
-0.516565 0.155836 0.339561 
-0.536258 0.150029 0.353665 
-0.514748 0.184326 0.399386 
-0.541855 0.153040 0.376161 
-0.529784 0.188656 0.441772 
-0.512375 0.199772 0.432923 
-0.516143 0.207930 0.462425 
-0.527438 0.197332 0.470316 
-0.516096 0.212834 0.489867 
-0.524139 0.201597 0.488653 
-0.537933 0.177034 0.448720 
-0.537154 0.175318 0.439669 
-0.537867 0.173087 0.431297 
-0.542548 0.166271 0.423305 
-0.538042 0.183342 0.485977 
-0.553878 0.166944 0.460337 
-0.531546 0.184902 0.506165 
-0.528754 0.187797 0.499554 
-0.542459 0.181200 0.503934 
-0.554635 0.175027 0.498982 
-0.540091 0.182114 0.509960 
-0.552445 0.169335 0.519889 
-0.564331 0.157151 0.493121 
-0.559733 0.165558 0.481395 
-0.564576 0.144450 0.445200 
-0.566896 0.128680 0.400794 
-0.564067 0.148596 0.474769 
-0.563082 0.155552 0.483056 
-0.567529 0.135195 0.458155 
-0.569000 0.130787 0.440679 
-0.565752 0.138589 0.472986 
-0.569737 0.133152 0.482270 
-0.565436 0.136830 0.489838 
-0.579452 0.124438 0.503083 
-0.568757 0.129765 0.520568 
-0.581214 0.116911 0.521890 
-0.587624 0.105566 0.494503 
-0.581686 0.119440 0.485255 
-0.573909 0.125048 0.443836 
-0.575785 0.105492 0.378490 
-0.587035 0.108717 0.485467 
-0.586563 0.098941 0.468488 
-0.586069 0.097866 0.444676 
-0.587756 0.090203 0.474783 
-0.597970 0.067264 0.473747 
-0.591656 0.061965 0.404549 
-0.599727 0.062538 0.489631 
-0.598400 0.067112 0.490045 
-0.600189 0.052393 0.489287 
-0.594736 0.074542 0.499922 
-0.600426 0.062301 0.498180 
-0.587775 0.081090 0.511051 
-0.594221 0.073275 0.510232 
-0.496888 0.171413 0.362737 
-0.503504 0.182462 0.388007 
-0.531372 0.177796 0.524206 
-0.532901 0.174810 0.526866 
-0.529526 0.179709 0.521180 
-0.527053 0.186463 0.504971 
-0.530056 0.190421 0.483415 
-0.528091 0.194441 0.482012 
-0.528470 0.191930 0.491743 
-0.526527 0.196137 0.490729 
-0.515184 0.207256 0.502557 
-0.521040 0.202812 0.496530 
-0.502433 0.209026 0.511193 
-0.499928 0.208841 0.514075 
-0.492127 0.210166 0.516623 
-0.465134 0.199813 0.542157 
-0.435668 0.196982 0.566200 
-0.574744 0.120434 0.531462 
-0.557970 0.126351 0.541479 
-0.554150 0.128116 0.538236 
-0.561221 0.131042 0.526862 
-0.559776 0.134409 0.517122 
-0.561665 0.136414 0.508369 
-0.550147 0.133014 0.528546 
-0.563654 0.149809 0.483103 
-0.599518 0.051534 0.474609 
-0.587814 0.054210 0.338826 
-0.587722 0.045824 0.338198 
-0.587234 0.051413 0.314079 
-0.494077 0.207613 0.519660 
-0.501738 0.205482 0.516099 
-0.586546 0.099234 0.476207 
-0.586621 0.099428 0.484281 
-0.598451 -0.028355 -0.078810 
-0.598697 -0.044204 -0.068385 
-0.592877 -0.021807 0.032674 
-0.588260 -0.029753 0.068131 
-0.589036 -0.034423 0.053894 
-0.585794 -0.003026 0.127100 
-0.587333 0.035733 0.266424 
-0.473128 0.069881 0.178464 
-0.462449 0.097999 0.278725 
-0.446110 0.091743 0.307151 
-0.445926 0.106738 0.304455 
-0.411722 0.111190 0.342714 
-0.420466 0.122904 0.333459 
-0.392141 0.136155 0.371734 
-0.398711 0.116161 0.364331 
-0.382146 0.145402 0.392463 
-0.440350 0.077806 0.329959 
-0.460023 0.084612 0.290181 
-0.364402 0.154258 0.439720 
-0.590188 0.065996 0.538921 
-0.583820 0.060078 0.547182 
-0.570589 0.067584 0.548662 
-0.562593 0.057853 0.552784 
-0.565485 0.071172 0.544417 
-0.538268 0.054441 0.551979 
-0.530639 0.059590 0.544458 
-0.522876 0.042551 0.558974 
-0.510487 0.043709 0.556210 
-0.496886 0.041754 0.536839 
-0.518185 0.054476 0.549118 
-0.523100 0.056734 0.548371 
-0.507515 0.051739 0.544254 
-0.503375 0.047844 0.531308 
-0.449578 0.059961 0.456467 
-0.449347 0.057642 0.454269 
-0.452538 0.056516 0.451158 
-0.450401 0.051595 0.447269 
-0.449719 0.042172 0.443490 
-0.451485 0.049974 0.445130 
-0.445140 0.032244 0.449060 
-0.447194 0.038071 0.445562 
-0.443521 0.032370 0.452407 
-0.440430 0.035465 0.462276 
-0.439426 0.036074 0.471121 
-0.441322 0.032522 0.460577 
-0.439982 0.032787 0.454466 
-0.438024 0.039097 0.470711 
-0.434804 0.049653 0.478375 
-0.436472 0.046370 0.474852 
-0.437858 0.052739 0.476697 
-0.438565 0.063314 0.472872 
-0.440514 0.059247 0.474972 
-0.447705 0.060372 0.459506 
-0.447818 0.063664 0.463296 
-0.442218 0.061670 0.468864 
-0.445226 0.062033 0.463287 
-0.442773 0.079549 0.493019 
-0.435412 0.042454 0.488080 
-0.430224 0.061855 0.501037 
-0.439078 0.078974 0.508220 
-0.440634 0.081402 0.550856 
-0.436473 0.066742 0.523975 
-0.451885 0.098217 0.543671 
-0.554538 0.079696 0.540087 
-0.558255 0.077225 0.537873 
-0.565470 0.076627 0.538828 
-0.570456 0.080691 0.536114 
-0.567747 0.074220 0.541936 
-0.576282 0.079687 0.533002 
-0.565609 0.082917 0.539434 
-0.561908 0.084309 0.541993 
-0.577618 0.089181 0.528825 
-0.581429 0.089148 0.519823 
-0.564113 0.091591 0.545109 
-0.572450 0.090197 0.537028 
-0.564165 0.088184 0.543165 
-0.583178 0.103886 0.522025 
-0.569886 0.106058 0.544776 
-0.547859 0.111241 0.554576 
-0.551697 0.093091 0.553043 
-0.503939 0.080168 0.567085 
-0.504242 0.092537 0.569093 
-0.526059 0.087994 0.560120 
-0.530257 0.101275 0.560133 
-0.520917 0.107554 0.559836 
-0.502651 0.113814 0.556461 
-0.524149 0.122244 0.546151 
-0.501489 0.116053 0.553299 
-0.490338 0.112496 0.558584 
-0.486241 0.110106 0.565187 
-0.478505 0.095827 0.577784 
-0.463351 0.104966 0.568000 
-0.454496 0.097638 0.569483 
-0.461400 0.071526 0.575073 
-0.484077 0.076666 0.573767 
-0.445618 0.077444 0.563470 
-0.454293 0.101892 0.562395 
-0.438929 0.059904 0.532702 
-0.537321 0.124632 0.546304 
-0.444682 0.067405 0.559506 
-0.452937 0.100362 0.550433 
-0.550961 0.088832 0.551086 
-0.563134 0.072502 0.541806 
-0.492112 0.024017 0.496878 
-0.497603 0.036801 0.516979 
-0.497146 0.020215 0.481956 
-0.503417 0.039965 0.512222 
-0.499622 0.033244 0.499329 
-0.496893 0.012106 0.478790 
-0.501154 0.014251 0.466078 
-0.502991 0.017554 0.469279 
-0.511257 0.014342 0.458975 
-0.503911 0.025316 0.479131 
-0.509022 0.010147 0.457137 
-0.414608 0.164647 0.450322 
-0.418126 0.147535 0.450377 
-0.411656 0.159573 0.461299 
-0.410712 0.153956 0.458157 
-0.410064 0.156212 0.462533 
-0.410386 0.160826 0.465600 
-0.410640 0.172281 0.459994 
-0.409900 0.167793 0.470455 
-0.408112 0.162641 0.477728 
-0.408220 0.156417 0.474093 
-0.406269 0.175537 0.475694 
-0.408278 0.173105 0.478482 
-0.402678 0.158557 0.491448 
-0.395026 0.170118 0.509540 
-0.394381 0.157973 0.501996 
-0.376144 0.159909 0.520764 
-0.368404 0.165843 0.525210 
-0.373731 0.181201 0.529477 
-0.376549 0.187112 0.522350 
-0.368356 0.186067 0.527394 
-0.386606 0.185676 0.508223 
-0.402551 0.179915 0.482285 
-0.407811 0.145234 0.454362 
-0.468479 0.127843 0.523118 
-0.494575 0.126847 0.519328 
-0.482589 0.124449 0.523625 
-0.458377 0.142403 0.518763 
-0.489162 0.162292 0.508988 
-0.474698 0.159583 0.512279 
-0.455073 0.137974 0.524390 
-0.452668 0.129885 0.533531 
-0.456833 0.126446 0.533456 
-0.453836 0.122028 0.541418 
-0.456350 0.122955 0.538249 
-0.446256 0.122924 0.544941 
-0.445690 0.130906 0.538038 
-0.444420 0.123142 0.547005 
-0.444952 0.118636 0.550170 
-0.443819 0.118161 0.551078 
-0.442957 0.138904 0.536960 
-0.443564 0.134065 0.541051 
-0.445503 0.134675 0.542399 
-0.447258 0.128802 0.543891 
-0.446304 0.142481 0.538576 
-0.450703 0.123243 0.533983 
-0.446832 0.142457 0.533185 
-0.453192 0.124835 0.516813 
-0.442408 0.146448 0.541277 
-0.439990 0.148092 0.540269 
-0.440356 0.151688 0.538006 
-0.450468 0.153914 0.525861 
-0.441804 0.115049 0.554041 
-0.441006 0.111518 0.550240 
-0.439435 0.102478 0.528162 
-0.438550 0.109381 0.496916 
-0.443204 0.127855 0.501755 
-0.436994 0.126210 0.489497 
-0.437053 0.109094 0.483454 
-0.427656 0.098283 0.504628 
-0.438533 0.096594 0.472676 
-0.429544 0.095900 0.490442 
-0.433760 0.117106 0.468577 
-0.435339 0.108697 0.457015 
-0.437209 0.128864 0.491061 
-0.449230 0.118669 0.548999 
-0.452518 0.119535 0.545728 
-0.466464 0.118258 0.535406 
-0.460889 0.121174 0.537177 
-0.432868 0.098400 0.436658 
-0.428769 0.081909 0.467455 
-0.436197 0.087100 0.455925 
-0.424501 0.076217 0.454907 
-0.422656 0.075860 0.441231 
-0.426901 0.081758 0.435319 
-0.420850 0.074523 0.444890 
-0.503982 0.126311 0.529301 
-0.457144 0.116844 0.556172 
-0.494038 0.126265 0.541095 
-0.474987 0.126735 0.554233 
-0.448460 0.119275 0.564749 
-0.460763 0.131375 0.565463 
-0.490097 0.138574 0.552714 
-0.489634 0.134958 0.551222 
-0.512380 0.128082 0.529785 
-0.518434 0.142551 0.540839 
-0.525003 0.131573 0.531953 
-0.432794 0.111025 0.556983 
-0.422594 0.100597 0.520243 
-0.424475 0.110818 0.548514 
-0.441746 0.114017 0.560305 
-0.421091 0.090005 0.486260 
-0.413679 0.094899 0.501215 
-0.412658 0.087941 0.482887 
-0.410179 0.106721 0.512715 
-0.419898 0.118907 0.551371 
-0.406076 0.100486 0.498240 
-0.425679 0.121520 0.562737 
-0.432645 0.114704 0.562278 
-0.437192 0.125065 0.568778 
-0.413480 0.076786 0.460738 
-0.404896 0.094643 0.479858 
-0.406417 0.090052 0.474548 
-0.405639 0.090023 0.471030 
-0.406938 0.084030 0.459085 
-0.405834 0.087030 0.461140 
-0.407738 0.079869 0.447443 
-0.409489 0.077824 0.438344 
-0.415376 0.075475 0.435609 
-0.410729 0.080314 0.435711 
-0.525596 0.141512 0.538414 
-0.519227 0.175264 0.528667 
-0.521701 0.169062 0.534519 
-0.502082 0.169699 0.534593 
-0.534872 0.159477 0.537244 
-0.500539 0.154047 0.547751 
-0.467053 0.160539 0.549965 
-0.500238 0.171942 0.531408 
-0.468390 0.152462 0.557702 
-0.459072 0.144007 0.566628 
-0.449157 0.151716 0.565802 
-0.441394 0.138917 0.570785 
-0.432168 0.137742 0.567781 
-0.418924 0.128800 0.554548 
-0.431552 0.147290 0.564966 
-0.421013 0.139767 0.549635 
-0.429786 0.152121 0.555254 
-0.428991 0.147200 0.536441 
-0.413644 0.126580 0.513872 
-0.415097 0.130121 0.485860 
-0.402992 0.114507 0.493462 
-0.407060 0.109938 0.462752 
-0.415197 0.116059 0.458785 
-0.403819 0.098785 0.466982 
-0.441011 0.154681 0.562182 
-0.450533 0.157493 0.559558 
-0.459645 0.160879 0.550346 
-0.466632 0.163200 0.545747 
-0.406139 0.087249 0.456841 
-0.405376 0.095248 0.462986 
-0.406645 0.089978 0.458700 
-0.407828 0.104971 0.463113 
-0.410942 0.109555 0.458740 
-0.417416 0.107222 0.444077 
-0.418552 0.105946 0.440190 
-0.414919 0.111168 0.451744 
-0.415786 0.125587 0.535559 
-0.531112 0.129832 0.532897 
-0.524817 0.127988 0.530058 
-0.538684 0.132377 0.532091 
-0.540826 0.137881 0.531986 
-0.552543 0.138450 0.524224 
-0.554645 0.157633 0.522645 
-0.560789 0.141541 0.508495 
-0.562378 0.139985 0.498700 
-0.406717 0.086501 0.454925 
-0.406850 0.086384 0.454352 
-0.407274 0.083436 0.449928 
-0.407855 0.081033 0.445337 
-0.412619 0.081148 0.431334 
-0.414020 0.085326 0.431531 
-0.416534 0.088475 0.427691 
-0.417050 0.092302 0.429855 
-0.418380 0.096506 0.429949 
-0.415897 0.098669 0.431946 
-0.516515 0.180378 0.519147 
-0.480172 0.170328 0.524719 
-0.458208 0.164210 0.538221 
-0.443602 0.160226 0.546175 
-0.446555 0.159566 0.536464 
-0.437211 0.156054 0.547289 
-0.435081 0.154215 0.548883 
-0.438521 0.152899 0.542389 
-0.440189 0.151429 0.542794 
-0.434946 0.155667 0.556400 
-0.437258 0.151586 0.541044 
-0.432998 0.145792 0.523996 
-0.442450 0.149492 0.539588 
-0.443012 0.140578 0.515939 
-0.427873 0.135371 0.495688 
-0.425456 0.127258 0.475656 
-0.491942 0.168884 0.513116 
-0.500521 0.174199 0.514428 
-0.497198 0.174132 0.518547 
-0.508797 0.179794 0.516460 
-0.499791 0.176088 0.515369 
-0.424952 0.112374 0.449402 
-0.426994 0.098743 0.433376 
-0.418776 0.102267 0.435461 
-0.426330 0.094899 0.430728 
-0.504090 0.179725 0.516225 
-0.515851 0.184046 0.513062 
-0.504554 0.186187 0.518350 
-0.494704 0.178719 0.519441 
-0.496829 0.193443 0.525384 
-0.485954 0.184603 0.531772 
-0.473355 0.181223 0.542807 
-0.457113 0.179357 0.556078 
-0.478221 0.196401 0.538031 
-0.370650 0.171564 0.545673 
-0.374220 0.176053 0.542580 
-0.374161 0.163853 0.554248 
-0.398346 0.176411 0.566626 
-0.370859 0.148783 0.552310 
-0.491000 0.174533 0.517605 
-0.409550 0.191513 0.568676 
-0.412934 0.170851 0.574691 
-0.427734 0.190492 0.573089 
-0.433362 0.174919 0.572915 
-0.407317 0.164992 0.569823 
-0.443261 0.188364 0.566585 
-0.514384 0.197480 0.509618 
-0.410955 0.108215 0.462610 
-0.412650 0.109964 0.458927 
-0.407088 0.098053 0.465043 
-0.404046 0.087061 0.452183 
-0.406266 0.079846 0.437694 
-0.405163 0.092743 0.459608 
-0.411395 0.107028 0.447196 
-0.414187 0.088208 0.429246 
-0.411177 0.081990 0.432494 
-0.409976 0.097052 0.437231 
-0.403887 0.098877 0.457970 
-0.442331 0.033519 0.449320 
-0.440516 0.052141 0.455788 
-0.435592 0.041979 0.467468 
-0.448031 0.048749 0.445555 
-0.435636 0.051407 0.472807 
-0.447715 0.053941 0.449456 
-0.437671 0.049085 0.476614 
-0.460011 0.061857 0.461850 
-0.464121 0.052751 0.456149 
-0.460251 0.049082 0.448917 
-0.464696 0.058367 0.465320 
-0.462534 0.068133 0.486935 
-0.457874 0.074676 0.484523 
-0.509794 0.118710 0.532022 
-0.466717 0.107628 0.550175 
-0.490385 0.108348 0.532697 
-0.504500 0.108593 0.527053 
-0.484527 0.114401 0.551208 
-0.531118 0.126854 0.539574 
-0.515428 0.112136 0.522879 
-0.517907 0.116023 0.523738 
-0.463163 0.108106 0.559498 
-0.455654 0.102542 0.556328 
-0.458755 0.104123 0.553543 
-0.463094 0.103873 0.550482 
-0.465889 0.098710 0.546578 
-0.467875 0.100152 0.544526 
-0.464044 0.099775 0.548591 
-0.466307 0.096985 0.543581 
-0.458138 0.092614 0.523309 
-0.462077 0.078235 0.501852 
-0.466734 0.079002 0.511058 
-0.461943 0.074407 0.496943 
-0.471143 0.087719 0.534962 
-0.468090 0.094355 0.545260 
-0.466356 0.094627 0.547652 
-0.473324 0.102119 0.540675 
-0.449098 0.027087 0.459016 
-0.442255 0.033346 0.476387 
-0.459606 0.031736 0.472933 
-0.449970 0.029888 0.449911 
-0.456653 0.030094 0.455729 
-0.445834 0.042612 0.501296 
-0.455619 0.047554 0.502792 
-0.460283 0.040729 0.487821 
-0.508302 0.072797 0.556759 
-0.528180 0.074700 0.546058 
-0.526354 0.073398 0.541067 
-0.532357 0.075111 0.542313 
-0.523889 0.075698 0.533409 
-0.501539 0.071466 0.540258 
-0.502281 0.068857 0.550788 
-0.486498 0.071188 0.549497 
-0.486170 0.067329 0.562958 
-0.467584 0.065166 0.570156 
-0.451128 0.062632 0.562281 
-0.446800 0.054653 0.537229 
-0.455401 0.058214 0.554907 
-0.461532 0.051840 0.527803 
-0.464153 0.059040 0.547367 
-0.446254 0.046738 0.515350 
-0.454637 0.050217 0.511612 
-0.482538 0.068770 0.556185 
-0.474081 0.065302 0.563902 
-0.478789 0.069777 0.554453 
-0.472366 0.067527 0.558657 
-0.469369 0.065819 0.560581 
-0.463071 0.062188 0.563033 
-0.465041 0.063171 0.557076 
-0.454880 0.040828 0.444166 
-0.462203 0.044993 0.450053 
-0.467157 0.043364 0.465757 
-0.467642 0.054272 0.478277 
-0.466004 0.048476 0.488026 
-0.463081 0.059734 0.505444 
-0.465188 0.068607 0.504132 
-0.460270 0.055344 0.511663 
-0.472285 0.070503 0.519364 
-0.469417 0.063555 0.547692 
-0.474260 0.080202 0.541465 
-0.490832 0.091096 0.530527 
-0.520717 0.079751 0.527706 
-0.530259 0.084289 0.524609 
-0.484455 0.086334 0.535493 
-0.471284 0.083022 0.545093 
-0.467612 0.087777 0.546438 
-0.469736 0.074038 0.552347 
-0.469811 0.069896 0.555550 
-0.469261 0.088506 0.547735 
-0.470958 0.083797 0.548015 
-0.471184 0.089029 0.544294 
-0.468417 0.077137 0.550485 
-0.469910 0.075679 0.551269 
-0.469154 0.072793 0.553799 
-0.468406 0.067508 0.554452 
0.246278 0.147795 0.493629 
0.246278 0.147795 0.493629 
0.246278 0.147795 0.493629 
0.249603 0.148663 0.487038 
0.251963 0.149169 0.485904 
0.249051 0.149278 0.491782 
0.245420 0.150653 0.502090 
0.245420 0.150653 0.502090 
0.245420 0.150653 0.502090 
0.246198 0.154039 0.510067 
0.244742 0.151330 0.506090 
0.246163 0.154906 0.513893 
0.248808 0.157790 0.516091 
0.246895 0.157737 0.513493 
0.246895 0.157737 0.513493 
0.252246 0.162397 0.516531 
0.252246 0.162397 0.516531 
0.259002 0.165774 0.517385 
0.259002 0.165774 0.517385 
0.255515 0.107922 0.469607 
0.255515 0.107922 0.469607 
0.262349 0.127105 0.464824 
0.262349 0.127105 0.464824 
0.262259 0.107679 0.464768 
0.249661 0.116024 0.485760 
0.249405 0.124813 0.494167 
0.249405 0.124813 0.494167 
0.262970 0.114350 0.462478 
0.265481 0.121866 0.463228 
0.265481 0.121866 0.463228 
0.265481 0.121866 0.463228 
0.265481 0.121866 0.463228 
0.253586 0.111979 0.482086 
0.251228 0.113641 0.486662 
0.251228 0.113641 0.486662 
0.249997 0.121044 0.493192 
0.249997 0.121044 0.493192 
0.262800 0.134088 0.475612 
0.258549 0.134247 0.482275 
0.258549 0.134247 0.482275 
0.252566 0.132853 0.489329 
0.262696 0.105278 0.468846 
0.262696 0.105278 0.468846 
0.243786 0.141855 0.511008 
0.282696 0.141121 0.558621 
0.245990 0.119269 0.525803 
0.263748 0.143514 0.498431 
0.247143 0.146550 0.523797 
0.247143 0.146550 0.523797 
0.263626 0.145678 0.510856 
0.260895 0.149943 0.514232 
0.264463 0.145968 0.513329 
0.265460 0.122118 0.524919 
0.263396 0.154639 0.533598 
0.274411 0.133588 0.479356 
0.259070 0.128860 0.496361 
0.251573 0.144404 0.475917 
0.267441 0.145075 0.438912 
0.285675 0.133211 0.397879 
0.263968 0.120430 0.474679 
0.267590 0.119494 0.476172 
0.277453 0.142399 0.422436 
0.290015 0.137658 0.399240 
0.314563 0.132681 0.368389 
0.340673 0.128001 0.348397 
0.381365 0.108604 0.312653 
0.394934 0.098249 0.289383 
0.391517 0.091525 0.287117 
0.402781 0.090284 0.265329 
0.439257 0.115460 0.292879 
0.442696 0.107734 0.264132 
0.446965 0.114249 0.295956 
0.450730 0.107151 0.267715 
0.429693 0.123110 0.317325 
0.421781 0.128016 0.327904 
0.406256 0.138352 0.347176 
0.403189 0.154587 0.380005 
0.324300 0.152257 0.428533 
0.310235 0.154443 0.430207 
0.263653 0.167555 0.510817 
0.264644 0.168634 0.499986 
0.265179 0.167075 0.507363 
0.265179 0.167075 0.507363 
0.257537 0.152680 0.477232 
0.257537 0.152680 0.477232 
0.574181 -0.059254 -0.532842 
0.579503 -0.089080 -0.458919 
0.580452 -0.100836 -0.433968 
0.584354 -0.104833 -0.402224 
0.582444 -0.093461 -0.428270 
0.586928 -0.103500 -0.382385 
0.588796 -0.097574 -0.374870 
0.601045 -0.087053 -0.324426 
0.596420 -0.084072 -0.348188 
0.592223 -0.081864 -0.371721 
0.601833 -0.090042 -0.300703 
0.601995 -0.093176 -0.276629 
0.601398 -0.094384 -0.253102 
0.601398 -0.094384 -0.253102 
0.602357 -0.089413 -0.265637 
0.603135 -0.086935 -0.289704 
0.479413 -0.160488 -0.492400 
0.471333 -0.151260 -0.536912 
0.452622 -0.155093 -0.510704 
0.441366 -0.148560 -0.528147 
0.444969 -0.151611 -0.510866 
0.468555 -0.167488 -0.442544 
0.473206 -0.176754 -0.397862 
0.479608 -0.197985 -0.331771 
0.470448 -0.185078 -0.359493 
0.593278 -0.098427 -0.154916 
0.584039 -0.092776 -0.100447 
0.589764 -0.088294 -0.124557 
0.592128 -0.082908 -0.131993 
0.589395 -0.080476 -0.112410 
0.597827 -0.091229 -0.172441 
0.597827 -0.091229 -0.172441 
0.596906 -0.099065 -0.184307 
0.597727 -0.102561 -0.217615 
0.599693 -0.097962 -0.240976 
0.599693 -0.097962 -0.240976 
0.598646 -0.094627 -0.205331 
0.601684 -0.083512 -0.313942 
0.598558 -0.080657 -0.338357 
0.594827 -0.077689 -0.362598 
0.589859 -0.086643 -0.380442 
0.587709 -0.092036 -0.388374 
0.588369 -0.080710 -0.394516 
0.590388 -0.075972 -0.386382 
0.585927 -0.098150 -0.395626 
0.581068 -0.092569 -0.083321 
0.576721 -0.093669 -0.067760 
0.580392 -0.085444 -0.071534 
0.570929 -0.089845 -0.042219 
0.574210 -0.080643 -0.045367 
0.583619 -0.085153 -0.088076 
0.466489 -0.193976 -0.151251 
0.481425 -0.206849 -0.298781 
0.478343 -0.212155 -0.265784 
0.472514 -0.204024 -0.293184 
0.478887 -0.213880 -0.232185 
0.471345 -0.209711 -0.258671 
0.474475 -0.210470 -0.220189 
0.464974 -0.205229 -0.197530 
0.466590 -0.200604 -0.170006 
0.562960 -0.086804 -0.016871 
0.567380 -0.077740 -0.019447 
0.559585 -0.065948 0.027713 
0.556692 -0.074955 0.030517 
0.549217 -0.073945 0.058201 
0.552374 -0.065219 0.055140 
0.534958 -0.048303 0.128104 
0.529502 -0.038105 0.159371 
0.519812 0.000302 0.247761 
0.526209 -0.010883 0.200819 
0.463551 -0.160018 -0.055241 
0.465319 -0.136747 0.001844 
0.458260 -0.178563 -0.112073 
0.454104 -0.190784 -0.153605 
0.460571 -0.196531 -0.167100 
0.458158 -0.204202 -0.220801 
0.469548 -0.209262 -0.235923 
0.460567 -0.202147 -0.193555 
0.470661 -0.085048 0.126189 
0.471994 -0.096896 0.099178 
0.473266 -0.056087 0.196590 
0.468042 -0.065294 0.168521 
0.466847 -0.040515 0.235363 
0.462248 -0.022943 0.286403 
0.511202 0.009773 0.304184 
0.462005 -0.094917 0.097640 
0.464552 -0.053408 0.195826 
0.471718 -0.196746 -0.325721 
0.495473 0.024387 0.499741 
0.497779 0.016789 0.451589 
0.499119 0.008883 0.410355 
0.500692 0.017557 0.405962 
0.500681 0.014196 0.396504 
0.466061 0.004325 0.501061 
0.464674 0.006726 0.512576 
0.461486 0.008317 0.513038 
0.460750 0.010601 0.529253 
0.487894 0.025984 0.537324 
0.462507 0.025108 0.569606 
0.425037 0.013487 0.568041 
0.454149 0.016287 0.539013 
0.454149 0.016287 0.539013 
0.457746 0.013148 0.540101 
0.458542 -0.014112 0.454803 
0.450328 -0.024016 0.401538 
0.444307 -0.020056 0.371753 
0.451315 -0.024462 0.373659 
0.454692 -0.024446 0.354897 
0.454340 -0.019484 0.306035 
0.446082 -0.015298 0.305105 
0.447285 -0.020363 0.353378 
0.502982 0.016968 0.371678 
0.502056 0.014632 0.381486 
0.502320 0.023399 0.389313 
0.502320 0.023399 0.389313 
0.454170 -0.019515 0.285635 
0.387599 0.000834 0.551206 
0.388321 0.005548 0.556643 
0.386099 -0.005956 0.509117 
0.388856 -0.005701 0.523062 
0.416310 -0.025502 0.478229 
0.407161 -0.024862 0.472517 
0.396966 -0.018316 0.481704 
0.476274 0.099020 -0.491966 
0.475050 0.110701 -0.530006 
0.483594 0.068763 -0.413681 
0.488700 0.095517 -0.487454 
0.388617 0.050061 -0.518453 
0.489302 0.044809 -0.372863 
0.498142 0.038065 -0.369402 
0.495890 0.027936 -0.352995 
0.493974 0.062321 -0.408678 
0.504342 0.022795 -0.351946 
0.519785 0.006163 -0.333791 
0.532142 0.009584 -0.351326 
0.539177 0.001768 -0.328308 
0.542922 -0.002871 -0.295929 
0.548781 -0.003002 -0.304899 
0.547777 -0.003778 -0.284134 
0.545707 -0.005115 -0.264264 
0.552428 -0.006120 -0.272593 
0.553492 -0.001768 -0.242277 
0.545111 0.001133 -0.233569 
0.541658 0.014074 -0.193973 
0.550464 0.007779 -0.205575 
0.519350 0.031167 -0.098579 
0.526421 0.026497 -0.132342 
0.534517 0.020284 -0.164181 
0.544268 0.015397 -0.178275 
0.537079 0.021647 -0.148441 
0.530217 0.027129 -0.117070 
0.525075 0.029881 -0.084448 
0.508341 0.036583 -0.045775 
0.515144 0.035619 -0.035160 
0.474211 0.064509 0.120703 
0.472827 0.069795 0.142914 
0.464682 0.075164 0.160149 
0.471492 0.075209 0.164872 
0.458192 0.092937 0.219348 
0.450509 0.093425 0.215235 
0.418824 0.062732 0.187696 
0.431410 0.002665 0.040739 
0.465341 0.020498 -0.064542 
0.393396 0.029218 -0.463432 
0.397901 0.014423 -0.426107 
0.414311 0.010001 -0.386612 
0.409551 -0.000506 -0.390101 
0.430341 -0.014855 -0.339523 
0.442955 -0.028137 -0.314603 
0.437936 -0.042155 -0.312206 
0.434875 -0.037923 -0.323664 
0.423097 -0.076909 -0.307308 
0.431533 -0.050821 -0.321535 
0.427377 -0.053703 -0.332218 
0.420830 -0.067124 -0.339145 
0.420830 -0.067124 -0.339145 
0.424320 -0.053369 -0.342873 
0.429428 -0.048368 -0.330835 
0.422230 -0.072372 -0.323175 
0.419271 -0.074601 -0.335665 
0.419967 -0.079853 -0.319334 
0.423285 -0.081187 -0.292443 
0.422460 -0.086626 -0.278794 
0.458049 0.013928 -0.062705 
0.427016 -0.018198 0.020271 
0.429136 0.007567 0.061757 
0.429136 0.007567 0.061757 
0.429136 0.007567 0.061757 
0.427833 -0.022195 0.000041 
0.421493 -0.092409 -0.254663 
0.418981 -0.097255 -0.277449 
0.420206 -0.089940 -0.290253 
0.420789 -0.084716 -0.304169 
0.415814 -0.091234 -0.200228 
0.417080 -0.104551 -0.253203 
0.417150 -0.073595 -0.135739 
0.424303 -0.041512 -0.054649 
0.420156 -0.054461 -0.071536 
0.421164 -0.050612 -0.055085 
0.425085 -0.030821 -0.000667 
0.428839 -0.005402 0.041378 
0.428839 -0.005402 0.041378 
0.426573 -0.013882 0.041532 
0.400131 0.083176 0.263500 
0.365364 0.122505 0.332768 
0.358614 0.117003 0.330552 
0.335685 0.121792 0.346123 
0.311347 0.126599 0.367588 
0.275491 0.138285 0.421807 
0.325531 0.150665 0.431216 
0.355424 0.148376 0.452848 
0.355424 0.148376 0.452848 
0.349474 0.141253 0.451787 
0.363918 0.161907 0.455919 
0.369216 0.167766 0.464203 
0.364158 0.159644 0.459527 
0.371225 0.170684 0.473624 
0.371225 0.170684 0.473624 
0.368455 0.164764 0.467284 
0.370253 0.168328 0.478886 
0.387699 0.196103 0.506951 
0.351132 0.185876 0.529842 
0.370256 0.189566 0.523429 
0.399161 0.197519 0.496829 
0.326725 0.134701 0.445168 
0.335427 0.131362 0.451000 
0.353149 0.185305 0.533339 
0.327179 0.183092 0.541351 
0.305572 0.164867 0.532528 
0.428848 0.127628 0.329758 
0.436953 0.122902 0.319397 
0.414084 0.133155 0.338104 
0.421299 0.133153 0.339469 
0.413649 0.138289 0.348442 
0.269380 0.125716 0.464211 
0.269380 0.122240 0.462347 
0.390210 0.195199 0.511024 
0.270173 0.165454 0.494546 
0.270173 0.165454 0.494546 
0.270556 0.163746 0.484401 
0.270556 0.163746 0.484401 
0.266857 0.160236 0.478541 
0.266857 0.160236 0.478541 
0.427054 -0.000324 0.062724 
0.415911 0.034532 0.170184 
0.424604 0.020169 0.105939 
0.416822 0.042168 0.169796 
0.407662 0.051098 0.218527 
0.401986 0.061796 0.247411 
0.403001 0.053186 0.247098 
0.401364 0.049406 0.261006 
0.399083 0.058453 0.260885 
0.397341 0.054367 0.274611 
0.400551 0.044442 0.274936 
0.402346 0.024596 0.324982 
0.448598 0.025137 0.539205 
0.448598 0.025137 0.539205 
0.444270 0.040431 0.542095 
0.444270 0.040431 0.542095 
0.442377 0.047212 0.545847 
0.444920 0.053064 0.554021 
0.444920 0.053064 0.554021 
0.429654 0.056763 0.543470 
0.429654 0.056763 0.543470 
0.411074 0.094076 0.534582 
0.411074 0.094076 0.534582 
0.410134 0.099773 0.538668 
0.410134 0.099773 0.538668 
0.389383 0.133806 0.514387 
0.389383 0.133806 0.514387 
0.387188 0.139981 0.516907 
0.387564 0.142529 0.518558 
0.389968 0.149696 0.522185 
0.389968 0.149696 0.522185 
0.382017 0.140844 0.517127 
0.370251 0.146062 0.517321 
0.288377 0.113348 0.399981 
0.276837 0.122180 0.420282 
0.298595 0.103491 0.382943 
0.300685 0.098513 0.386535 
0.322046 0.079092 0.362627 
0.343130 0.061269 0.353114 
0.340081 0.067139 0.347141 
0.379542 0.044099 0.329730 
0.338284 0.080111 0.409459 
0.321921 0.088328 0.417477 
0.288355 0.109211 0.426942 
0.298299 0.104975 0.428586 
0.307996 0.109134 0.438006 
0.314199 0.118693 0.446361 
0.305079 0.110816 0.439080 
0.336301 0.094928 0.433900 
0.348558 0.085077 0.423913 
0.408042 0.107829 0.514025 
0.383983 0.038112 0.337031 
0.395876 0.047925 0.289695 
0.396449 0.029857 0.327864 
0.317517 0.116965 0.446260 
0.347443 0.091053 0.431643 
0.342546 0.087884 0.425496 
0.277954 0.113993 0.442528 
0.601287 -0.087991 -0.242290 
0.600035 -0.090429 -0.229547 
0.536405 -0.014061 0.130060 
0.531729 -0.012839 0.166109 
0.536783 -0.021822 0.133839 
0.547246 -0.026079 0.083971 
0.560880 -0.038030 0.016245 
0.561671 -0.047369 0.020612 
0.565561 -0.039163 -0.010671 
0.566249 -0.048161 -0.005616 
0.567613 -0.036813 -0.027074 
0.568922 -0.045072 -0.021308 
0.571414 -0.035370 -0.044407 
0.575583 -0.035684 -0.063292 
0.588366 -0.053480 -0.106085 
0.595030 -0.074230 -0.150148 
0.596565 -0.083038 -0.161104 
0.594466 -0.078092 -0.140434 
0.586845 -0.059183 -0.096876 
0.575598 -0.042442 -0.055352 
0.571846 -0.043045 -0.037799 
0.521697 0.014044 0.245083 
0.513056 0.023928 0.303468 
0.512578 0.032218 0.302414 
0.527523 0.002618 0.195963 
0.527362 -0.004196 0.198462 
0.507853 0.039028 0.338031 
0.504335 0.032804 0.363096 
0.494933 0.057546 0.418008 
0.434699 0.130849 0.342954 
0.419569 0.180126 0.502066 
0.426341 0.166044 0.507196 
0.424277 0.163285 0.520403 
0.454247 0.143722 0.520318 
0.459172 0.134220 0.502202 
0.462631 0.128726 0.477201 
0.463017 0.117154 0.492613 
0.460943 0.127071 0.494146 
0.459741 0.114944 0.509065 
0.459741 0.114944 0.509065 
0.468377 0.099523 0.542780 
0.484244 0.077956 0.498881 
0.481426 0.083975 0.517093 
0.496062 0.030068 0.499137 
0.494701 0.041236 0.514073 
0.494633 0.030941 0.513725 
0.485752 0.051793 0.533599 
0.481563 0.060765 0.523513 
0.478869 0.064279 0.523272 
0.479365 0.059638 0.533475 
0.420261 0.165195 0.518875 
0.422785 0.166575 0.513719 
0.421644 0.174698 0.504454 
0.407426 0.189148 0.511588 
0.394948 0.187929 0.521406 
0.391898 0.187230 0.523579 
0.383833 0.188816 0.525084 
0.340311 0.178932 0.550132 
0.357382 0.182091 0.540047 
0.342256 0.175946 0.553074 
0.441980 0.106423 0.555328 
0.455256 0.113618 0.527885 
0.439598 0.111649 0.545518 
0.459637 0.128355 0.502367 
0.504710 0.024331 0.362504 
0.507572 0.029954 0.338543 
0.385884 0.186557 0.529397 
0.393529 0.184117 0.526112 
0.452501 0.050119 0.563680 
0.397547 0.022686 0.529455 
0.352409 0.024337 0.448445 
0.350095 0.017196 0.449132 
0.349188 0.013166 0.448758 
0.344712 0.011812 0.451143 
0.344712 0.011812 0.451143 
0.345435 0.009582 0.454353 
0.341301 0.011198 0.456027 
0.341301 0.011198 0.456027 
0.341444 0.011703 0.461056 
0.341444 0.011703 0.461056 
0.337271 0.020354 0.472267 
0.337271 0.020354 0.472267 
0.335825 0.027651 0.477553 
0.335825 0.027651 0.477553 
0.336143 0.034481 0.476214 
0.347591 0.039447 0.463054 
0.347591 0.039447 0.463054 
0.339727 0.040037 0.472804 
0.339727 0.040037 0.472804 
0.352115 0.034685 0.454236 
0.352115 0.034685 0.454236 
0.340374 0.076800 0.545882 
0.449171 0.062909 0.560273 
0.450996 0.070089 0.563939 
0.451257 0.066756 0.561811 
0.428845 0.104387 0.559804 
0.417830 0.067986 0.573001 
0.417830 0.067986 0.573001 
0.437412 0.071714 0.569472 
0.388484 0.092613 0.566346 
0.413162 0.099140 0.562254 
0.411265 0.100532 0.558687 
0.387869 0.094202 0.562786 
0.340111 0.080428 0.564872 
0.329079 0.037385 0.524162 
0.437011 0.067438 0.567649 
0.423979 0.039344 0.559765 
0.410003 0.034840 0.560520 
0.411276 -0.012870 0.469071 
0.411276 -0.012870 0.469071 
0.411276 -0.012870 0.469071 
0.411455 -0.018651 0.469654 
0.411455 -0.018651 0.469654 
0.411455 -0.018651 0.469654 
0.411455 -0.018651 0.469654 
0.412144 -0.009555 0.468971 
0.412144 -0.009555 0.468971 
0.412144 -0.009555 0.468971 
0.412144 -0.009555 0.468971 
0.411170 -0.007134 0.470831 
0.304835 0.141993 0.478650 
0.300140 0.140888 0.488669 
0.273271 0.163974 0.510280 
0.282378 0.162098 0.502078 
0.367338 0.137679 0.518212 
0.346475 0.105007 0.536582 
0.330457 0.127692 0.542488 
0.332388 0.100510 0.549691 
0.332222 0.101704 0.548180 
0.330977 0.096749 0.552099 
0.330458 0.092404 0.551441 
0.328609 0.093610 0.554760 
0.328148 0.089815 0.550864 
0.329369 0.079527 0.517753 
0.335466 0.076957 0.437504 
0.336091 0.089568 0.453732 
0.332289 0.064898 0.434641 
0.342351 0.100590 0.544023 
0.342351 0.100590 0.544023 
0.350003 0.099811 0.540952 
0.350003 0.099811 0.540952 
0.344572 0.098686 0.545999 
0.361376 0.110254 0.563280 
0.414142 0.110249 0.544945 
0.308453 0.061642 0.450231 
0.310430 0.058450 0.444325 
0.313274 0.055872 0.435585 
0.315027 0.058652 0.433055 
0.315027 0.058652 0.433055 
0.315027 0.058652 0.433055 
0.315027 0.058652 0.433055 
0.418584 0.115412 0.548132 
0.391081 0.148374 0.544460 
0.354422 0.141499 0.550125 
0.389765 0.150272 0.540822 
0.336443 0.136315 0.561981 
0.354187 0.139153 0.554386 
0.314317 0.126929 0.543301 
0.319507 0.124872 0.527149 
0.307211 0.072493 0.458881 
0.307535 0.068675 0.455689 
0.305957 0.076969 0.460826 
0.305957 0.076969 0.460826 
0.308248 0.083523 0.459812 
0.313720 0.088354 0.456437 
0.313720 0.088354 0.456437 
0.319847 0.089117 0.445285 
0.346721 0.139879 0.553805 
0.411148 0.103414 0.539993 
0.311808 0.058154 0.439131 
0.311808 0.058154 0.439131 
0.317451 0.059873 0.429364 
0.318889 0.064004 0.429242 
0.318889 0.064004 0.429242 
0.321859 0.067175 0.426326 
0.324215 0.074984 0.428223 
0.324215 0.074984 0.428223 
0.322193 0.070842 0.428396 
0.323317 0.081734 0.434535 
0.321703 0.076864 0.429143 
0.321703 0.076864 0.429143 
0.322121 0.083595 0.437778 
0.322121 0.083595 0.437778 
0.326777 0.131687 0.544355 
0.326777 0.131687 0.544355 
0.392351 0.153044 0.523848 
0.392351 0.153044 0.523848 
0.331263 0.073463 0.430516 
0.398277 0.159743 0.526793 
0.407832 0.162681 0.525098 
0.384012 0.163924 0.533775 
0.361097 0.160172 0.547773 
0.362168 0.163770 0.549053 
0.379506 0.153514 0.527894 
0.311197 0.086935 0.459607 
0.307770 0.080554 0.462220 
0.306071 0.071284 0.456025 
0.306498 0.064265 0.445639 
0.319281 0.066854 0.427031 
0.315975 0.060437 0.429992 
0.315975 0.060437 0.429992 
0.351551 0.029869 0.449281 
0.351551 0.029869 0.449281 
0.336180 0.031451 0.478456 
0.334256 0.020748 0.468177 
0.356883 0.028229 0.449053 
0.371951 0.085119 0.542967 
0.394339 0.089633 0.538761 
0.405980 0.090679 0.534635 
0.364501 0.085232 0.546268 
0.351406 0.078337 0.552605 
0.351406 0.078337 0.552605 
0.351406 0.078337 0.552605 
0.359525 0.067957 0.544128 
0.353132 0.006210 0.460090 
0.355937 0.007920 0.456660 
0.373528 0.050137 0.556980 
0.352623 0.033527 0.541521 
0.351336 0.042700 0.564416 
0.351295 0.041758 0.561187 
0.356820 0.054241 0.556109 
0.401295 0.028632 0.544497 
0.401295 0.028632 0.544497 
0.405746 0.023961 0.543854 
0.405746 0.023961 0.543854 
0.405746 0.023961 0.543854 
0.405746 0.023961 0.543854 
0.413722 0.016313 0.529682 
0.416870 0.000097 0.502333 
0.419022 -0.008040 0.474885 
0.419022 -0.008040 0.474885 
0.409127 0.007511 0.546971 
0.409127 0.007511 0.546971 
0.406780 0.018190 0.542995 
0.406780 0.018190 0.542995 
0.408192 0.013477 0.546254 
0.407573 0.004086 0.549778 
0.407573 0.004086 0.549778 
0.418640 -0.018172 0.472771 
0.412870 -0.015757 0.467561 
0.412870 -0.015757 0.467561 
0.412870 -0.015757 0.467561 
0.269615 0.104671 0.475544 
0.276854 0.114291 0.476734 
0.272214 0.106761 0.482458 
0.272214 0.106761 0.482458 
0.274903 0.114478 0.501635 
0.291677 0.129809 0.538557 
0.310857 0.151010 0.540525 
0.310147 0.153702 0.538219 
0.308037 0.159709 0.535877 
0.268291 0.157635 0.477483 
0.268291 0.157635 0.477483 
-0.522082 -0.033308 -0.573835 
-0.530842 -0.043197 -0.541787 
-0.539615 -0.061655 -0.497905 
-0.547454 -0.079555 -0.461001 
-0.549808 -0.072015 -0.455465 
-0.555527 -0.083443 -0.429985 
-0.560909 -0.082049 -0.410710 
-0.564094 -0.076227 -0.403642 
-0.567844 -0.060445 -0.400969 
-0.575184 -0.062598 -0.378220 
-0.582365 -0.065319 -0.355207 
-0.587541 -0.068598 -0.332057 
-0.591461 -0.071768 -0.308327 
-0.593980 -0.072921 -0.284906 
-0.593980 -0.072921 -0.284906 
-0.593565 -0.067987 -0.297498 
-0.594564 -0.076646 -0.272739 
-0.594564 -0.076646 -0.272739 
-0.590156 -0.065500 -0.321351 
-0.409350 -0.133458 -0.518055 
-0.434781 -0.146437 -0.453018 
-0.401742 -0.130288 -0.517112 
-0.390705 -0.124059 -0.550249 
-0.446269 -0.155172 -0.409455 
-0.462189 -0.176546 -0.345029 
-0.449134 -0.163402 -0.371066 
-0.599237 -0.071369 -0.131341 
-0.601038 -0.066721 -0.156122 
-0.600282 -0.076820 -0.186582 
-0.602508 -0.061474 -0.163777 
-0.602756 -0.059016 -0.143983 
-0.601734 -0.069836 -0.204554 
-0.601734 -0.069836 -0.204554 
-0.599567 -0.077595 -0.216209 
-0.596244 -0.081304 -0.249350 
-0.598213 -0.073186 -0.237248 
-0.585461 -0.062108 -0.345153 
-0.579039 -0.059239 -0.368906 
-0.572802 -0.056246 -0.392679 
-0.564147 -0.065204 -0.409228 
-0.560875 -0.070599 -0.416766 
-0.560629 -0.059289 -0.422947 
-0.563768 -0.054533 -0.415167 
-0.558048 -0.076712 -0.423678 
-0.598477 -0.071017 -0.114017 
-0.599552 -0.063996 -0.102233 
-0.596599 -0.072216 -0.098005 
-0.597599 -0.059248 -0.075425 
-0.594530 -0.068537 -0.071744 
-0.600510 -0.063712 -0.119072 
-0.542371 -0.149937 -0.123558 
-0.479531 -0.148847 -0.096386 
-0.491996 -0.128094 -0.040869 
-0.475387 -0.172732 -0.164428 
-0.468609 -0.186387 -0.312889 
-0.470276 -0.191385 -0.279560 
-0.460661 -0.182758 -0.305847 
-0.475897 -0.192939 -0.246472 
-0.464723 -0.188111 -0.271491 
-0.473205 -0.189514 -0.233832 
-0.594627 -0.056319 -0.048787 
-0.591207 -0.065662 -0.045496 
-0.591993 -0.054590 -0.023693 
-0.591642 -0.053768 0.002291 
-0.593217 -0.044384 -0.001092 
-0.590615 -0.043844 0.027202 
-0.584500 -0.009868 0.130359 
-0.584420 0.003676 0.177557 
-0.555824 -0.023343 0.202090 
-0.463174 -0.168815 -0.165237 
-0.467255 -0.175166 -0.179328 
-0.472944 -0.179097 -0.183158 
-0.467460 -0.183440 -0.210156 
-0.457298 -0.182353 -0.232146 
-0.466123 -0.187876 -0.248736 
-0.463412 -0.180781 -0.205510 
-0.535766 -0.093403 0.036809 
-0.517374 -0.075749 0.082570 
-0.532827 -0.034804 0.178697 
-0.523505 -0.044041 0.151686 
-0.532310 -0.013788 0.231302 
-0.535006 -0.001621 0.269108 
-0.586654 0.026453 0.253148 
-0.585576 0.010569 0.175107 
-0.507461 -0.073169 0.082211 
-0.524158 -0.031752 0.179051 
-0.455358 -0.175260 -0.337880 
-0.599068 0.045712 0.475360 
-0.599068 0.045712 0.475360 
-0.597095 0.047383 0.513609 
-0.592697 0.035856 0.412405 
-0.589391 0.030309 0.386369 
-0.588941 0.035654 0.372431 
-0.590570 0.039020 0.381755 
-0.570353 0.028167 0.492504 
-0.593540 0.050212 0.531425 
-0.598254 0.051888 0.515191 
-0.583884 0.048728 0.544830 
-0.567873 0.044505 0.550824 
-0.560142 0.012630 0.449527 
-0.545971 -0.001241 0.403808 
-0.567147 0.021039 0.469017 
-0.537107 -0.002213 0.356960 
-0.539407 -0.003002 0.384750 
-0.529550 0.001310 0.356141 
-0.530085 0.001904 0.289661 
-0.537429 -0.003110 0.337943 
-0.529809 0.000923 0.337526 
-0.521752 0.006167 0.289956 
-0.587909 0.036155 0.357373 
-0.589543 0.044816 0.365073 
-0.585887 0.034809 0.302153 
-0.526779 0.001619 0.269582 
-0.512262 0.005784 0.501437 
-0.492881 0.012724 0.497224 
-0.508314 -0.004321 0.463661 
-0.509267 -0.000383 0.458017 
-0.435548 0.120436 -0.503051 
-0.424672 0.137746 -0.559026 
-0.448101 0.116239 -0.500637 
-0.454090 0.089716 -0.426859 
-0.340621 0.078251 -0.534058 
-0.475228 0.049438 -0.368347 
-0.465687 0.066069 -0.387295 
-0.474982 0.059468 -0.384969 
-0.464708 0.082856 -0.423518 
-0.484516 0.034610 -0.351846 
-0.483722 0.044275 -0.368564 
-0.498296 0.034307 -0.365981 
-0.501537 0.027581 -0.352866 
-0.521767 0.023852 -0.350175 
-0.511750 0.031756 -0.371778 
-0.534630 0.018919 -0.328459 
-0.541253 0.023404 -0.257654 
-0.543806 0.034418 -0.217470 
-0.550914 0.030014 -0.230702 
-0.537496 0.047627 -0.154490 
-0.540881 0.041294 -0.187149 
-0.548401 0.036573 -0.202521 
-0.545976 0.043709 -0.172098 
-0.543498 0.048672 -0.139988 
-0.535483 0.051785 -0.119995 
-0.543381 0.052089 -0.107030 
-0.532287 0.058127 -0.066263 
-0.529781 0.070538 0.022915 
-0.528338 0.077998 0.064514 
-0.522689 0.086055 0.103378 
-0.530283 0.085784 0.107989 
-0.518798 0.097884 0.143465 
-0.526526 0.096625 0.147499 
-0.512792 0.115933 0.200043 
-0.520385 0.102759 0.165027 
-0.521201 0.114320 0.203338 
-0.477861 0.083800 0.177856 
-0.472693 0.112064 0.256744 
-0.475258 0.077050 0.178145 
-0.473438 0.048535 0.093981 
-0.473438 0.048535 0.093981 
-0.472505 0.041931 0.071283 
-0.471971 0.036275 0.049478 
-0.352120 0.058098 -0.480351 
-0.389034 0.031741 -0.389466 
-0.368816 0.035748 -0.427011 
-0.384337 0.020940 -0.392524 
-0.405406 0.013717 -0.359557 
-0.427872 -0.006357 -0.322208 
-0.419040 -0.016484 -0.330468 
-0.423867 -0.020766 -0.319661 
-0.410415 -0.032265 -0.337867 
-0.404021 -0.038685 -0.346492 
-0.416132 -0.029404 -0.327922 
-0.405985 -0.031890 -0.348038 
-0.412645 -0.026930 -0.336797 
-0.406646 -0.050947 -0.328181 
-0.401836 -0.053165 -0.340101 
-0.409839 -0.055476 -0.312590 
-0.405133 -0.058476 -0.324087 
-0.468771 0.024072 0.030538 
-0.469822 0.028975 0.051667 
-0.469822 0.028975 0.051667 
-0.469822 0.028975 0.051667 
-0.450364 -0.016376 -0.046067 
-0.459380 -0.000706 -0.009145 
-0.463725 0.007666 0.032009 
-0.447515 -0.019953 -0.062794 
-0.413914 -0.065498 -0.284411 
-0.415694 -0.070896 -0.260267 
-0.410230 -0.075846 -0.282476 
-0.412187 -0.059768 -0.297936 
-0.409572 -0.068517 -0.295322 
-0.407922 -0.063264 -0.309146 
-0.411101 -0.082938 -0.258125 
-0.418392 -0.069944 -0.205586 
-0.428979 -0.052093 -0.142040 
-0.435707 -0.036716 -0.126361 
-0.444241 -0.029002 -0.062759 
-0.456417 -0.009420 -0.009504 
-0.466208 0.016049 0.031536 
-0.466208 0.016049 0.031536 
-0.512420 0.128955 0.249962 
-0.521238 0.135796 0.280751 
-0.520609 0.128389 0.252363 
-0.513176 0.136348 0.279011 
-0.465364 0.112940 0.280249 
-0.469951 0.104603 0.255453 
-0.468846 0.119730 0.281928 
-0.458707 0.130047 0.306797 
-0.454740 0.125171 0.305145 
-0.483834 0.176589 0.370133 
-0.488388 0.159964 0.337265 
-0.490136 0.175663 0.370478 
-0.439006 0.138390 0.328000 
-0.423195 0.150340 0.347527 
-0.445872 0.143897 0.329092 
-0.400861 0.154361 0.371800 
-0.418290 0.143270 0.346445 
-0.380302 0.160000 0.405341 
-0.488949 0.190468 0.399561 
-0.497981 0.205830 0.439255 
-0.468594 0.189296 0.458573 
-0.447276 0.162895 0.449218 
-0.427305 0.157688 0.444607 
-0.423595 0.155959 0.445499 
-0.433481 0.152754 0.450348 
-0.424975 0.161990 0.440684 
-0.428983 0.168183 0.434412 
-0.424612 0.173992 0.425479 
-0.420796 0.172128 0.432299 
-0.378265 0.154627 0.405871 
-0.369959 0.159740 0.430261 
-0.396926 0.148332 0.370890 
-0.502744 0.212836 0.461366 
-0.502610 0.206514 0.442997 
-0.500725 0.218881 0.476726 
-0.502929 0.218217 0.486423 
-0.505536 0.217489 0.480254 
-0.493303 0.217464 0.498108 
-0.496509 0.216871 0.501907 
-0.462553 0.191821 0.493159 
-0.437282 0.204185 0.548521 
-0.396724 0.188855 0.552930 
-0.421765 0.189763 0.530400 
-0.416623 0.189435 0.539151 
-0.500945 0.149710 0.315982 
-0.507035 0.144900 0.304315 
-0.508224 0.149103 0.316829 
-0.494832 0.154593 0.327251 
-0.502124 0.154399 0.327614 
-0.495903 0.159677 0.337565 
-0.365883 0.152182 0.479181 
-0.384990 0.170344 0.522522 
-0.469337 0.190736 0.480766 
-0.371607 0.166496 0.521960 
-0.471989 0.189768 0.472889 
-0.471989 0.189768 0.472889 
-0.471989 0.189768 0.472889 
-0.375222 0.187101 0.502936 
-0.450908 -0.021984 -0.028531 
-0.467644 0.021122 0.052915 
-0.472074 0.049004 0.118423 
-0.471549 0.040779 0.141510 
-0.472237 0.055997 0.160837 
-0.473080 0.063664 0.160331 
-0.471699 0.072674 0.209824 
-0.470558 0.074602 0.238842 
-0.471065 0.070851 0.252844 
-0.468874 0.079927 0.253062 
-0.469662 0.083321 0.239224 
-0.472292 0.065897 0.266730 
-0.469022 0.075819 0.266869 
-0.553830 0.064138 0.526145 
-0.553830 0.064138 0.526145 
-0.520452 0.115514 0.522075 
-0.520452 0.115514 0.522075 
-0.519791 0.121738 0.526314 
-0.519791 0.121738 0.526314 
-0.516806 0.123584 0.525793 
-0.495393 0.162202 0.508538 
-0.495393 0.162202 0.508538 
-0.497450 0.151022 0.503721 
-0.497450 0.151022 0.503721 
-0.497381 0.170046 0.512346 
-0.488167 0.170447 0.515760 
-0.494656 0.164361 0.509337 
-0.449395 0.163565 0.530426 
-0.424416 0.170139 0.544863 
-0.381425 0.132859 0.402536 
-0.371068 0.143594 0.428565 
-0.389702 0.120079 0.391588 
-0.387327 0.124939 0.388535 
-0.407563 0.100763 0.365001 
-0.423341 0.088901 0.347192 
-0.464711 0.059324 0.330582 
-0.411773 0.140185 0.448852 
-0.481976 0.046621 0.316032 
-0.472335 0.063393 0.292379 
-0.469888 0.069442 0.282048 
-0.436656 0.151182 0.451988 
-0.421995 0.145099 0.450599 
-0.415013 0.138557 0.448749 
-0.426091 0.143082 0.450928 
-0.557418 0.073397 0.536562 
-0.595477 -0.066552 -0.274206 
-0.596180 -0.069019 -0.261417 
-0.544720 -0.015793 -0.477669 
-0.539424 0.088578 0.134197 
-0.589127 -0.004763 0.056478 
-0.586297 0.008613 0.139970 
-0.585614 0.007360 0.103636 
-0.586455 -0.000409 0.107293 
-0.594011 -0.017768 -0.039820 
-0.595755 -0.026751 -0.034936 
-0.593576 -0.015435 -0.056460 
-0.595678 -0.023627 -0.050876 
-0.594739 -0.014008 -0.074141 
-0.596572 -0.014039 -0.093356 
-0.603352 -0.052726 -0.182179 
-0.602150 -0.032223 -0.137544 
-0.603794 -0.056623 -0.172453 
-0.602467 -0.037764 -0.128230 
-0.597228 -0.021030 -0.085531 
-0.596129 -0.021612 -0.067620 
-0.587853 0.024415 0.169957 
-0.587934 0.035641 0.219508 
-0.586716 0.017259 0.172605 
-0.594773 -0.025933 -0.008338 
-0.587631 0.053791 0.277526 
-0.587485 0.045337 0.278582 
-0.586536 0.058125 0.301756 
-0.586119 0.060029 0.313677 
-0.524139 0.201597 0.488653 
-0.537154 0.175318 0.439669 
-0.563082 0.155552 0.483056 
-0.565436 0.136830 0.489838 
-0.599727 0.062538 0.489631 
-0.600189 0.052393 0.489287 
-0.531372 0.177796 0.524206 
-0.531372 0.177796 0.524206 
-0.527053 0.186463 0.504971 
-0.530056 0.190421 0.483415 
-0.528091 0.194441 0.482012 
-0.526527 0.196137 0.490729 
-0.499928 0.208841 0.514075 
-0.554150 0.128116 0.538236 
-0.550147 0.133014 0.528546 
-0.599518 0.051534 0.474609 
-0.587814 0.054210 0.338826 
-0.587234 0.051413 0.314079 
-0.494077 0.207613 0.519660 
-0.501738 0.205482 0.516099 
-0.586546 0.099234 0.476207 
-0.452538 0.056516 0.451158 
-0.452538 0.056516 0.451158 
-0.449347 0.057642 0.454269 
-0.450401 0.051595 0.447269 
-0.450401 0.051595 0.447269 
-0.450401 0.051595 0.447269 
-0.450401 0.051595 0.447269 
-0.451485 0.049974 0.445130 
-0.451485 0.049974 0.445130 
-0.445140 0.032244 0.449060 
-0.447194 0.038071 0.445562 
-0.447194 0.038071 0.445562 
-0.443521 0.032370 0.452407 
-0.443521 0.032370 0.452407 
-0.443521 0.032370 0.452407 
-0.440430 0.035465 0.462276 
-0.439982 0.032787 0.454466 
-0.439982 0.032787 0.454466 
-0.436472 0.046370 0.474852 
-0.436472 0.046370 0.474852 
-0.437858 0.052739 0.476697 
-0.437858 0.052739 0.476697 
-0.440514 0.059247 0.474972 
-0.447705 0.060372 0.459506 
-0.447705 0.060372 0.459506 
-0.442218 0.061670 0.468864 
-0.442218 0.061670 0.468864 
-0.445226 0.062033 0.463287 
-0.445226 0.062033 0.463287 
-0.554538 0.079696 0.540087 
-0.561908 0.084309 0.541993 
-0.564113 0.091591 0.545109 
-0.564165 0.088184 0.543165 
-0.551697 0.093091 0.553043 
-0.526059 0.087994 0.560120 
-0.502651 0.113814 0.556461 
-0.501489 0.116053 0.553299 
-0.490338 0.112496 0.558584 
-0.486241 0.110106 0.565187 
-0.463351 0.104966 0.568000 
-0.454293 0.101892 0.562395 
-0.550961 0.088832 0.551086 
-0.503417 0.039965 0.512222 
-0.410386 0.160826 0.465600 
-0.494575 0.126847 0.519328 
-0.474698 0.159583 0.512279 
-0.453836 0.122028 0.541418 
-0.444420 0.123142 0.547005 
-0.444952 0.118636 0.550170 
-0.441804 0.115049 0.554041 
-0.441006 0.111518 0.550240 
-0.439435 0.102478 0.528162 
-0.432868 0.098400 0.436658 
-0.422656 0.075860 0.441231 
-0.422656 0.075860 0.441231 
-0.489634 0.134958 0.551222 
-0.437192 0.125065 0.568778 
-0.406417 0.090052 0.474548 
-0.406938 0.084030 0.459085 
-0.407738 0.079869 0.447443 
-0.409489 0.077824 0.438344 
-0.409489 0.077824 0.438344 
-0.415376 0.075475 0.435609 
-0.410729 0.080314 0.435711 
-0.410729 0.080314 0.435711 
-0.410729 0.080314 0.435711 
-0.410729 0.080314 0.435711 
-0.519227 0.175264 0.528667 
-0.467053 0.160539 0.549965 
-0.500238 0.171942 0.531408 
-0.466632 0.163200 0.545747 
-0.405376 0.095248 0.462986 
-0.405376 0.095248 0.462986 
-0.406645 0.089978 0.458700 
-0.406645 0.089978 0.458700 
-0.407828 0.104971 0.463113 
-0.410942 0.109555 0.458740 
-0.410942 0.109555 0.458740 
-0.417416 0.107222 0.444077 
-0.417416 0.107222 0.444077 
-0.414919 0.111168 0.451744 
-0.418552 0.105946 0.440190 
-0.538684 0.132377 0.532091 
-0.406850 0.086384 0.454352 
-0.406850 0.086384 0.454352 
-0.407855 0.081033 0.445337 
-0.414020 0.085326 0.431531 
-0.412619 0.081148 0.431334 
-0.416534 0.088475 0.427691 
-0.417050 0.092302 0.429855 
-0.417050 0.092302 0.429855 
-0.415897 0.098669 0.431946 
-0.415897 0.098669 0.431946 
-0.418380 0.096506 0.429949 
-0.440189 0.151429 0.542794 
-0.440189 0.151429 0.542794 
-0.500521 0.174199 0.514428 
-0.508797 0.179794 0.516460 
-0.426994 0.098743 0.433376 
-0.418776 0.102267 0.435461 
-0.504090 0.179725 0.516225 
-0.515851 0.184046 0.513062 
-0.410955 0.108215 0.462610 
-0.412650 0.109964 0.458927 
-0.412650 0.109964 0.458927 
-0.407088 0.098053 0.465043 
-0.407088 0.098053 0.465043 
-0.404046 0.087061 0.452183 
-0.406266 0.079846 0.437694 
-0.405163 0.092743 0.459608 
-0.414187 0.088208 0.429246 
-0.411177 0.081990 0.432494 
-0.411177 0.081990 0.432494 
-0.442331 0.033519 0.449320 
-0.442331 0.033519 0.449320 
-0.435592 0.041979 0.467468 
-0.437671 0.049085 0.476614 
-0.437671 0.049085 0.476614 
-0.464121 0.052751 0.456149 
-0.464044 0.099775 0.548591 
-0.464044 0.099775 0.548591 
-0.462077 0.078235 0.501852 
-0.466356 0.094627 0.547652 
-0.460283 0.040729 0.487821 
-0.532357 0.075111 0.542313 
-0.501539 0.071466 0.540258 
-0.464153 0.059040 0.547367 
-0.482538 0.068770 0.556185 
0.265392 0.146589 0.446177 
0.265392 0.146589 0.446177 
0.265392 0.146589 0.446177 
0.263305 0.153115 0.467874 
0.260998 0.141656 0.453560 
0.256150 0.146370 0.468447 
0.250930 0.153135 0.518696 
0.252246 0.162397 0.516531 
0.264282 0.159654 0.519955 
0.263220 0.146882 0.516824 
0.263220 0.146882 0.516824 
0.255823 0.143539 0.514349 
0.255823 0.143539 0.514349 
0.258016 0.130515 0.472840 
0.262349 0.127105 0.464824 
0.262800 0.134088 0.475612 
0.262800 0.134088 0.475612 
0.252566 0.132853 0.489329 
0.259354 0.105632 0.472151 
0.262259 0.107679 0.464768 
0.254165 0.135461 0.487435 
0.250395 0.139509 0.498245 
0.247111 0.114733 0.517754 
0.248395 0.112057 0.505344 
0.253988 0.108139 0.490925 
0.252615 0.148111 0.531590 
0.260834 0.128722 0.545128 
0.260834 0.128722 0.545128 
0.282696 0.141121 0.558621 
0.249486 0.119844 0.532390 
0.263748 0.143514 0.498431 
0.252086 0.150060 0.525679 
0.259575 0.153916 0.529220 
0.259575 0.153916 0.529220 
0.259575 0.153916 0.529220 
0.263566 0.150429 0.514784 
0.269547 0.159374 0.534372 
0.269547 0.159374 0.534372 
0.276915 0.149035 0.515543 
0.264463 0.145968 0.513329 
0.264501 0.103178 0.480662 
0.262696 0.105278 0.468846 
0.261923 0.103846 0.489987 
0.264828 0.118808 0.520194 
0.257581 0.119249 0.535711 
0.265460 0.122118 0.524919 
0.265460 0.122118 0.524919 
0.248823 0.146765 0.527442 
0.263396 0.154639 0.533598 
0.263396 0.154639 0.533598 
0.274411 0.133588 0.479356 
0.290480 0.171138 0.555028 
0.294910 0.145285 0.567308 
0.267829 0.138597 0.511532 
0.267829 0.138597 0.511532 
0.256520 0.136801 0.507748 
0.259070 0.128860 0.496361 
0.264014 0.126701 0.444653 
0.256141 0.133467 0.461715 
0.266024 0.142138 0.441638 
0.268730 0.140259 0.434628 
0.271424 0.140109 0.429910 
0.267671 0.125676 0.436363 
0.265888 0.121423 0.458883 
0.265888 0.121423 0.458883 
0.263968 0.120430 0.474679 
0.377706 0.103703 0.310514 
0.389539 0.100630 0.298008 
0.396817 0.155896 0.378499 
0.314647 0.152759 0.435272 
0.316339 0.151462 0.437834 
0.316339 0.151462 0.437834 
0.304303 0.156338 0.432465 
0.274160 0.118832 0.432120 
0.268405 0.119697 0.469209 
0.269319 0.119566 0.464779 
0.263653 0.167555 0.510817 
0.264644 0.168634 0.499986 
0.264644 0.168634 0.499986 
0.264644 0.168634 0.499986 
0.265179 0.167075 0.507363 
0.253984 0.155902 0.484287 
0.257537 0.152680 0.477232 
0.266095 0.160009 0.479037 
0.266095 0.160009 0.479037 
0.266095 0.160009 0.479037 
0.266095 0.160009 0.479037 
0.249051 0.149278 0.491782 
0.245639 0.154786 0.499832 
0.245639 0.154786 0.499832 
0.244891 0.155048 0.506515 
0.259764 0.168392 0.498566 
0.593278 -0.098427 -0.154916 
0.559585 -0.065948 0.027713 
0.562960 -0.086804 -0.016871 
0.523765 -0.017509 0.202864 
0.531461 -0.031351 0.156369 
0.492433 0.026151 0.521007 
0.495473 0.024387 0.499741 
0.488816 0.030464 0.539138 
0.474304 0.027687 0.563809 
0.440266 0.018574 0.569302 
0.429457 0.017310 0.569308 
0.408712 0.014130 0.571354 
0.410098 0.001019 0.552424 
0.427351 0.005521 0.544846 
0.452501 0.014298 0.542527 
0.446212 0.010368 0.543273 
0.403514 -0.003672 0.549688 
0.404747 -0.001186 0.553542 
0.391338 0.003982 0.559242 
0.386099 -0.005956 0.509117 
0.397247 -0.017572 0.491859 
0.405678 -0.017137 0.509952 
0.416205 -0.025218 0.488104 
0.405256 -0.012718 0.520083 
0.404854 -0.011427 0.526889 
0.386923 -0.002554 0.525691 
0.385393 0.000664 0.541988 
0.412863 -0.015917 0.505734 
0.416310 -0.025502 0.478229 
0.407161 -0.024862 0.472517 
0.410068 -0.023755 0.471612 
0.410068 -0.023755 0.471612 
0.395343 -0.014519 0.490364 
0.502528 0.012352 -0.335755 
0.518246 0.012674 -0.347336 
0.492474 0.048246 0.042133 
0.481072 0.064216 0.126369 
0.416254 0.055777 0.187652 
0.421588 0.042102 0.148736 
0.431848 0.014929 0.059922 
0.330295 0.152467 0.425051 
0.330479 0.144351 0.435849 
0.330161 0.136353 0.444425 
0.329277 0.130732 0.448814 
0.405346 0.176743 0.426310 
0.400870 0.194613 0.480005 
0.335427 0.131362 0.451000 
0.291393 0.165543 0.478119 
0.295556 0.163201 0.468158 
0.274339 0.165337 0.504488 
0.294947 0.162425 0.458015 
0.347304 0.174052 0.504019 
0.355033 0.169796 0.499821 
0.355033 0.169796 0.499821 
0.368420 0.169082 0.483494 
0.313640 0.181874 0.556872 
0.324982 0.182329 0.548630 
0.305240 0.178280 0.562571 
0.305240 0.178280 0.562571 
0.310167 0.167681 0.528617 
0.306515 0.168614 0.535838 
0.307636 0.166966 0.534391 
0.265524 0.128589 0.466557 
0.275640 0.128303 0.472966 
0.275928 0.125136 0.470826 
0.275928 0.125136 0.470826 
0.272680 0.137616 0.493585 
0.269296 0.140527 0.497668 
0.305572 0.164867 0.532528 
0.263626 0.145678 0.510856 
0.263653 0.167555 0.510817 
0.263653 0.167555 0.510817 
0.439875 0.052645 0.550842 
0.439875 0.052645 0.550842 
0.444920 0.053064 0.554021 
0.444920 0.053064 0.554021 
0.427136 0.059284 0.541313 
0.420753 0.072551 0.532712 
0.414898 0.081952 0.530328 
0.411169 0.089719 0.533390 
0.409023 0.099182 0.535814 
0.409023 0.099182 0.535814 
0.399890 0.103018 0.535475 
0.391524 0.105822 0.527833 
0.390804 0.107721 0.524158 
0.390804 0.107721 0.524158 
0.387909 0.119159 0.513241 
0.387192 0.132711 0.514073 
0.387188 0.139981 0.516907 
0.382017 0.140844 0.517127 
0.380056 0.149075 0.523623 
0.380056 0.149075 0.523623 
0.375560 0.148045 0.523969 
0.370251 0.146062 0.517321 
0.354351 0.162670 0.500177 
0.357253 0.152240 0.506661 
0.353247 0.145165 0.521314 
0.338578 0.146980 0.520190 
0.331524 0.141236 0.543644 
0.321956 0.153061 0.525646 
0.314778 0.155464 0.531570 
0.313637 0.146784 0.545799 
0.313637 0.146784 0.545799 
0.314904 0.143942 0.552266 
0.314904 0.143942 0.552266 
0.278224 0.118861 0.421588 
0.290835 0.108637 0.429559 
0.295870 0.107178 0.430266 
0.338357 0.129761 0.453061 
0.324065 0.123625 0.449543 
0.280956 0.114281 0.448345 
0.425133 0.173371 0.496147 
0.436279 0.161129 0.520249 
0.450456 0.143858 0.529933 
0.442643 0.147825 0.537294 
0.451275 0.110555 0.545623 
0.471502 0.095641 0.543219 
0.488645 0.053359 0.523586 
0.493032 0.040786 0.522381 
0.484061 0.068671 0.497493 
0.481251 0.064994 0.514259 
0.422695 0.153395 0.541167 
0.420372 0.158851 0.535325 
0.420372 0.158851 0.535325 
0.420261 0.165195 0.518875 
0.423440 0.170502 0.505750 
0.415511 0.181496 0.509468 
0.320756 0.175485 0.565752 
0.463339 0.098889 0.551723 
0.445081 0.104366 0.558478 
0.441980 0.106423 0.555328 
0.439598 0.111649 0.545518 
0.457658 0.135463 0.511890 
0.454334 0.139538 0.520757 
0.408399 0.185422 0.514087 
0.481426 0.083975 0.517093 
0.452501 0.050119 0.563680 
0.394514 0.030695 0.555152 
0.392880 0.026420 0.541196 
0.354040 0.028535 0.448418 
0.354040 0.028535 0.448418 
0.354040 0.028535 0.448418 
0.352409 0.024337 0.448445 
0.352513 0.020866 0.446827 
0.341301 0.011198 0.456027 
0.338247 0.014605 0.472377 
0.335825 0.027651 0.477553 
0.333704 0.024079 0.476839 
0.345293 0.044722 0.471299 
0.351196 0.040182 0.458354 
0.337726 0.050619 0.481948 
0.330459 0.025281 0.496597 
0.328627 0.031220 0.512469 
0.340239 0.065050 0.514911 
0.442168 0.058315 0.557152 
0.453114 0.061472 0.558129 
0.453195 0.055233 0.557753 
0.459939 0.068764 0.556430 
0.459939 0.068764 0.556430 
0.388130 0.059107 0.576712 
0.371073 0.088452 0.572126 
0.375880 0.091478 0.566364 
0.347937 0.083422 0.571417 
0.345718 0.050018 0.577828 
0.367518 0.055142 0.580443 
0.331469 0.043203 0.559003 
0.329079 0.037385 0.524162 
0.336367 0.046308 0.569765 
0.340408 0.078686 0.552835 
0.340374 0.076800 0.545882 
0.395535 0.018829 0.522208 
0.400945 0.003640 0.489820 
0.401483 -0.005175 0.477629 
0.417940 0.038011 0.558136 
0.410003 0.034840 0.560520 
0.406528 -0.004794 0.474955 
0.411170 -0.007134 0.470831 
0.315626 0.148257 0.445222 
0.317075 0.143346 0.448547 
0.312378 0.131962 0.455796 
0.309554 0.146666 0.467486 
0.311392 0.150884 0.457100 
0.304835 0.141993 0.478650 
0.307001 0.135013 0.470812 
0.300881 0.158618 0.478381 
0.298749 0.136791 0.487086 
0.279727 0.140215 0.508316 
0.308846 0.120016 0.448488 
0.314199 0.118693 0.446361 
0.382017 0.140844 0.517127 
0.344996 0.108633 0.534217 
0.332008 0.131092 0.536343 
0.329542 0.125667 0.539225 
0.330457 0.127692 0.542488 
0.333884 0.123219 0.540780 
0.336620 0.121019 0.534858 
0.329369 0.079527 0.517753 
0.341136 0.109634 0.516212 
0.333052 0.107065 0.491957 
0.331085 0.101244 0.476221 
0.322694 0.073413 0.491379 
0.345181 0.133818 0.525450 
0.330523 0.059050 0.463462 
0.334401 0.064668 0.438197 
0.324042 0.052100 0.443657 
0.324042 0.052100 0.443657 
0.330239 0.060844 0.435803 
0.336678 0.097263 0.550848 
0.342351 0.100590 0.544023 
0.330977 0.096749 0.552099 
0.340430 0.098483 0.548202 
0.355501 0.097915 0.539844 
0.346475 0.105007 0.536582 
0.385894 0.105418 0.528110 
0.321257 0.076701 0.500418 
0.344572 0.098686 0.545999 
0.345747 0.109932 0.568925 
0.360480 0.113257 0.564573 
0.376722 0.116630 0.560706 
0.407473 0.103914 0.539269 
0.406392 0.120980 0.552645 
0.305486 0.093031 0.531919 
0.306855 0.097021 0.549126 
0.304468 0.083915 0.510433 
0.302213 0.078835 0.496781 
0.311350 0.099823 0.561206 
0.321810 0.103572 0.568766 
0.305881 0.065132 0.457660 
0.319890 0.054625 0.433718 
0.413811 0.120225 0.551551 
0.413329 0.155355 0.540797 
0.316010 0.130939 0.554756 
0.314614 0.116245 0.511581 
0.312285 0.105961 0.477690 
0.318460 0.125613 0.535508 
0.319507 0.124872 0.527149 
0.315638 0.098696 0.462098 
0.319847 0.089117 0.445285 
0.326339 0.133760 0.563316 
0.423476 0.109714 0.547360 
0.429201 0.109876 0.548669 
0.307535 0.068675 0.455689 
0.321859 0.067175 0.426326 
0.322193 0.070842 0.428396 
0.335466 0.076957 0.437504 
0.324215 0.074984 0.428223 
0.381636 0.161068 0.533024 
0.343035 0.160810 0.559280 
0.382644 0.152984 0.525956 
0.379506 0.153514 0.527894 
0.300919 0.148353 0.571523 
0.323687 0.155489 0.570219 
0.305957 0.076969 0.460826 
0.313530 0.086028 0.444270 
0.321703 0.076864 0.429143 
0.313720 0.088354 0.456437 
0.322193 0.070842 0.428396 
0.319281 0.066854 0.427031 
0.318889 0.064004 0.429242 
0.345288 0.036564 0.459364 
0.351551 0.029869 0.449281 
0.339727 0.040037 0.472804 
0.344712 0.011812 0.451143 
0.349406 0.020589 0.447528 
0.351551 0.029869 0.449281 
0.365554 0.032027 0.460737 
0.365554 0.032027 0.460737 
0.362162 0.027643 0.453441 
0.356580 0.050907 0.496860 
0.360708 0.047429 0.486289 
0.353775 0.079758 0.551108 
0.351406 0.078337 0.552605 
0.361971 0.058288 0.522304 
0.359525 0.067957 0.544128 
0.359525 0.067957 0.544128 
0.362047 0.080516 0.546914 
0.357076 0.007492 0.466047 
0.357075 0.018377 0.492375 
0.355937 0.007920 0.456660 
0.344712 0.011812 0.451143 
0.348438 0.027014 0.509377 
0.389834 0.050015 0.550082 
0.373528 0.050137 0.556980 
0.421471 0.056018 0.543135 
0.350118 0.030337 0.527453 
0.349083 0.030041 0.520085 
0.354172 0.044923 0.563894 
0.363933 0.023605 0.454867 
0.444270 0.040431 0.542095 
0.427746 0.033433 0.536786 
0.404655 0.026843 0.542499 
0.412955 0.010760 0.519364 
0.412116 0.006400 0.511297 
0.420819 -0.007329 0.480646 
0.420822 -0.004810 0.489939 
0.277871 0.121687 0.472522 
0.275402 0.113895 0.472940 
0.281612 0.125910 0.534813 
0.281612 0.125910 0.534813 
0.273456 0.131432 0.520608 
0.267305 0.122692 0.529115 
0.267305 0.122692 0.529115 
0.306123 0.137832 0.549459 
0.268291 0.157635 0.477483 
-0.587764 -0.052436 0.030665 
-0.583814 -0.026880 0.101890 
-0.582438 -0.016399 0.133512 
-0.549583 0.038299 0.551894 
-0.543644 0.038814 0.553603 
-0.535958 0.035452 0.554527 
-0.518668 0.034036 0.557926 
-0.563711 0.037771 0.520198 
-0.567535 0.034993 0.520723 
-0.499062 0.022326 0.542005 
-0.500818 0.026902 0.547783 
-0.494649 0.018859 0.516918 
-0.492543 0.015739 0.500553 
-0.500284 0.003613 0.481820 
-0.503612 -0.001984 0.464230 
-0.498191 0.006811 0.480586 
-0.567246 0.029852 0.493398 
-0.521767 0.023852 -0.350175 
-0.530074 0.018519 -0.318793 
-0.537361 0.016278 -0.287845 
-0.542737 0.015066 -0.297027 
-0.548006 0.019041 -0.267112 
-0.540529 0.057017 -0.056737 
-0.419040 -0.016484 -0.330468 
-0.371814 0.163895 0.430543 
-0.412789 0.172936 0.440238 
-0.419200 0.173811 0.429820 
-0.498871 0.197842 0.415928 
-0.494063 0.191279 0.400789 
-0.462740 0.181183 0.454828 
-0.472841 0.194006 0.470988 
-0.468174 0.186204 0.461844 
-0.453457 0.169772 0.449286 
-0.447276 0.162895 0.449218 
-0.433481 0.152754 0.450348 
-0.427037 0.152174 0.449118 
-0.438105 0.205052 0.540751 
-0.463042 0.206739 0.529383 
-0.427020 0.203493 0.558174 
-0.380455 0.180635 0.542647 
-0.395368 0.188621 0.548284 
-0.406320 0.194843 0.558021 
-0.419974 0.199409 0.564972 
-0.419974 0.199409 0.564972 
-0.514716 0.144252 0.305465 
-0.371727 0.188934 0.517139 
-0.362036 0.163862 0.456134 
-0.364981 0.161749 0.443864 
-0.537281 0.080129 0.526177 
-0.550130 0.075132 0.535281 
-0.550130 0.075132 0.535281 
-0.522387 0.097562 0.518007 
-0.520374 0.111158 0.520881 
-0.516806 0.123584 0.525793 
-0.516806 0.123584 0.525793 
-0.516806 0.123584 0.525793 
-0.500137 0.127229 0.518305 
-0.498841 0.129298 0.514716 
-0.498841 0.129298 0.514716 
-0.498226 0.136331 0.507396 
-0.494577 0.140474 0.504695 
-0.493725 0.154109 0.504634 
-0.491966 0.160525 0.507726 
-0.491966 0.160525 0.507726 
-0.495393 0.162202 0.508538 
-0.497381 0.170046 0.512346 
-0.497381 0.170046 0.512346 
-0.488167 0.170447 0.515760 
-0.372048 0.139815 0.429524 
-0.427563 0.084103 0.352077 
-0.459515 0.065407 0.324191 
-0.557418 0.073397 0.536562 
-0.362586 0.150630 0.448691 
-0.593441 -0.016609 -0.012485 
-0.531546 0.184902 0.506165 
-0.528754 0.187797 0.499554 
-0.542459 0.181200 0.503934 
-0.540091 0.182114 0.509960 
-0.552445 0.169335 0.519889 
-0.564331 0.157151 0.493121 
-0.564067 0.148596 0.474769 
-0.565752 0.138589 0.472986 
-0.565436 0.136830 0.489838 
-0.581214 0.116911 0.521890 
-0.587624 0.105566 0.494503 
-0.587035 0.108717 0.485467 
-0.587756 0.090203 0.474783 
-0.594736 0.074542 0.499922 
-0.600426 0.062301 0.498180 
-0.587775 0.081090 0.511051 
-0.594221 0.073275 0.510232 
-0.532901 0.174810 0.526866 
-0.529526 0.179709 0.521180 
-0.527053 0.186463 0.504971 
-0.528470 0.191930 0.491743 
-0.515184 0.207256 0.502557 
-0.521040 0.202812 0.496530 
-0.502433 0.209026 0.511193 
-0.492127 0.210166 0.516623 
-0.465134 0.199813 0.542157 
-0.435668 0.196982 0.566200 
-0.574744 0.120434 0.531462 
-0.557970 0.126351 0.541479 
-0.554150 0.128116 0.538236 
-0.561221 0.131042 0.526862 
-0.559776 0.134409 0.517122 
-0.561665 0.136414 0.508369 
-0.550147 0.133014 0.528546 
-0.563654 0.149809 0.483103 
-0.589543 0.044816 0.365073 
-0.587722 0.045824 0.338198 
-0.586546 0.099234 0.476207 
-0.586621 0.099428 0.484281 
-0.449578 0.059961 0.456467 
-0.449719 0.042172 0.443490 
-0.445140 0.032244 0.449060 
-0.441322 0.032522 0.460577 
-0.439426 0.036074 0.471121 
-0.439982 0.032787 0.454466 
-0.438024 0.039097 0.470711 
-0.447818 0.063664 0.463296 
-0.449347 0.057642 0.454269 
-0.442773 0.079549 0.493019 
-0.435412 0.042454 0.488080 
-0.451885 0.098217 0.543671 
-0.565609 0.082917 0.539434 
-0.577618 0.089181 0.528825 
-0.572450 0.090197 0.537028 
-0.503939 0.080168 0.567085 
-0.524149 0.122244 0.546151 
-0.461400 0.071526 0.575073 
-0.484077 0.076666 0.573767 
-0.438929 0.059904 0.532702 
-0.537321 0.124632 0.546304 
-0.444682 0.067405 0.559506 
-0.452937 0.100362 0.550433 
-0.511257 0.014342 0.458975 
-0.482589 0.124449 0.523625 
-0.489162 0.162292 0.508988 
-0.452668 0.129885 0.533531 
-0.456833 0.126446 0.533456 
-0.456350 0.122955 0.538249 
-0.446304 0.142481 0.538576 
-0.446832 0.142457 0.533185 
-0.442408 0.146448 0.541277 
-0.439990 0.148092 0.540269 
-0.440356 0.151688 0.538006 
-0.450468 0.153914 0.525861 
-0.436994 0.126210 0.489497 
-0.443204 0.127855 0.501755 
-0.427656 0.098283 0.504628 
-0.429544 0.095900 0.490442 
-0.433760 0.117106 0.468577 
-0.435339 0.108697 0.457015 
-0.437209 0.128864 0.491061 
-0.449230 0.118669 0.548999 
-0.452518 0.119535 0.545728 
-0.466464 0.118258 0.535406 
-0.460889 0.121174 0.537177 
-0.460889 0.121174 0.537177 
-0.432868 0.098400 0.436658 
-0.428769 0.081909 0.467455 
-0.424501 0.076217 0.454907 
-0.426901 0.081758 0.435319 
-0.420850 0.074523 0.444890 
-0.453836 0.122028 0.541418 
-0.460763 0.131375 0.565463 
-0.490097 0.138574 0.552714 
-0.518434 0.142551 0.540839 
-0.525003 0.131573 0.531953 
-0.410179 0.106721 0.512715 
-0.419898 0.118907 0.551371 
-0.406076 0.100486 0.498240 
-0.425679 0.121520 0.562737 
-0.437192 0.125065 0.568778 
-0.404896 0.094643 0.479858 
-0.405639 0.090023 0.471030 
-0.405834 0.087030 0.461140 
-0.525596 0.141512 0.538414 
-0.502082 0.169699 0.534593 
-0.429786 0.152121 0.555254 
-0.428991 0.147200 0.536441 
-0.415097 0.130121 0.485860 
-0.415197 0.116059 0.458785 
-0.441011 0.154681 0.562182 
-0.450533 0.157493 0.559558 
-0.459645 0.160879 0.550346 
-0.414919 0.111168 0.451744 
-0.418552 0.105946 0.440190 
-0.524817 0.127988 0.530058 
-0.531112 0.129832 0.532897 
-0.499791 0.176088 0.515369 
-0.418380 0.096506 0.429949 
-0.426330 0.094899 0.430728 
-0.410729 0.080314 0.435711 
-0.415897 0.098669 0.431946 
-0.411395 0.107028 0.447196 
-0.412650 0.109964 0.458927 
-0.414187 0.088208 0.429246 
-0.414020 0.085326 0.431531 
-0.448031 0.048749 0.445555 
-0.447715 0.053941 0.449456 
-0.445226 0.062033 0.463287 
-0.464121 0.052751 0.456149 
-0.460251 0.049082 0.448917 
-0.464696 0.058367 0.465320 
-0.462534 0.068133 0.486935 
-0.490385 0.108348 0.532697 
-0.504500 0.108593 0.527053 
-0.515428 0.112136 0.522879 
-0.520452 0.115514 0.522075 
-0.465889 0.098710 0.546578 
-0.467875 0.100152 0.544526 
-0.466734 0.079002 0.511058 
-0.461943 0.074407 0.496943 
-0.471143 0.087719 0.534962 
-0.468090 0.094355 0.545260 
-0.466356 0.094627 0.547652 
-0.473324 0.102119 0.540675 
-0.449098 0.027087 0.459016 
-0.459606 0.031736 0.472933 
-0.449970 0.029888 0.449911 
-0.456653 0.030094 0.455729 
-0.456653 0.030094 0.455729 
-0.455619 0.047554 0.502792 
-0.460283 0.040729 0.487821 
-0.523889 0.075698 0.533409 
-0.486498 0.071188 0.549497 
-0.461532 0.051840 0.527803 
-0.454637 0.050217 0.511612 
-0.478789 0.069777 0.554453 
-0.472366 0.067527 0.558657 
-0.462203 0.044993 0.450053</float_array>
          <technique_common>
            <accessor count="4738" source="#_21642-positions-array" stride="3">
              <param name="X" type="float" />
              <param name="Y" type="float" />
              <param name="Z" type="float" />
            </accessor>
          </technique_common>
        </source>
        <source id="_21642-normals">
          <float_array id="_21642-normals-array" count="14214">
-0.829998 0.424008 -0.362382 
-0.914740 0.250976 -0.316640 
-0.614152 0.745983 -0.257540 
-0.736521 0.502375 -0.452941 
-0.792136 0.532962 -0.297444 
0.185477 0.963374 0.193672 
-0.690537 0.697203 -0.192526 
-0.631547 0.727687 -0.267620 
-0.451742 0.838295 -0.305273 
-0.325150 0.833629 -0.446475 
-0.854255 0.468832 -0.224601 
-0.882302 0.076561 0.464414 
-0.775767 0.467475 0.423855 
-0.754612 0.551753 0.355147 
-0.365041 0.712842 -0.598834 
0.008292 0.650052 0.759844 
-0.370279 -0.155726 0.915774 
0.199765 0.166296 0.965629 
0.157110 -0.450490 0.878849 
-0.176438 -0.620503 0.764098 
-0.786121 -0.437764 -0.436323 
-0.960564 0.123393 -0.249180 
-0.592731 0.427855 -0.682356 
-0.475348 -0.383668 -0.791734 
-0.935433 -0.345074 0.076744 
-0.960753 0.198784 0.193493 
-0.579296 0.644059 -0.499604 
-0.360652 -0.100801 -0.927238 
-0.430273 0.149381 -0.890253 
-0.455457 -0.829853 0.322339 
-0.859502 -0.507901 0.057374 
-0.855197 -0.450117 0.256967 
-0.147107 0.871646 -0.467539 
-0.232458 0.957420 -0.171204 
-0.575287 0.803287 -0.154194 
-0.203112 -0.934310 -0.292934 
-0.712250 -0.658008 -0.244386 
-0.814296 -0.561364 -0.147624 
-0.928369 -0.062058 -0.366442 
-0.823811 0.191266 -0.533623 
-0.724245 0.502316 -0.472385 
-0.834251 0.493939 -0.245051 
-0.641108 0.609678 -0.466125 
-0.991306 -0.071373 -0.110539 
-0.810252 0.013203 0.585932 
-0.717590 -0.669323 0.192539 
-0.529707 -0.845801 0.063484 
-0.575756 -0.817608 -0.004785 
-0.585372 0.293033 0.755957 
-0.594474 0.682975 0.424436 
-0.560481 0.668442 0.488923 
-0.265788 -0.452331 0.851324 
-0.509477 -0.303805 0.805069 
-0.614040 -0.582407 0.532688 
-0.859505 -0.373110 0.349342 
0.315563 0.918811 -0.237079 
-0.305931 0.882216 -0.357913 
-0.683232 0.724256 0.092993 
-0.566511 0.806880 0.167361 
-0.481691 0.851712 0.206302 
0.508539 0.853911 -0.110560 
0.039799 0.730632 -0.681610 
-0.358477 0.927589 -0.105229 
0.010407 0.655834 -0.754833 
-0.457174 0.889188 -0.018357 
-0.059513 0.775948 -0.627983 
0.270779 0.199113 -0.941824 
0.273389 0.131337 -0.952895 
0.015180 -0.998742 0.047786 
0.001188 -0.956673 0.291163 
0.060258 -0.959685 0.274542 
0.735508 -0.511662 0.444107 
-0.036155 -0.854412 0.518337 
0.761371 -0.602786 -0.238671 
-0.683653 0.658114 0.315444 
-0.488110 0.838545 0.242055 
0.555538 0.774791 -0.301787 
-0.667409 0.678991 0.305838 
-0.666680 0.135616 0.732902 
-0.249508 -0.493337 0.833286 
0.156003 -0.618397 0.770226 
-0.259455 -0.765891 0.588298 
-0.284217 -0.865449 0.412575 
-0.860928 -0.440829 -0.253916 
-0.915749 0.222798 -0.334311 
-0.919385 -0.125499 -0.372803 
-0.920919 0.136920 -0.364912 
-0.857481 0.331691 -0.393329 
-0.804013 0.402698 -0.437490 
-0.843700 0.310158 -0.438145 
-0.794437 0.328775 -0.510663 
-0.824430 0.185246 -0.534789 
-0.839854 -0.377122 -0.390416 
-0.882157 -0.437626 -0.174019 
-0.563860 -0.824688 -0.044172 
-0.517433 -0.854013 0.054082 
-0.750536 -0.616720 0.237386 
-0.435244 -0.889001 0.142266 
-0.149033 0.891852 -0.427070 
-0.537789 0.838918 -0.083670 
-0.638589 0.608119 -0.471587 
-0.601873 0.623781 -0.498644 
-0.392559 0.838109 -0.378776 
-0.488706 0.675885 -0.551676 
-0.205556 0.863661 -0.460257 
-0.326261 0.677845 -0.658847 
-0.338972 0.835461 -0.432553 
-0.495580 0.502920 -0.708147 
-0.430126 0.620701 -0.655531 
-0.576930 0.586309 -0.568678 
-0.645940 0.620644 -0.444479 
-0.753263 0.532328 -0.386293 
-0.752066 0.428653 -0.500654 
-0.654009 0.669882 -0.351469 
-0.300363 0.893301 -0.334358 
-0.240529 0.924082 -0.297016 
-0.738456 0.572952 -0.355541 
0.131809 0.954807 -0.266402 
0.067519 0.967079 -0.245355 
0.175747 0.957942 -0.226847 
0.179317 0.957576 -0.225598 
0.067576 0.942589 -0.327048 
0.051756 0.914590 -0.401056 
-0.008374 0.887653 -0.460438 
-0.180475 0.815676 -0.549637 
0.031268 0.887535 -0.459678 
0.052598 0.893655 -0.445663 
0.078942 0.901117 -0.426330 
-0.163399 0.978127 -0.128720 
0.004045 0.987561 0.157187 
0.385318 0.905133 0.179623 
0.195417 0.915673 0.351221 
0.441299 0.853745 0.276360 
-0.167091 0.950062 -0.263559 
0.158540 0.983158 -0.090912 
0.084844 0.959406 -0.268963 
-0.328385 0.894663 -0.302889 
-0.732653 -0.645066 -0.217047 
-0.337169 -0.941437 -0.003763 
-0.327601 -0.940144 -0.093839 
0.344222 0.925026 0.160745 
0.698667 0.693495 0.175868 
0.138950 0.986503 -0.086634 
-0.641303 0.586455 -0.494773 
-0.052693 0.765863 -0.640841 
-0.633349 0.083969 -0.769297 
-0.884169 0.403209 -0.235939 
-0.898036 0.436328 -0.056119 
-0.443290 0.892837 0.079598 
-0.413418 0.879374 -0.236192 
-0.721382 0.602366 -0.341705 
0.953604 -0.253621 -0.162221 
0.975552 -0.175135 -0.132761 
0.946118 -0.276907 -0.167877 
0.964065 -0.215290 -0.155655 
0.934201 -0.307001 -0.181711 
0.965500 -0.208108 -0.156524 
0.974700 -0.184570 -0.126068 
0.978835 -0.154432 -0.134284 
0.941327 -0.324791 -0.091727 
0.977310 -0.175893 -0.118012 
0.966012 -0.201038 -0.162495 
0.948263 -0.280904 -0.147951 
0.968912 -0.177224 -0.172628 
0.964897 -0.199373 -0.170951 
0.966934 -0.243727 -0.075075 
0.974315 -0.224651 -0.015568 
0.942347 -0.331731 -0.043998 
0.977640 -0.206628 0.039044 
0.981677 -0.189249 0.022231 
0.976880 -0.209812 -0.041052 
0.885804 -0.440983 -0.144518 
0.889998 -0.441596 -0.113558 
0.764936 -0.592153 -0.253432 
0.811916 -0.536444 -0.230262 
0.906108 -0.375410 -0.195027 
0.761355 -0.601404 -0.242181 
0.746265 -0.636250 -0.195636 
0.572727 -0.785792 -0.233482 
0.736779 -0.641811 -0.212685 
0.604167 -0.755837 -0.252375 
0.231283 -0.918014 -0.322115 
0.459236 -0.855058 -0.240787 
0.249462 -0.926526 -0.281636 
0.241494 -0.941446 -0.235287 
0.321145 -0.914703 -0.245325 
0.622157 -0.741606 -0.250881 
0.400639 -0.881691 -0.249217 
0.472840 -0.848731 -0.236809 
0.283763 -0.927373 -0.243842 
0.199806 -0.952173 -0.231181 
0.105154 -0.969256 -0.222453 
0.102724 -0.969310 -0.223351 
-0.019865 -0.980156 -0.197229 
0.001644 -0.978340 -0.206998 
-0.265273 -0.954018 -0.139569 
-0.357016 -0.927093 -0.114186 
-0.362179 -0.924939 -0.115386 
0.052649 -0.975691 -0.212733 
-0.037741 -0.983901 -0.174686 
0.197549 -0.959028 -0.203076 
-0.249503 -0.958583 -0.137357 
0.061069 -0.967945 -0.243623 
-0.202767 -0.958106 -0.202285 
-0.311079 -0.928164 -0.204308 
-0.326061 -0.909822 -0.256727 
0.151729 -0.934958 -0.320673 
-0.355961 -0.896479 -0.263850 
0.466229 -0.848112 -0.251667 
0.303773 -0.938551 -0.163844 
0.536580 -0.834806 -0.123214 
0.774513 -0.626152 0.089789 
0.565840 -0.817775 0.105207 
0.867374 -0.497631 0.005053 
0.853516 -0.505170 0.127723 
0.949261 -0.312777 0.032777 
0.933210 -0.328471 0.145688 
0.887365 -0.453997 -0.080436 
0.803532 -0.551603 0.223764 
0.939553 -0.285042 0.189715 
0.928276 -0.332962 0.165652 
0.840721 -0.483066 0.244614 
0.951804 -0.252450 0.174180 
0.964698 -0.198305 0.173301 
0.968155 -0.186440 0.167080 
0.978428 -0.179937 0.101497 
0.975375 -0.209796 0.068036 
0.975621 -0.215988 0.038905 
0.977074 -0.207656 0.046971 
0.984510 -0.169041 0.046538 
0.975122 -0.197238 -0.101166 
0.970533 -0.181290 -0.158744 
0.972308 -0.149881 -0.179314 
0.971230 -0.173564 -0.163057 
0.973428 -0.172004 -0.151170 
0.975736 -0.134381 -0.172862 
0.978556 -0.112954 -0.172247 
0.982941 -0.136846 -0.122883 
0.915086 -0.337347 0.220941 
0.922724 -0.315595 0.221315 
0.900460 -0.371109 0.226827 
0.890057 -0.372782 0.262359 
0.924811 -0.279286 0.258311 
0.945541 -0.255417 0.201779 
0.610314 -0.750211 0.254364 
0.345330 -0.869878 0.352221 
0.662486 -0.675483 0.323784 
0.247543 -0.907505 0.339348 
-0.015329 -0.942668 0.333381 
-0.149832 -0.930474 0.334318 
0.014788 -0.927510 0.373507 
-0.242325 -0.918930 0.311200 
-0.017987 -0.949051 0.314608 
0.274669 -0.923094 0.269172 
0.515338 -0.821465 0.244178 
0.355923 -0.912090 0.203497 
-0.131855 -0.960995 -0.243111 
-0.074288 -0.988177 -0.134119 
-0.297836 -0.925952 -0.232178 
-0.351883 -0.929221 -0.112809 
-0.389354 -0.899090 -0.200100 
-0.330624 -0.941898 0.059293 
-0.396351 -0.916031 -0.061585 
0.024183 -0.978733 0.203707 
-0.340493 -0.936244 0.086675 
-0.324562 -0.938369 0.118838 
-0.312641 -0.912109 0.265165 
0.882207 -0.362470 0.300543 
0.909519 -0.298542 0.289220 
0.865264 -0.444741 0.231351 
0.949665 -0.293944 0.108320 
0.925568 -0.305034 0.224227 
0.919448 -0.298859 0.255538 
0.874611 -0.373310 0.309345 
0.876139 -0.374617 0.303384 
0.791340 -0.508888 0.338843 
0.886080 -0.378426 0.267688 
0.951628 -0.183496 0.246440 
0.910218 -0.324816 0.256899 
0.835769 -0.488741 0.250244 
0.916257 -0.343753 0.205685 
0.940794 -0.271325 0.203199 
0.660028 -0.683702 0.311312 
0.411386 -0.831480 0.373367 
0.616690 -0.727530 0.300656 
0.670572 -0.646504 0.363822 
0.661808 -0.655554 0.363673 
0.545651 -0.748689 0.376469 
0.411134 -0.829070 0.378960 
0.652461 -0.663013 0.367025 
0.634431 -0.685313 0.357552 
0.165380 -0.900112 0.403047 
-0.210008 -0.902834 0.375216 
-0.228140 -0.912259 0.340200 
-0.228890 -0.923085 0.309070 
-0.408223 -0.877734 0.250873 
-0.355328 -0.894390 0.271677 
-0.425749 -0.903922 0.040775 
-0.394157 -0.917952 0.044767 
-0.375257 -0.914747 0.149731 
0.273991 -0.874960 0.399216 
0.132220 -0.913921 0.383753 
-0.013981 -0.918602 0.394938 
0.085080 -0.916267 0.391429 
0.269828 -0.884292 0.381077 
-0.180146 -0.904305 0.387014 
-0.152137 -0.903299 0.401130 
-0.198363 -0.915110 0.351035 
0.026318 -0.921023 0.388619 
0.188011 -0.904665 0.382403 
-0.262552 -0.891525 0.369120 
-0.052186 -0.934743 0.351473 
-0.211718 -0.922984 0.321365 
0.084692 -0.932982 0.349818 
0.014469 -0.976121 0.216746 
-0.330825 -0.931575 0.150739 
0.490044 -0.847972 0.201990 
0.802073 -0.564301 0.195560 
0.902599 -0.387727 0.187038 
-0.136079 -0.909850 0.391990 
-0.209354 -0.902024 0.377523 
-0.325380 -0.881655 0.341778 
-0.392096 -0.891930 -0.225216 
0.798199 -0.582688 0.152819 
0.961034 -0.248151 0.121796 
0.937581 -0.273970 0.214201 
0.752187 -0.617634 0.229657 
0.964430 -0.252123 0.079434 
0.980233 -0.182599 0.076164 
0.965993 -0.253304 0.051910 
0.914857 -0.400996 0.047308 
0.985734 -0.158661 0.056176 
0.980638 -0.191424 0.041308 
0.715998 -0.696455 0.047925 
0.098105 -0.993105 0.064174 
0.238367 -0.939648 0.245444 
0.411776 -0.857123 0.309485 
0.224659 -0.944650 0.239091 
-0.309953 -0.921369 0.234539 
0.026878 -0.935600 0.352038 
-0.322521 -0.930369 0.174339 
-0.408432 -0.898961 0.158277 
-0.394687 -0.912510 0.107466 
0.690877 -0.575836 0.437151 
0.360519 -0.896297 0.258221 
0.854398 -0.396205 0.336194 
0.930535 -0.172676 0.322934 
0.633568 -0.364916 0.682223 
0.276632 -0.915123 0.293299 
0.303666 -0.441577 0.844273 
0.206685 -0.843817 0.495231 
0.053477 -0.357160 0.932511 
0.093826 -0.205213 0.974210 
-0.025935 -0.325737 0.945105 
0.177242 -0.676689 0.714616 
0.189076 -0.480292 0.856487 
-0.221425 -0.704042 0.674756 
0.253910 -0.951460 0.173938 
0.132936 -0.801096 -0.583586 
-0.078367 -0.821086 -0.565399 
0.180432 -0.660347 -0.728962 
0.124381 -0.991282 -0.043473 
0.276804 -0.733339 -0.620962 
-0.246675 -0.930136 -0.272027 
-0.430438 -0.902388 0.020461 
-0.252351 -0.915666 0.312850 
-0.343342 -0.934961 0.089246 
-0.450816 -0.892174 -0.028133 
-0.413628 -0.910242 -0.019246 
-0.093490 -0.995034 -0.034152 
0.466905 -0.883423 -0.039550 
0.724221 -0.689567 0.000871 
0.025825 -0.998614 -0.045855 
-0.375202 -0.926053 -0.040607 
-0.326036 -0.942759 -0.070047 
-0.396031 -0.909282 -0.127927 
-0.434658 -0.899509 -0.044222 
0.665454 -0.740377 0.094940 
0.904522 -0.418653 0.081050 
0.976330 -0.197176 0.088891 
0.973544 -0.204101 0.102737 
0.984907 -0.154761 0.077511 
-0.401566 -0.910928 0.094632 
0.447541 -0.804349 0.390806 
0.396226 -0.841374 -0.367553 
-0.216345 -0.890630 0.399967 
0.202590 -0.945909 0.253404 
-0.010240 -0.941385 0.337180 
-0.820983 -0.470540 0.323386 
-0.664351 -0.378814 0.644312 
-0.726247 -0.441520 0.526901 
-0.898372 -0.439098 -0.011027 
-0.613745 -0.789429 0.010925 
-0.590913 -0.762100 0.264623 
-0.805682 -0.573867 -0.146814 
0.105208 -0.937592 0.331439 
0.280430 -0.866655 0.412635 
0.517457 -0.833740 0.192656 
0.553354 -0.800978 0.228548 
0.341917 -0.904739 0.254049 
-0.965844 -0.258993 0.008292 
-0.841028 -0.509795 0.181058 
-0.916034 -0.396832 0.058367 
0.439571 -0.696505 0.567149 
-0.459713 -0.886390 -0.054553 
0.650077 -0.753900 -0.095052 
-0.210042 -0.755474 -0.620598 
-0.339684 -0.516439 -0.786070 
-0.832435 -0.540965 -0.120037 
-0.886720 -0.419165 -0.195008 
-0.484374 0.825791 0.288880 
-0.048857 0.939301 0.339599 
-0.016412 0.958283 0.285348 
-0.287417 0.874139 0.391500 
-0.622933 0.732974 0.273321 
0.129201 0.942848 0.307156 
0.089293 0.956111 0.279067 
0.222307 0.880125 0.419474 
0.260508 0.916081 0.304844 
-0.891312 0.408152 0.197421 
-0.849781 0.484975 0.206571 
-0.889150 0.416379 0.189846 
-0.760674 0.581200 0.289104 
-0.630351 0.650765 0.423276 
-0.781600 0.526669 0.334247 
-0.008780 0.832783 0.553530 
-0.384186 0.711238 0.588678 
-0.033063 0.806336 0.590533 
0.247220 0.820131 0.516011 
0.307978 0.789192 0.531343 
0.308690 0.775205 0.551150 
0.314611 0.849753 0.423012 
0.310029 0.807904 0.501172 
0.362957 0.772159 0.521567 
0.172837 0.921654 0.347392 
0.327680 0.831701 0.448219 
0.156611 0.966987 0.201018 
0.200308 0.931675 0.303082 
0.066734 0.988821 0.133340 
-0.289893 0.950855 0.108800 
0.119450 0.985627 0.119463 
-0.178616 0.920431 0.347711 
-0.453833 0.814113 0.362292 
-0.620238 0.705360 0.343179 
-0.565904 0.821917 0.064849 
-0.527133 0.831231 -0.176594 
-0.146477 0.940096 -0.307838 
-0.553108 0.786764 -0.273998 
-0.393433 0.876445 -0.277586 
-0.263040 0.949918 -0.168720 
0.053731 0.997854 -0.037416 
0.130165 0.989596 0.061284 
0.199375 0.979252 0.036259 
0.110290 0.975789 -0.188868 
0.062794 0.962058 -0.265522 
0.095420 0.963858 -0.248741 
0.144683 0.959112 -0.243251 
0.090510 0.992690 -0.079842 
0.077545 0.985346 -0.151923 
-0.230868 0.957587 -0.172418 
-0.137199 0.980715 -0.139194 
0.091016 0.977034 -0.192667 
0.144583 0.966633 -0.211463 
0.143166 0.976686 -0.159963 
0.151270 0.984450 -0.089309 
0.120929 0.988229 -0.093695 
0.196270 0.978654 -0.060952 
-0.258146 0.949538 -0.178154 
-0.005967 0.984409 -0.175795 
0.238451 0.967825 -0.080343 
0.269922 0.956238 -0.112922 
-0.349524 0.897598 -0.268609 
0.286326 0.941977 -0.175206 
0.083664 0.974191 -0.209648 
-0.040505 0.970918 -0.235963 
0.117887 0.963151 -0.241751 
0.085394 0.962308 -0.258206 
0.180666 0.958150 -0.222053 
-0.003091 0.955211 -0.295910 
0.169183 0.946223 -0.275750 
0.031718 0.951167 -0.307044 
-0.392761 0.863510 -0.316370 
-0.656109 0.715232 -0.240755 
-0.409440 0.883369 -0.228074 
-0.822522 0.516448 -0.238201 
-0.851144 0.480518 -0.211318 
-0.283920 0.889483 -0.358063 
-0.621361 0.698894 -0.354199 
-0.829439 0.468918 -0.303556 
-0.929332 0.267944 -0.254064 
-0.912240 0.342914 -0.224116 
-0.927815 0.319364 -0.192785 
-0.926714 0.331687 -0.176591 
-0.871379 0.465366 -0.155345 
-0.814641 0.554846 -0.168838 
-0.393643 0.899335 -0.190371 
-0.530733 0.823097 -0.202071 
-0.545054 0.814858 -0.197286 
-0.663646 0.717977 -0.209958 
-0.637176 0.745423 -0.195837 
-0.621585 0.758516 -0.195670 
-0.378296 0.906708 -0.186473 
-0.517094 0.827493 -0.218790 
-0.850400 0.458783 0.257564 
-0.882878 0.383508 0.271013 
-0.878913 0.346797 0.327481 
-0.728745 0.522232 0.442950 
-0.842800 0.354672 0.404840 
-0.879257 0.292551 0.375926 
-0.811975 0.297460 0.502209 
-0.601460 0.553407 0.576183 
-0.488455 0.636100 0.597318 
-0.798700 0.369577 0.474860 
-0.728943 0.608713 0.313226 
-0.863617 0.401814 0.304485 
-0.870701 0.305133 0.385711 
-0.854322 0.475977 0.208759 
-0.918295 0.369335 0.142570 
-0.898841 0.366749 0.239956 
-0.910469 0.317819 0.264647 
-0.930418 0.290144 0.223916 
-0.914002 0.275428 0.297892 
-0.912995 0.301784 0.274529 
-0.925020 0.339467 0.170586 
-0.945203 0.274206 0.177206 
-0.939733 0.311058 0.141932 
-0.921281 0.371300 0.115663 
-0.919959 0.384593 0.075926 
-0.782568 0.618912 0.067341 
-0.870124 0.486478 0.078888 
-0.774052 0.601698 -0.196985 
-0.703756 0.671927 -0.230742 
-0.722795 0.666674 -0.181970 
-0.882820 0.460314 -0.093490 
-0.936257 0.333189 -0.111392 
-0.936769 0.299529 -0.180961 
-0.919472 0.384473 -0.082174 
-0.836618 0.529223 -0.141399 
-0.873771 0.472519 -0.115107 
-0.869905 0.478611 -0.119149 
-0.750545 0.647882 -0.130115 
-0.861605 0.495108 -0.111826 
-0.922995 0.382896 -0.038347 
-0.936219 0.350442 0.026150 
-0.940750 0.328321 0.084825 
-0.937793 0.326842 0.117126 
-0.926285 0.363588 -0.098990 
-0.950723 0.298197 -0.084882 
-0.918239 0.386519 -0.086254 
-0.880819 0.459711 -0.113240 
-0.923357 0.379866 -0.055808 
-0.940955 0.335583 -0.044593 
-0.945473 0.323813 -0.035026 
-0.939125 0.335811 -0.072624 
-0.951404 0.283897 -0.119299 
-0.944864 0.296460 -0.139080 
-0.806823 0.435675 -0.399028 
-0.283714 0.687244 -0.668732 
-0.314946 0.638383 -0.702336 
-0.375936 0.614870 -0.693258 
-0.548026 0.573805 -0.608617 
-0.718740 0.493652 -0.489612 
0.116981 0.914151 0.388129 
0.234965 0.875093 0.423089 
0.116249 0.734236 0.668867 
-0.273939 0.680056 0.680059 
-0.438617 0.660651 0.609225 
-0.318096 0.432807 0.843500 
-0.559091 0.533829 0.634385 
-0.733646 0.474782 0.486154 
-0.851217 0.489572 0.189072 
-0.469013 0.848775 0.244147 
-0.620785 0.776141 -0.110597 
-0.232933 0.968716 0.085627 
-0.439297 0.868559 -0.229400 
-0.305614 0.908204 -0.285946 
-0.174122 0.912858 -0.369284 
0.259710 0.910603 -0.321486 
-0.738991 0.653545 -0.163618 
-0.859018 0.460198 0.224288 
-0.883996 0.457126 0.097916 
-0.880635 0.388834 0.270720 
-0.907372 0.419116 -0.031906 
-0.935980 0.338671 0.096146 
-0.742688 0.385779 -0.547347 
-0.961480 0.222658 -0.161179 
-0.345921 0.933765 -0.091772 
-0.140208 0.982929 0.119134 
-0.165543 0.983334 0.075160 
-0.115981 0.970153 0.212958 
0.009794 0.994921 -0.100180 
-0.389231 0.890825 -0.234370 
0.061746 0.970698 -0.232234 
-0.586976 0.573436 -0.571515 
-0.206143 0.630033 0.748707 
-0.384554 0.539372 0.749130 
0.461163 0.857831 0.226838 
0.344953 0.930824 -0.120725 
-0.102238 0.934434 -0.341146 
-0.126830 0.988107 -0.086941 
0.407932 0.870332 0.275886 
0.245680 0.966504 -0.074232 
-0.347853 0.861880 -0.369000 
-0.525696 -0.017496 -0.850493 
-0.543441 0.342715 -0.766302 
-0.842676 -0.004009 -0.538407 
-0.318825 0.908809 -0.269103 
-0.079643 0.969325 0.232523 
-0.108347 0.992902 -0.049062 
-0.018365 0.975634 0.218634 
0.067126 0.983713 0.166742 
-0.344526 0.919262 -0.190420 
-0.534019 0.604974 -0.590618 
0.374872 0.517933 -0.768906 
-0.352606 0.829269 0.433569 
-0.766740 -0.004807 -0.641940 
-0.727282 0.143509 -0.671168 
-0.776458 -0.015783 -0.629971 
0.411517 0.368439 -0.833611 
0.110600 0.932385 -0.344130 
0.113886 0.951817 -0.284734 
0.062285 0.898410 -0.434719 
0.110807 0.912227 -0.394416 
0.086922 0.897561 -0.432238 
-0.078559 0.749661 -0.657143 
0.769670 0.442160 -0.460547 
0.288273 0.584528 -0.758436 
0.908832 0.241492 -0.340156 
0.157271 0.441119 -0.883561 
0.708227 0.705980 -0.002678 
0.565835 0.821500 -0.070486 
-0.051443 0.975508 0.213864 
0.008733 0.999888 -0.012157 
-0.769484 0.608215 -0.194855 
-0.480625 0.857404 -0.184006 
-0.713802 0.681748 0.160334 
-0.991176 0.074250 0.109801 
-0.975982 0.179065 0.124080 
-0.992542 -0.119988 0.021518 
-0.979856 -0.085730 0.180370 
-0.936811 0.052678 0.345846 
-0.954073 0.043313 0.296428 
-0.933055 0.198539 0.299984 
-0.526975 -0.848860 -0.041645 
-0.637861 -0.769213 -0.038012 
-0.725694 -0.687908 0.012294 
-0.580048 -0.814474 -0.013274 
-0.495588 -0.866028 -0.066244 
-0.608301 -0.779659 -0.148668 
-0.889715 -0.452619 0.059518 
-0.841472 -0.538918 0.038633 
-0.925595 -0.373938 0.058685 
-0.910536 -0.412288 0.030718 
-0.858887 -0.512160 -0.002320 
-0.817420 -0.575868 -0.014155 
-0.973167 -0.220481 0.065828 
-0.978999 -0.158587 0.128107 
-0.995310 -0.070114 0.066645 
-0.965462 -0.051459 0.255410 
-0.963112 0.107445 0.246721 
-0.996557 0.079980 0.021843 
-0.969273 -0.209817 -0.128403 
-0.992005 0.109100 -0.063423 
-0.967786 -0.218715 -0.124718 
-0.966559 -0.248684 -0.062611 
-0.880621 -0.443432 -0.166958 
-0.791010 -0.578588 -0.198845 
-0.741501 -0.630397 -0.229728 
-0.585063 -0.804152 -0.105074 
-0.699956 -0.709355 -0.082926 
-0.895002 -0.441433 0.064094 
-0.603613 -0.792269 0.089230 
-0.982304 0.172902 -0.071993 
-0.999747 -0.018014 -0.013460 
-0.979341 0.201094 -0.021248 
-0.966979 -0.214388 0.137799 
-0.964064 -0.252672 0.082088 
-0.985167 -0.132268 0.109322 
-0.997061 0.063077 0.043486 
-0.992653 0.118868 0.022591 
-0.976341 -0.181550 0.117467 
-0.996820 -0.034506 0.071832 
-0.984098 0.177378 -0.009390 
-0.974331 0.224576 -0.015611 
-0.987030 -0.150683 0.055375 
-0.999981 0.000210 -0.006131 
-0.907263 -0.361160 0.215494 
-0.993990 0.053134 -0.095712 
-0.965287 0.220670 -0.139736 
-0.996101 -0.080361 -0.036401 
-0.985730 0.091339 -0.141399 
-0.985986 -0.159523 -0.048817 
-0.993021 -0.007342 -0.117706 
-0.973532 0.165433 -0.157692 
-0.979376 0.118795 -0.163431 
-0.992317 -0.123628 0.004818 
-0.944760 -0.312004 0.100407 
-0.834520 -0.526155 0.163518 
-0.918127 -0.391570 0.060946 
-0.980572 -0.196122 0.003851 
-0.656927 -0.703170 0.272030 
-0.410399 -0.844068 0.345139 
-0.476351 -0.807215 0.348560 
-0.747350 -0.610903 0.261276 
-0.920296 -0.348770 0.177241 
-0.837472 -0.502411 0.214995 
-0.747682 -0.588310 0.307998 
-0.754591 -0.567767 0.328987 
-0.988236 -0.151371 0.021831 
-0.977955 -0.204260 0.043391 
-0.964172 -0.229604 0.132868 
-0.963735 -0.257476 0.070148 
-0.975965 -0.208153 0.064533 
-0.979938 -0.182704 0.079634 
-0.982572 -0.173614 0.066417 
-0.985662 -0.159440 0.055221 
-0.670306 -0.718539 0.185447 
-0.562152 -0.782828 0.266769 
-0.683135 -0.705650 0.188109 
-0.845029 -0.527221 0.089240 
-0.806710 -0.590941 0.002618 
-0.902072 -0.430033 -0.036583 
-0.956215 -0.287784 -0.053235 
-0.970461 -0.216765 -0.105918 
-0.978567 -0.113525 -0.171812 
-0.969329 -0.180360 -0.166947 
-0.949463 -0.274239 -0.152686 
-0.960271 -0.225941 -0.163801 
-0.930032 -0.326894 -0.167872 
-0.923124 -0.346153 -0.167389 
-0.879385 -0.471033 -0.069358 
-0.819814 -0.566463 -0.083816 
-0.716669 -0.671554 -0.188150 
-0.674370 -0.734661 -0.074146 
-0.668073 -0.742382 -0.050462 
-0.528522 -0.846569 -0.063121 
-0.626635 -0.777417 -0.054324 
-0.605000 -0.779160 0.163966 
-0.689174 -0.629668 0.358549 
-0.835143 -0.537970 0.114559 
-0.778768 -0.309495 0.545649 
-0.726486 -0.418643 0.544936 
-0.886871 -0.395139 0.239426 
-0.764403 -0.530180 0.366874 
-0.445076 -0.331595 0.831836 
-0.416856 -0.709698 0.567944 
-0.253943 -0.826887 -0.501768 
-0.688170 -0.627601 -0.364059 
-0.097962 -0.673963 -0.732242 
-0.018991 -0.433892 -0.900765 
-0.549881 -0.502593 -0.667106 
-0.225326 -0.029407 -0.973840 
-0.204725 0.248266 -0.946811 
-0.878862 -0.018310 -0.476724 
-0.754115 -0.481990 -0.446091 
-0.881579 -0.175873 0.438049 
-0.610942 -0.530002 0.588088 
-0.651509 -0.641824 -0.404473 
-0.302597 -0.856454 0.418236 
-0.039207 -0.918805 -0.392760 
-0.451454 -0.821305 -0.348781 
-0.047064 -0.788278 -0.613517 
-0.445713 -0.611068 -0.654168 
-0.064917 -0.362959 -0.929541 
-0.551837 -0.395806 -0.734039 
-0.419127 0.184772 -0.888927 
-0.079361 -0.469325 0.879452 
-0.614351 0.259674 -0.745078 
0.002775 0.242632 -0.970115 
0.179696 0.370566 -0.911257 
0.075772 -0.459297 0.885045 
-0.340850 -0.756865 0.557653 
0.240180 -0.460535 0.854530 
-0.139989 0.448740 -0.882630 
0.216024 -0.693791 0.687014 
0.183407 -0.820561 0.541334 
-0.084876 -0.994249 0.065302 
-0.453838 -0.874636 -0.170420 
-0.640377 -0.759892 -0.111727 
-0.466403 -0.370787 -0.803109 
-0.644663 -0.519320 -0.560996 
-0.190493 -0.735605 -0.650076 
-0.047920 -0.957508 -0.284399 
-0.246616 -0.801712 -0.544461 
-0.093994 -0.995283 -0.024016 
-0.550106 -0.678723 -0.486537 
-0.338421 -0.853161 -0.396973 
-0.598657 -0.542713 -0.589129 
-0.054596 -0.916143 -0.397117 
-0.617644 -0.761681 -0.195852 
-0.816640 -0.558373 -0.146005 
-0.668395 -0.743638 -0.015856 
-0.795943 -0.545345 -0.262818 
-0.825644 -0.504032 -0.253504 
-0.836316 -0.458115 -0.301176 
-0.836481 -0.473971 -0.275047 
-0.811927 -0.555528 -0.179341 
-0.582188 -0.799547 0.147585 
-0.690667 -0.701334 -0.176381 
-0.571966 -0.815053 -0.092430 
-0.631541 -0.745919 -0.211566 
-0.555732 -0.812231 -0.177321 
-0.586584 -0.809426 -0.027372 
-0.537056 -0.769372 0.345888 
-0.372831 -0.859315 0.350108 
-0.306512 -0.855372 0.417600 
-0.479629 -0.714669 0.509121 
-0.329289 -0.861495 0.386516 
-0.467691 -0.877635 0.104981 
-0.297489 -0.929814 0.216670 
-0.405860 -0.788839 0.461531 
-0.140172 -0.905112 0.401403 
-0.278304 -0.635970 0.719784 
-0.237022 -0.681224 0.692643 
0.004802 -0.448030 0.894006 
-0.159733 -0.683386 0.712369 
-0.212873 -0.752148 0.623665 
-0.230616 -0.809845 0.539414 
-0.357253 -0.653132 0.667675 
-0.779160 -0.496044 0.383211 
-0.602417 -0.623588 0.498229 
-0.834745 -0.482195 0.265875 
-0.721048 -0.608682 0.331053 
-0.889708 -0.428248 0.158187 
-0.701252 -0.591271 0.398301 
-0.723633 -0.572685 0.385210 
-0.846700 -0.481370 0.226675 
-0.744377 -0.629795 -0.221949 
-0.891001 -0.440973 0.107984 
-0.896385 -0.442663 -0.023310 
-0.922797 -0.368075 0.113871 
-0.645711 -0.751330 -0.136235 
-0.790765 -0.609569 0.055823 
-0.725661 -0.657965 0.201243 
-0.627746 -0.764120 -0.148515 
-0.692698 -0.675773 0.251993 
-0.849742 -0.419016 0.319943 
-0.907858 -0.372960 0.191560 
-0.932262 -0.361667 0.009201 
-0.897870 -0.358669 0.255315 
-0.872808 -0.463615 -0.152537 
-0.656610 -0.727857 -0.197706 
-0.681686 0.042927 0.730385 
-0.406483 0.382726 0.829634 
-0.346814 -0.095163 0.933094 
-0.240288 -0.029386 0.970257 
-0.241807 -0.417294 0.876011 
-0.212758 -0.644216 0.734656 
-0.226565 -0.735267 0.638788 
-0.211801 -0.799395 0.562235 
-0.390834 -0.425561 0.816178 
-0.713718 -0.408830 -0.568740 
-0.945246 -0.220009 0.241051 
-0.671059 -0.726236 -0.149200 
-0.814242 -0.386479 0.433179 
-0.489071 -0.698203 0.522802 
-0.720477 -0.693154 -0.021206 
-0.842204 -0.537299 -0.044741 
-0.657483 -0.493601 0.569275 
-0.791942 -0.570684 0.217135 
-0.551128 -0.439482 0.709305 
-0.672046 -0.367624 0.642812 
-0.587223 0.294213 0.754061 
-0.882972 -0.426326 0.196485 
-0.743965 -0.644571 0.176194 
-0.868826 -0.445108 0.216841 
-0.861517 -0.461319 0.212066 
-0.926583 -0.336739 0.167481 
-0.922084 -0.345786 0.173763 
-0.630625 -0.716338 0.298617 
-0.479576 -0.828987 0.287727 
-0.561460 -0.806879 0.183599 
-0.484524 -0.873893 0.039330 
-0.290411 -0.903263 0.315874 
0.447792 0.863500 0.232057 
0.426459 0.868697 0.251987 
0.527540 0.815102 0.239394 
0.535920 0.768532 0.349497 
0.604795 0.756944 0.247506 
0.765909 0.630712 0.124847 
0.739781 0.641347 0.203463 
0.917376 0.396418 0.035690 
0.890359 0.434557 0.135728 
0.513989 0.749936 0.416426 
0.715913 0.650732 0.253014 
0.916784 0.386174 0.101862 
0.783808 0.595180 0.177217 
0.875732 0.479159 0.059158 
0.987948 0.150113 -0.037758 
0.557366 0.803685 0.208408 
0.445891 0.870636 0.207783 
0.653381 0.755635 0.045924 
0.623816 0.773598 0.111356 
0.861992 0.506858 -0.008045 
0.852225 0.522933 0.015952 
0.991495 0.063417 -0.113650 
0.916869 0.399057 0.010253 
0.439580 0.897808 0.026646 
0.995671 -0.060144 0.070864 
0.994224 0.089789 0.058792 
0.993730 -0.092754 0.062429 
0.973634 0.206454 0.097022 
0.996372 0.067616 0.051690 
0.935377 0.350274 0.048766 
0.818273 0.572681 0.049666 
0.766921 0.637179 -0.076393 
0.926425 0.353861 0.128522 
0.478947 0.865150 -0.148746 
0.575726 0.816839 -0.036248 
0.996777 0.019481 -0.077816 
0.997417 0.028182 -0.066063 
0.995582 0.018862 -0.091979 
0.988104 0.142848 -0.056966 
0.952481 0.301707 -0.041860 
0.953417 0.287357 -0.091774 
0.985842 0.014548 -0.167045 
0.986299 0.029673 -0.162278 
0.983306 -0.079141 -0.163849 
0.993504 -0.051610 -0.101423 
0.993814 -0.029717 -0.107005 
0.936616 0.350134 0.012526 
0.493677 0.867749 -0.057401 
0.663819 0.746403 0.047194 
0.869378 0.485564 0.091704 
0.380351 0.924661 -0.018283 
0.474259 0.880329 -0.009928 
0.363786 0.928616 -0.073022 
0.386033 0.912767 -0.133547 
0.399648 0.904794 -0.147068 
0.385086 0.904684 -0.182359 
0.567995 0.813152 -0.127143 
0.476237 0.861633 -0.175460 
0.703171 0.703641 -0.102175 
0.825128 0.564752 -0.014793 
0.670443 0.738073 -0.075857 
0.874953 0.483903 -0.017192 
0.733297 0.677438 -0.057904 
0.847480 0.530717 -0.010814 
0.517357 0.851466 -0.085717 
0.620392 0.783187 -0.041625 
0.510501 0.858056 -0.055928 
0.785670 0.616977 0.045400 
0.695077 0.717824 0.039957 
0.510328 0.859838 -0.015609 
0.875594 0.472029 0.102588 
0.785055 0.612017 0.095524 
0.667730 0.743028 0.045235 
0.902199 0.424112 0.078525 
0.935755 0.336214 0.106408 
0.914312 0.386237 0.121878 
0.938593 0.325870 0.113366 
0.931801 0.334018 0.142050 
0.857291 0.502903 0.110183 
0.938687 0.341778 0.045335 
0.959757 0.264184 0.095254 
0.972042 0.186478 0.142690 
0.987926 0.118004 0.100387 
0.977893 0.149498 0.146204 
0.948117 0.287658 0.135381 
0.950859 0.271693 0.148491 
0.978421 0.147026 0.145174 
0.952883 0.262933 0.151264 
0.972600 0.171575 0.156877 
0.936120 0.291300 0.197037 
0.944740 0.271334 0.183966 
0.929239 0.321456 0.182156 
0.920541 0.346784 0.179848 
0.896425 0.417300 0.149276 
0.882608 0.459198 0.100700 
0.970477 0.232349 0.064724 
0.962115 0.235895 0.136705 
0.990970 0.092370 0.097192 
0.995926 0.012349 0.089331 
0.991135 0.040515 0.126531 
0.969093 0.177306 0.171526 
0.927882 0.318537 0.193826 
0.945959 0.258945 0.195215 
0.917050 0.398333 0.018727 
0.985238 0.143004 0.094104 
0.980559 0.159711 0.114006 
0.986322 0.112798 0.120186 
0.981306 0.182363 0.061495 
0.991986 0.091343 0.087292 
0.993980 0.036393 0.103339 
0.426312 0.881345 -0.203687 
0.877454 0.477583 0.044603 
0.928372 0.364473 0.072692 
0.980255 0.153513 0.124635 
0.968832 0.222447 0.109001 
0.991283 0.068292 0.112671 
0.947265 0.309736 0.082173 
0.956971 0.281533 0.070319 
0.340307 0.904143 -0.258296 
0.255802 0.920498 -0.295378 
0.360932 0.885688 -0.292035 
0.552265 0.805026 -0.216648 
0.481958 0.811564 -0.330273 
0.563475 0.809209 -0.166363 
0.669249 0.739855 0.068706 
0.846360 0.520979 0.110705 
0.824845 0.510613 0.242703 
0.792104 0.609181 -0.038337 
0.775497 0.626199 -0.080486 
0.747078 0.656607 -0.103639 
0.626567 0.776921 -0.061700 
0.620887 0.783369 -0.028844 
0.718783 0.693946 0.042313 
0.449986 0.891416 0.053765 
0.624745 0.761559 0.172397 
0.236711 0.935083 0.263793 
0.384261 0.918206 0.096137 
0.789949 0.343612 0.507849 
0.582068 0.480101 0.656277 
0.879577 0.410710 0.240128 
0.817033 0.571300 -0.077927 
0.767522 0.639849 -0.038770 
0.963592 0.249271 0.096720 
0.926860 0.372611 0.045734 
0.950582 0.300500 0.078057 
0.859520 0.504466 0.082092 
0.973019 0.176761 0.148288 
0.922735 0.334094 0.192203 
0.634443 0.761990 0.129820 
0.275497 0.884643 0.376176 
0.742171 0.556993 0.372747 
0.686152 0.720087 0.103293 
0.814209 0.363599 0.452614 
0.860304 0.506960 0.053561 
0.934205 0.356716 0.003853 
0.970987 0.216220 0.102147 
0.983640 0.044324 0.174606 
0.945831 0.322266 0.039350 
0.957484 0.279442 0.071675 
0.973905 0.221719 0.048470 
0.997641 0.044529 0.052252 
0.969822 0.200401 0.138867 
0.997287 -0.043586 0.059324 
0.830574 0.515397 0.210978 
0.882129 0.456198 0.117185 
0.965915 0.155101 0.207250 
0.988411 -0.058746 0.139977 
0.962195 0.211699 0.171363 
0.857327 0.458660 0.233712 
0.773550 0.585582 0.242311 
0.748399 0.619422 0.237096 
0.797117 0.552123 0.244468 
0.711789 0.654850 0.254023 
0.259589 0.894854 -0.363111 
0.163446 0.656112 0.736751 
0.025164 0.880815 0.472791 
0.367176 0.861631 0.350392 
0.571278 0.702545 0.424349 
0.798758 0.492506 0.345577 
0.870539 0.446006 0.207945 
0.550397 0.703138 0.450179 
0.700043 0.540340 0.466876 
0.370501 0.714545 0.593425 
0.356277 0.699276 0.619742 
0.125811 0.840669 0.526733 
0.230925 0.827229 0.512216 
0.069497 0.873196 0.482389 
0.241306 0.631408 0.736950 
0.301365 0.716310 0.629349 
0.658586 0.482731 0.577266 
0.220411 0.745747 0.628713 
0.164698 0.862828 0.477915 
0.492094 0.837438 0.237785 
0.198027 0.875265 0.441245 
0.965807 0.236643 0.105907 
0.980663 0.066732 0.183973 
0.966351 0.132056 0.220740 
0.912569 0.223893 0.342185 
0.990647 0.123322 0.058396 
0.976677 0.204646 0.064977 
0.927710 0.368709 0.058370 
0.994939 0.030978 0.095588 
0.987166 0.100733 0.123916 
0.227008 0.766967 0.600191 
0.418666 0.617194 0.666176 
0.548242 0.623359 0.557543 
0.976476 0.073355 0.202762 
0.973907 -0.030434 0.224896 
0.953929 -0.136924 0.266968 
0.977266 -0.109161 0.181755 
0.978314 -0.091756 0.185694 
0.972112 -0.055361 0.227889 
-0.841557 0.205025 -0.499747 
-0.664958 0.058615 -0.744577 
-0.585672 0.177667 -0.790837 
-0.657731 0.205614 -0.724647 
-0.665440 -0.246627 -0.704532 
-0.802539 -0.335414 -0.493385 
-0.779444 -0.314292 -0.541930 
-0.597960 -0.693743 -0.401453 
-0.723369 -0.581728 -0.371927 
0.894757 0.261940 0.361660 
0.524213 0.642074 0.559412 
0.715381 0.027677 0.698186 
0.253781 0.287420 0.923572 
-0.191947 0.724285 0.662245 
-0.254772 0.394096 0.883051 
0.023768 0.324328 0.945646 
-0.620118 0.762749 0.183486 
-0.789317 -0.056704 0.611362 
-0.087310 0.633539 0.768769 
-0.929260 0.369071 -0.016189 
-0.494623 0.818638 -0.291855 
-0.181935 0.891494 -0.414894 
-0.819933 0.507082 -0.265662 
0.007692 0.583482 -0.812089 
-0.237134 0.026663 -0.971111 
-0.965727 0.238977 0.101303 
-0.852416 0.484209 0.197303 
-0.471595 -0.264790 -0.841121 
-0.833282 0.478878 -0.276255 
-0.553585 -0.741971 -0.378184 
-0.805845 -0.528946 -0.266137 
-0.920646 -0.030404 -0.389212 
-0.859173 0.093677 -0.503037 
-0.581550 -0.772536 0.254926 
-0.765246 -0.643477 -0.018309 
-0.794521 0.086626 -0.601027 
-0.922117 -0.175926 -0.344602 
-0.850391 0.098010 -0.516942 
-0.659903 0.013952 -0.751221 
-0.650077 0.429312 -0.626970 
-0.766738 0.087106 -0.636023 
-0.291858 0.801942 -0.521256 
-0.148019 0.800281 -0.581068 
-0.764458 0.329906 -0.553865 
-0.494112 0.698788 -0.517251 
-0.984484 -0.109551 -0.137074 
-0.889800 -0.454853 0.036950 
-0.894371 -0.437131 0.094954 
-0.997649 0.057982 0.036537 
-0.521705 0.814494 -0.253817 
-0.370762 0.882841 -0.288318 
-0.812419 0.566258 -0.139019 
-0.840240 0.540341 -0.045027 
0.099612 -0.781469 0.615942 
0.220802 -0.532273 0.817271 
0.368441 -0.386951 0.845293 
-0.104999 0.404521 0.908481 
0.443475 0.674157 0.590629 
0.673139 -0.222123 0.705369 
0.809911 -0.234605 0.537591 
0.580129 0.046535 0.813194 
0.888086 0.083012 0.452119 
0.432685 -0.274914 0.858607 
0.470234 -0.333927 0.816929 
0.956376 -0.110688 0.270357 
0.888030 0.244921 0.389123 
0.253633 0.333249 0.908083 
-0.029954 0.719535 0.693809 
-0.013214 0.451103 0.892374 
0.209980 -0.223198 0.951888 
0.253692 -0.242230 0.936464 
0.258519 -0.456830 0.851160 
0.098512 0.274439 0.956545 
-0.068461 0.794408 0.603514 
-0.153407 0.764030 0.626677 
-0.183480 0.828648 0.528845 
-0.103467 0.859687 0.500234 
-0.053957 0.884114 0.464146 
0.017595 0.769326 0.638614 
-0.473841 0.723786 0.501606 
-0.111600 0.583030 0.804749 
-0.577759 0.273744 0.768933 
0.120311 0.153771 0.980755 
-0.309871 -0.423948 0.851028 
0.137317 -0.328827 0.934354 
-0.902765 0.011004 0.429993 
-0.728069 0.650178 0.217219 
-0.994685 -0.077580 0.067695 
-0.937046 -0.304072 0.171711 
-0.862613 -0.413416 0.291524 
-0.631212 -0.406302 0.660674 
-0.535246 0.818307 -0.209489 
0.238678 -0.440646 0.865369 
-0.993171 -0.070213 0.093176 
-0.943548 0.329198 -0.036687 
-0.687859 0.486440 -0.538727 
-0.363518 0.839186 -0.404501 
-0.354796 0.769066 -0.531655 
-0.586463 0.608883 -0.534156 
-0.298796 0.767411 0.567275 
-0.302968 0.880732 0.364035 
-0.182118 0.801716 0.569285 
-0.264492 0.859380 0.437619 
-0.296868 0.690944 -0.659140 
-0.661510 0.030318 -0.749323 
-0.314725 0.080343 -0.945776 
-0.356333 -0.150423 -0.922171 
-0.104776 0.550112 -0.828492 
-0.053431 0.678911 -0.732274 
0.580887 0.340693 0.739255 
-0.070906 -0.001303 0.997482 
0.772898 0.542122 0.329745 
0.911273 0.173281 0.373572 
0.927350 0.099521 0.360717 
0.744587 -0.439160 0.502722 
0.774105 0.554669 0.305131 
0.883161 -0.285326 0.372312 
0.801348 -0.436964 0.408539 
0.741400 0.597769 0.304956 
0.763773 -0.285403 0.578961 
0.670400 0.156894 0.725223 
0.498061 -0.420957 0.758110 
0.698895 -0.525288 0.485405 
0.501520 0.748707 0.433493 
0.586916 0.695592 0.414344 
0.313695 -0.641568 0.699990 
-0.106561 -0.658003 -0.745438 
-0.297852 0.313846 -0.901546 
-0.272507 -0.330341 -0.903667 
-0.219566 -0.736119 -0.640250 
-0.470163 -0.557306 -0.684366 
-0.424931 -0.649666 -0.630371 
-0.641599 -0.294418 -0.708286 
-0.901730 -0.151317 -0.404951 
-0.669227 0.276663 -0.689633 
-0.110611 -0.004123 0.993855 
-0.822452 -0.100317 0.559919 
0.805177 0.400953 0.436951 
0.974671 -0.084174 0.207200 
0.799403 0.600428 -0.021000 
0.735582 0.267094 0.622560 
0.585853 0.219686 0.780073 
-0.151233 0.307710 0.939385 
-0.124173 0.474565 0.871418 
-0.937379 0.216829 0.272591 
-0.972095 -0.070351 -0.223792 
-0.580735 -0.467372 -0.666566 
0.825837 -0.483473 0.290252 
0.778437 -0.474541 0.410909 
0.864440 -0.426934 0.265465 
0.653888 -0.644669 0.396020 
0.735636 -0.660125 0.151904 
0.605756 -0.794909 0.034331 
0.921020 0.297958 -0.250886 
0.978102 -0.203672 0.042839 
0.980613 -0.102558 0.166976 
0.964472 0.119630 -0.235547 
0.719679 -0.681970 -0.130305 
0.945621 -0.183011 -0.268901 
0.803487 0.459405 -0.378623 
0.838012 0.502472 -0.212737 
0.957476 0.287868 0.019300 
0.423736 -0.818635 0.387667 
-0.438688 0.315895 -0.841287 
0.827747 -0.286755 0.482293 
0.495913 -0.811541 0.308985 
0.976298 -0.207416 -0.061814 
0.914446 0.155115 -0.373801 
0.746056 0.637527 -0.192249 
0.873665 -0.392442 -0.287574 
0.289403 -0.956880 -0.025031 
0.867616 -0.340034 -0.362794 
0.751412 -0.538891 -0.380758 
-0.019824 -0.900600 -0.434198 
-0.310530 -0.711212 -0.630673 
-0.106273 -0.876221 -0.470045 
-0.133804 -0.920388 -0.367400 
-0.317372 -0.797018 -0.513845 
0.012692 -0.917384 -0.397800 
0.434608 -0.871337 0.227789 
0.093769 -0.991731 0.087615 
0.297266 -0.890073 0.345546 
-0.210691 -0.895963 -0.390972 
-0.291324 -0.834185 -0.468257 
0.223760 -0.963096 0.149591 
0.187050 -0.565638 0.803160 
0.318201 -0.447580 0.835716 
0.268954 -0.166386 0.948673 
0.265610 -0.213415 0.940162 
0.274003 -0.210444 0.938422 
-0.024671 -0.603486 0.796991 
0.193010 -0.268494 0.943747 
-0.081652 -0.691085 0.718147 
0.196713 -0.775821 0.599505 
-0.920120 -0.363746 0.145149 
-0.184615 -0.938951 0.290324 
-0.940869 -0.255448 0.222513 
0.084016 -0.925798 0.368563 
-0.226572 -0.913682 0.337417 
-0.386151 -0.870354 0.305569 
-0.250808 -0.892848 0.374056 
-0.865092 -0.398763 0.304309 
-0.878013 -0.468122 0.099779 
-0.723476 -0.265972 0.637057 
-0.338702 -0.183773 0.922772 
-0.946688 -0.313451 -0.074367 
-0.829072 -0.558747 0.021004 
-0.792203 -0.610044 0.016168 
-0.586567 -0.744621 -0.318558 
-0.557026 -0.670077 -0.490632 
0.025843 -0.872194 -0.488477 
0.066608 -0.506013 0.859950 
0.135337 -0.342849 0.929591 
0.208081 0.233974 0.949715 
-0.035995 0.772596 0.633877 
0.176056 0.408617 0.895565 
-0.046398 0.788759 0.612949 
-0.090127 0.848323 0.521752 
-0.075857 0.858421 0.507305 
0.183400 0.126233 0.974900 
0.007290 0.072929 0.997311 
0.009325 0.783853 0.620877 
0.024462 0.778330 0.627379 
-0.969628 0.041905 0.240967 
-0.571054 -0.014762 0.820780 
-0.672472 0.740121 0.001587 
-0.673526 0.704840 -0.222628 
-0.795665 0.585800 -0.154127 
-0.844117 0.534733 0.039071 
-0.937270 0.342044 -0.067318 
-0.988708 -0.054945 0.139419 
-0.871735 0.373679 -0.316926 
-0.613457 0.762045 -0.207263 
-0.411662 0.821047 -0.395495 
-0.481510 0.836863 -0.260401 
-0.444564 0.850211 -0.281965 
-0.340307 0.797921 -0.497506 
-0.713726 0.473778 -0.515878 
-0.873288 0.189847 -0.448694 
-0.970035 -0.026396 -0.241528 
-0.416649 0.458139 -0.785183 
-0.123217 0.640981 -0.757602 
-0.579029 -0.032477 -0.814660 
-0.643371 0.246530 -0.724774 
-0.583007 -0.470327 -0.662492 
-0.345926 0.780311 -0.521008 
-0.231164 0.765027 0.601080 
-0.010377 0.900336 0.435071 
-0.353066 -0.515067 0.781057 
-0.267578 0.757417 0.595584 
0.217545 -0.203576 0.954584 
-0.112711 0.820033 0.561107 
0.362279 -0.222682 0.905078 
0.542474 0.009951 0.840014 
0.618431 -0.073322 0.782411 
0.913115 -0.001025 0.407701 
-0.937198 -0.157590 -0.311168 
-0.880677 0.435751 -0.185820 
-0.682558 -0.089656 -0.725311 
-0.490433 0.144238 -0.859460 
-0.436867 0.302342 -0.847193 
-0.842997 0.364059 0.396002 
-0.736648 0.438052 -0.515228 
-0.844719 0.321387 -0.427972 
-0.828505 0.341605 -0.443717 
-0.285531 0.926362 0.245615 
-0.264754 0.955846 -0.127528 
-0.534818 0.795669 -0.284395 
-0.454348 0.837060 -0.304792 
0.506889 0.855603 -0.104913 
0.031628 0.795904 -0.604596 
0.589985 0.753864 -0.289149 
0.341602 0.854825 -0.390618 
-0.294351 0.747615 -0.595340 
-0.476117 0.458954 0.750116 
-0.286649 0.793063 -0.537479 
-0.296325 0.901082 -0.316610 
0.696471 0.145040 -0.702775 
-0.099667 -0.007348 0.994994 
-0.201814 0.732611 0.650040 
0.021331 0.699155 0.714652 
0.511538 -0.271277 0.815315 
0.457693 -0.538074 0.707809 
0.555970 -0.250593 0.792528 
0.541556 -0.167526 0.823803 
0.398455 0.507536 0.763964 
0.507985 -0.040830 0.860398 
0.472755 0.051844 0.879668 
0.322751 -0.590312 0.739840 
0.333311 -0.620397 0.709938 
-0.470719 0.337336 0.815247 
0.223464 0.338865 0.913912 
-0.239467 -0.312783 0.919142 
0.383488 -0.202571 0.901056 
0.444775 0.170328 0.879297 
0.620859 0.380864 0.685184 
0.539043 -0.549160 -0.638637 
0.803948 -0.572527 0.160875 
0.823581 -0.290885 -0.486930 
-0.731047 -0.513075 0.449805 
-0.852275 -0.507082 0.128435 
-0.647628 0.640468 -0.412770 
0.323778 -0.295438 -0.898824 
0.077367 -0.637033 -0.766944 
-0.861897 0.032762 -0.506024 
-0.934718 0.272850 -0.227716 
-0.453983 0.710172 -0.538104 
-0.333332 0.433908 -0.837027 
-0.748148 0.334539 -0.573026 
-0.984018 -0.152064 -0.092655 
-0.938655 0.145901 0.312474 
-0.554271 0.100614 -0.826233 
0.384553 0.552953 -0.739163 
0.953415 0.197853 -0.227713 
0.850370 0.121146 -0.512049 
0.903791 0.415811 -0.101305 
0.758027 0.649139 -0.063356 
0.278837 0.858022 -0.431332 
-0.257667 0.614133 -0.745955 
-0.260006 0.890009 -0.374540 
-0.361157 0.902293 -0.235440 
-0.284809 0.523827 -0.802801 
-0.271350 0.961540 -0.042544 
-0.338845 0.940418 -0.028234 
-0.416320 0.821999 -0.388581 
-0.616599 0.693893 0.371912 
-0.328895 0.472197 -0.817837 
-0.281623 0.937580 0.204039 
-0.375175 0.768100 -0.518908 
-0.492510 0.454796 -0.742021 
-0.535943 0.225954 -0.813455 
-0.604154 0.069737 -0.793810 
0.319773 0.899364 -0.298144 
0.094333 0.917775 -0.385733 
0.564478 0.786855 -0.249447 
0.566988 0.764608 -0.306428 
0.268119 0.909986 -0.316287 
0.915359 0.293323 -0.275824 
0.891590 0.450777 0.043218 
-0.443431 0.203494 -0.872903 
0.252325 -0.961218 -0.111323 
-0.504913 -0.850357 0.148174 
0.620526 -0.781894 0.059915 
0.414708 -0.751771 0.512696 
0.632940 -0.696473 -0.338101 
0.507898 -0.767518 0.391096 
-0.082103 -0.928574 0.361952 
-0.633363 -0.763778 0.124477 
0.195832 -0.937078 0.289025 
0.219969 -0.896557 0.384447 
0.295030 -0.643425 0.706373 
-0.017164 -0.839706 -0.542770 
-0.130019 -0.814698 -0.565121 
0.234181 -0.593262 0.770194 
0.212621 -0.838709 0.501358 
0.064138 -0.747500 -0.661158 
-0.026318 -0.710583 0.703121 
0.298205 -0.909969 0.288149 
-0.451718 -0.864942 0.218692 
0.334056 -0.884168 0.326579 
0.203851 -0.966773 0.154252 
0.387572 -0.915095 0.111309 
0.589971 -0.805143 -0.060651 
-0.476300 -0.831128 0.286992 
0.393125 -0.779940 -0.486977 
0.511835 -0.859025 -0.010080 
0.561353 -0.772956 0.295671 
0.547616 -0.228754 -0.804853 
0.922578 -0.199041 -0.330503 
0.943254 -0.311256 0.115725 
0.802378 -0.226510 0.552161 
0.961436 -0.252270 -0.109552 
0.910814 -0.395707 -0.117618 
0.782173 -0.622904 0.014026 
0.671844 -0.740304 0.024012 
0.959596 -0.247793 0.133319 
0.888903 -0.236110 0.392561 
0.971801 0.185581 0.145472 
-0.247580 0.203845 -0.947181 
-0.110710 -0.543093 -0.832342 
-0.281041 -0.571770 -0.770776 
-0.416358 -0.012601 -0.909114 
-0.547676 -0.170914 -0.819047 
-0.640938 -0.306098 -0.703920 
-0.957266 -0.178101 -0.227863 
-0.230537 -0.582949 -0.779117 
0.136346 -0.671021 -0.728794 
-0.058628 0.295163 0.953646 
0.869414 0.362320 0.335922 
-0.746378 0.099997 0.657967 
0.524580 0.254970 0.812285 
-0.748065 0.038457 0.662510 
0.891022 -0.446312 -0.082983 
0.881935 0.102176 0.460164 
-0.436994 0.842866 -0.314028 
-0.310124 0.949715 0.043192 
-0.040750 0.752577 -0.657242 
-0.102003 0.406086 -0.908124 
-0.380893 0.922964 -0.055307 
-0.489041 0.846486 -0.210476 
-0.238651 0.702100 -0.670896 
0.496802 0.844894 -0.198347 
-0.469187 0.062890 -0.880856 
-0.924793 -0.260431 -0.277370 
0.730420 0.676370 -0.094926 
0.379844 0.838032 -0.391689 
0.532695 0.837939 -0.118722 
0.877377 0.351534 -0.326549 
0.871160 0.486982 -0.062681 
0.020299 0.876954 -0.480146 
0.942202 0.283503 -0.178552 
0.861819 0.485994 0.145185 
0.882415 0.470453 -0.004331 
0.746168 0.498280 -0.441532 
0.274067 0.391061 -0.878612 
0.086346 -0.038650 -0.995515 
-0.173579 -0.574995 -0.799532 
-0.305436 -0.164180 -0.937952 
-0.347451 -0.481327 -0.804738 
-0.652579 -0.372833 -0.659649 
-0.480515 -0.104157 -0.870779 
0.334326 0.393417 0.856417 
0.946693 0.131644 0.294010 
0.675966 0.148763 0.721761 
0.774157 -0.349202 0.527956 
0.591975 0.418149 0.688997 
0.861790 -0.491395 0.125893 
0.856854 -0.508817 0.083101 
0.809548 -0.218388 0.544921 
0.853695 -0.369025 0.367458 
0.992209 -0.124511 -0.004270 
0.870916 -0.316934 -0.375576 
0.104563 -0.108606 -0.988570 
0.486532 -0.341297 -0.804240 
0.959718 -0.005272 -0.280916 
0.880882 -0.390976 -0.266805 
0.631881 -0.760139 -0.151380 
0.902710 -0.425327 -0.064893 
0.701473 -0.712696 -0.000540 
0.988126 0.005142 0.153562 
0.720940 -0.551228 0.419992 
0.913429 0.132640 0.384779 
0.836674 -0.388580 -0.385982 
0.908928 0.348193 0.229371 
0.814483 0.383994 -0.434932 
0.206596 -0.180585 -0.961617 
0.737185 -0.281675 -0.614181 
0.603302 -0.525322 -0.600053 
0.353977 -0.161094 -0.921276 
0.411482 -0.837535 -0.359470 
0.529899 -0.807153 -0.260214 
0.286165 -0.674470 -0.680588 
0.430159 -0.842118 -0.325271 
-0.644120 -0.199138 -0.738549 
0.770561 -0.371847 -0.517654 
0.565055 -0.823481 -0.050912 
0.755655 -0.185643 -0.628110 
0.551233 -0.687830 -0.472263 
0.241679 -0.151826 -0.958405 
0.524844 -0.470918 0.709066 
0.449443 -0.669912 0.590948 
0.354593 -0.909962 0.215018 
0.206972 -0.934284 0.290304 
-0.149609 -0.685057 0.712961 
0.253014 -0.961852 0.104042 
-0.211091 -0.556768 0.803399 
0.160150 -0.818518 0.551707 
0.362187 -0.898416 0.248334 
-0.231012 -0.972552 -0.027863 
0.171420 -0.923268 0.343791 
0.061076 -0.919263 0.388877 
0.608400 0.793142 0.027855 
-0.568389 -0.510652 0.645111 
-0.928662 -0.208223 -0.306970 
-0.913681 -0.250168 -0.320315 
-0.936380 -0.206075 -0.284122 
-0.866950 -0.379383 -0.323213 
-0.935866 -0.202623 -0.288268 
-0.934573 -0.206092 -0.290000 
-0.945972 -0.184566 -0.266594 
-0.947664 -0.152399 -0.280547 
-0.929194 -0.272154 -0.250063 
-0.949716 -0.175929 -0.259014 
-0.877217 -0.420995 -0.230765 
-0.919150 -0.325924 -0.221217 
-0.944024 -0.175731 -0.279173 
-0.929754 -0.199327 -0.309557 
-0.935186 -0.182119 -0.303744 
-0.935374 -0.228791 -0.269684 
-0.945707 -0.243734 -0.215018 
-0.961675 -0.224640 -0.157221 
-0.929329 -0.331770 -0.162099 
-0.972913 -0.206625 -0.103666 
-0.974450 -0.189285 -0.120903 
-0.973502 -0.207671 -0.095748 
-0.960510 -0.209757 -0.182816 
-0.869153 -0.402341 -0.287567 
-0.821166 -0.460134 -0.337584 
-0.839368 -0.428761 -0.334104 
-0.685124 -0.633255 -0.359989 
-0.665347 -0.677913 -0.312646 
-0.759647 -0.588938 -0.275842 
-0.645906 -0.696512 -0.312533 
-0.587075 -0.738303 -0.332041 
-0.377385 -0.856031 -0.353260 
-0.354288 -0.880237 -0.315693 
-0.263881 -0.909383 -0.321544 
-0.198783 -0.945066 -0.259491 
-0.163161 -0.942128 -0.292870 
-0.298718 -0.904707 -0.303766 
-0.282016 -0.914704 -0.289455 
-0.413172 -0.858733 -0.303094 
-0.457447 -0.830973 -0.316587 
-0.502297 -0.798299 -0.332289 
-0.412275 -0.857689 -0.307242 
0.282789 -0.954009 -0.099480 
0.266888 -0.958569 -0.099576 
0.196158 -0.971362 -0.134080 
0.181033 -0.972338 -0.147600 
0.375128 -0.924935 -0.061439 
0.370632 -0.925925 -0.072764 
-0.089155 -0.973706 -0.209640 
-0.166124 -0.954995 -0.245740 
-0.215305 -0.943598 -0.251529 
0.127917 -0.966690 -0.221695 
0.331050 -0.931377 -0.151469 
0.360005 -0.909804 -0.206529 
-0.081166 -0.941734 -0.326419 
0.390583 -0.896477 -0.209221 
-0.323953 -0.874563 -0.360824 
-0.395304 -0.893974 -0.211057 
-0.592612 -0.804118 -0.046967 
-0.763897 -0.605078 -0.224370 
-0.915964 -0.382904 -0.119974 
-0.818117 -0.564856 0.107807 
-0.944478 -0.328469 0.008297 
-0.887539 -0.441351 0.132224 
-0.942499 -0.332968 0.028771 
-0.829467 -0.541254 0.137942 
-0.967016 -0.252463 0.033792 
-0.956811 -0.284421 0.060152 
-0.979651 -0.198291 0.031045 
-0.982162 -0.186448 0.024405 
-0.982773 -0.179986 -0.041986 
-0.974602 -0.213131 -0.068753 
-0.962388 -0.258183 -0.084560 
-0.970885 -0.216025 -0.103515 
-0.979003 -0.180068 -0.095545 
-0.950017 -0.197196 -0.242036 
-0.937098 -0.181239 -0.298328 
-0.935844 -0.149922 -0.318935 
-0.937157 -0.173540 -0.302689 
-0.941055 -0.172004 -0.291256 
-0.940189 -0.134371 -0.313034 
-0.943065 -0.112970 -0.312834 
-0.954583 -0.136858 -0.264652 
-0.937498 -0.337349 0.085397 
-0.887627 -0.447602 0.108497 
-0.945103 -0.315617 0.084656 
-0.918759 -0.372793 0.130025 
-0.952571 -0.279248 0.120955 
-0.964835 -0.255436 0.062008 
-0.862779 -0.486418 0.137878 
-0.680949 -0.714585 0.160238 
-0.627672 -0.753142 0.196991 
-0.408227 -0.875598 0.258222 
-0.500003 -0.832085 0.240065 
-0.382207 -0.883349 0.271317 
-0.299465 -0.908067 0.292805 
-0.572525 -0.786199 0.232607 
-0.322200 -0.882922 0.341520 
-0.622690 -0.749781 0.223800 
-0.691637 -0.687757 0.220517 
-0.240729 -0.920248 0.308533 
-0.075354 -0.932658 0.352806 
-0.112576 -0.940873 0.319506 
0.169979 -0.920028 0.353065 
0.187477 -0.898751 0.396357 
0.194444 -0.918930 0.343162 
0.013153 -0.930512 0.366025 
-0.509059 -0.843444 0.171644 
-0.738550 -0.673630 0.027685 
-0.630695 -0.764740 0.131896 
-0.435140 -0.892041 0.122130 
-0.308192 -0.948553 -0.072566 
-0.183571 -0.978324 0.095836 
-0.052556 -0.985579 -0.160845 
0.328441 -0.925957 -0.186359 
0.364557 -0.929221 -0.060389 
0.410411 -0.903229 -0.125456 
0.318470 -0.941898 0.106790 
0.401077 -0.916039 -0.003264 
0.324256 -0.936242 0.135313 
0.128021 -0.975153 0.180798 
-0.314775 -0.919765 0.234411 
-0.944572 -0.294220 0.145665 
-0.913905 -0.363854 0.179969 
-0.954581 -0.296097 0.033206 
-0.949781 -0.303064 0.077904 
-0.971005 -0.234689 0.045499 
-0.948991 -0.279875 0.145212 
-0.947960 -0.288651 0.134357 
-0.885586 -0.424363 0.188821 
-0.910966 -0.374617 0.172635 
-0.923504 -0.352933 0.150260 
-0.875479 -0.449873 0.176497 
-0.954639 -0.271334 0.122647 
-0.944823 -0.316894 0.082990 
-0.738514 -0.643834 0.200186 
-0.724174 -0.647113 0.238364 
-0.585226 -0.763748 0.272398 
-0.392352 -0.871725 0.293523 
-0.681723 -0.681311 0.266587 
-0.471555 -0.821709 0.320048 
-0.464575 -0.826644 0.317537 
-0.328599 -0.882011 0.337755 
-0.555166 -0.775172 0.301493 
-0.792031 -0.567208 0.225747 
-0.793033 -0.573641 0.205023 
-0.085503 -0.920220 0.381948 
-0.320385 -0.882496 0.344317 
0.085796 -0.909470 0.406821 
0.307075 -0.899488 0.310848 
0.312068 -0.894367 0.320503 
0.255503 -0.917974 0.303386 
0.303800 -0.938372 0.164816 
0.422056 -0.898460 0.120988 
0.383445 -0.917951 0.101664 
0.349440 -0.914758 0.202754 
-0.213531 -0.904420 0.369363 
-0.197858 -0.912279 0.358607 
-0.080467 -0.920265 0.382932 
0.109902 -0.901150 0.419345 
-0.186671 -0.913920 0.360422 
-0.302077 -0.887430 0.348162 
0.206016 -0.891527 0.403407 
0.145128 -0.915111 0.376178 
0.000470 -0.934742 0.355327 
0.238038 -0.907855 0.345164 
-0.202012 -0.921467 0.331797 
-0.136474 -0.934292 0.329353 
0.103935 -0.935050 0.338939 
-0.041092 -0.961328 0.272324 
0.333486 -0.919044 0.210107 
0.076689 -0.996441 0.034988 
-0.501441 -0.837488 0.217188 
-0.921315 -0.380600 0.079518 
-0.988110 -0.151985 0.023238 
0.077576 -0.909848 0.407625 
0.192085 -0.893767 0.405318 
0.272144 -0.881658 0.385509 
0.420708 -0.891929 -0.165731 
-0.734094 -0.661273 0.154353 
-0.894222 -0.396218 0.208274 
-0.968525 -0.248163 -0.019356 
-0.967052 -0.251083 -0.042046 
-0.978331 -0.192970 -0.075038 
-0.934650 -0.343681 -0.091174 
-0.800382 -0.598925 0.026040 
-0.963260 -0.253309 -0.089250 
-0.976203 -0.191440 -0.101879 
-0.983409 -0.158671 -0.087923 
-0.744721 -0.664436 -0.062578 
-0.091231 -0.962543 0.255320 
-0.448041 -0.866653 0.219481 
-0.541606 -0.782753 0.306531 
-0.277331 -0.936144 0.216153 
0.263314 -0.941029 0.212438 
-0.864114 -0.369581 0.341640 
-0.910376 -0.324592 0.256622 
-0.693675 -0.374425 0.615322 
-0.428515 -0.702354 0.568396 
-0.279281 -0.451039 0.847683 
-0.220117 -0.664243 0.714374 
-0.174810 -0.296991 0.938743 
-0.234726 -0.205209 0.950154 
-0.321104 -0.418215 0.849699 
0.036886 -0.368734 0.928803 
-0.271381 -0.635018 0.723259 
-0.264594 -0.955104 0.133291 
-0.294313 -0.941485 0.164272 
-0.138309 -0.639495 0.756252 
0.159525 -0.821167 -0.547939 
-0.245887 -0.963124 0.109231 
0.244804 -0.957531 -0.152334 
-0.168176 -0.676384 -0.717093 
0.705444 -0.707846 0.036104 
0.512157 -0.852606 0.103718 
0.086754 -0.979198 0.183425 
0.200550 -0.894765 0.398967 
0.249675 -0.936008 0.248095 
0.214793 -0.891740 0.398326 
0.412036 -0.910237 0.041170 
0.450108 -0.892175 0.037772 
0.326699 -0.934962 0.138254 
0.097461 -0.995035 -0.020174 
-0.260422 -0.964956 -0.032267 
-0.527377 -0.841616 -0.116429 
-0.479915 -0.874740 -0.067167 
-0.158180 -0.982424 -0.099103 
0.388798 -0.921296 -0.007089 
0.357449 -0.933932 0.000822 
0.436460 -0.899512 0.019522 
0.410462 -0.909270 -0.068916 
-0.878979 -0.476783 -0.008605 
-0.973954 -0.213940 -0.075126 
-0.985696 -0.154785 -0.066669 
-0.866179 -0.494090 -0.074892 
-0.945042 -0.326363 0.019556 
0.342892 -0.931246 0.123313 
0.196105 -0.935111 0.295145 
-0.181706 -0.932761 0.311351 
-0.689646 -0.640848 0.337197 
-0.643410 -0.681460 0.348763 
-0.338532 -0.841290 -0.421458 
-0.046556 -0.801041 -0.596797 
0.284170 -0.539040 0.792896 
0.808225 -0.406919 0.425664 
0.749190 -0.159408 0.642886 
0.214127 -0.938187 0.271948 
0.470647 -0.829906 0.299580 
-0.513763 -0.789476 0.335820 
-0.511559 -0.853651 0.097915 
-0.426809 -0.882743 0.196463 
0.954346 -0.259014 0.148779 
0.910620 -0.363355 0.196837 
0.841021 -0.537590 0.060667 
-0.468631 -0.757084 0.455201 
-0.522992 -0.725943 0.446640 
-0.604661 -0.779643 0.162921 
0.172740 -0.984838 -0.015990 
0.857164 -0.512700 -0.049073 
-0.629472 -0.753774 -0.188652 
-0.559200 -0.318755 -0.765305 
0.783733 -0.417719 -0.459645 
0.905666 -0.419159 -0.063834 
0.453694 -0.864644 0.215761 
0.330388 0.869673 0.366760 
0.445734 0.815724 0.368669 
0.113002 0.944785 0.307591 
0.600976 0.698430 0.388617 
-0.035870 0.951614 0.305196 
-0.042687 0.959809 0.277389 
-0.140593 0.953101 0.268015 
-0.212407 0.932329 0.292654 
-0.127848 0.958506 0.254798 
-0.302089 0.916086 0.263682 
-0.281009 0.880126 0.382639 
0.681843 0.632282 0.367843 
0.645815 0.680551 0.346082 
0.731758 0.545322 0.408845 
0.818982 0.475735 0.320849 
0.290068 0.851818 0.436195 
-0.006472 0.937389 0.348223 
0.297771 0.765942 0.569795 
0.544799 0.687794 0.479722 
-0.125903 0.890049 0.438135 
-0.116706 0.827526 0.549164 
0.632182 0.485815 0.603597 
0.351969 0.632475 0.689995 
-0.319626 0.820147 0.474551 
-0.385586 0.775208 0.500375 
-0.382032 0.789193 0.480860 
-0.372858 0.849746 0.372705 
-0.379690 0.807906 0.450692 
-0.110027 0.767275 0.631809 
-0.434909 0.772184 0.463235 
-0.130245 0.882481 0.451956 
-0.310875 0.873804 0.373930 
-0.221519 0.921660 0.318547 
-0.242266 0.931680 0.270701 
-0.184147 0.966994 0.176102 
0.068712 0.971408 0.227256 
-0.074110 0.992590 0.096300 
-0.135563 0.985626 0.100817 
0.321539 0.946858 0.008559 
0.240421 0.900168 0.363173 
0.658263 0.712948 0.241649 
0.240030 0.801578 0.547593 
0.496324 0.645896 0.580070 
0.606044 0.794951 0.027628 
0.363129 0.900589 -0.238909 
-0.027867 0.999115 -0.031507 
-0.132696 0.957454 -0.256267 
-0.237635 0.971221 -0.016112 
-0.226315 0.941756 -0.248753 
0.351777 0.910433 -0.217635 
-0.048309 0.963830 -0.262103 
-0.107702 0.959114 -0.261728 
-0.054609 0.985346 -0.161591 
-0.012890 0.992979 -0.117583 
0.096266 0.979901 -0.174719 
0.533469 0.836344 -0.126247 
0.156006 0.980714 -0.117741 
-0.061997 0.977033 -0.203869 
-0.112251 0.966633 -0.230260 
-0.118348 0.976687 -0.179099 
-0.136654 0.984450 -0.110382 
-0.077932 0.992689 -0.092168 
-0.185333 0.978648 -0.088881 
-0.105994 0.988231 -0.110294 
0.279961 0.948716 -0.146832 
-0.340148 0.936609 -0.084043 
-0.002507 0.987190 -0.159530 
-0.077861 0.983756 -0.161749 
-0.065846 0.980799 -0.183567 
-0.055201 0.974420 -0.217850 
0.438257 0.883376 -0.166063 
-0.130193 0.969753 -0.206468 
-0.052864 0.962025 -0.267793 
-0.146376 0.958158 -0.245984 
-0.018458 0.955343 -0.294921 
-0.051068 0.958460 -0.280619 
-0.127245 0.946223 -0.297439 
0.748883 0.646001 -0.147840 
0.680635 0.720400 -0.133267 
0.777733 0.615099 -0.129556 
0.439403 0.859403 -0.261441 
0.828425 0.543911 -0.133689 
0.597113 0.760836 -0.254137 
0.068667 0.961766 -0.265124 
0.874375 0.458989 -0.157471 
0.798413 0.543506 -0.259109 
0.920662 0.365177 -0.137943 
0.931250 0.354459 -0.084455 
0.916338 0.391332 -0.084761 
0.848433 0.516450 -0.115938 
0.872516 0.479521 -0.093675 
0.917642 0.392306 -0.063478 
0.939680 0.335754 -0.065347 
0.945992 0.319371 -0.055687 
0.938728 0.342072 -0.042155 
0.933055 0.359346 -0.016713 
0.850511 0.523117 -0.054578 
0.572272 0.810157 -0.127081 
0.831626 0.553935 -0.039427 
0.729847 0.671927 -0.125849 
0.573747 0.790168 -0.215523 
0.843575 0.392745 0.366242 
0.774902 0.354653 0.523210 
0.821886 0.346796 0.451924 
0.824369 0.288767 0.486856 
0.742923 0.306023 0.595327 
0.721084 0.369585 0.586042 
0.761168 0.417959 0.495917 
0.827673 0.233192 0.510469 
0.802638 0.399719 0.442716 
0.726261 0.547978 0.415048 
0.869414 0.416537 0.265737 
0.862244 0.317826 0.394363 
0.844874 0.380196 0.376350 
0.866435 0.298817 0.399999 
0.860904 0.275477 0.427735 
0.863295 0.301789 0.404530 
0.890335 0.339482 0.303408 
0.909341 0.274203 0.312908 
0.887758 0.369344 0.274720 
0.909069 0.311064 0.277188 
0.819541 0.512280 0.256750 
0.675607 0.732292 -0.085461 
0.876134 0.479531 0.049400 
0.868705 0.495109 0.014776 
0.802598 0.592581 -0.068449 
0.855069 0.518301 -0.014902 
0.902287 0.430634 0.020815 
0.855670 0.517446 -0.008902 
0.944967 0.325947 -0.028195 
0.953127 0.299544 -0.042691 
0.931451 0.360617 0.048522 
0.919526 0.385984 0.074084 
0.958779 0.283332 0.021582 
0.921644 0.379871 0.079190 
0.887024 0.460317 0.036001 
0.881224 0.472512 0.013295 
0.899106 0.384599 0.209029 
0.918745 0.382899 0.096413 
0.932655 0.324584 0.157479 
0.894632 0.371308 0.248524 
0.918384 0.328336 0.220833 
0.910737 0.326885 0.252398 
0.912582 0.408314 0.021786 
0.942653 0.326976 0.067020 
0.930827 0.363593 0.036891 
0.936497 0.345440 0.060378 
0.920922 0.387528 0.041532 
0.934580 0.348600 0.070976 
0.942575 0.325847 0.073319 
0.955044 0.296465 -0.000065 
-0.031061 0.967083 -0.252558 
-0.144605 0.957578 -0.249267 
-0.141376 0.958181 -0.248801 
-0.055608 0.964333 -0.258787 
0.398325 0.835459 -0.378610 
0.793774 0.507056 -0.335882 
0.856318 0.435658 -0.277348 
0.685037 0.629520 -0.366645 
0.521040 0.620677 -0.585899 
0.573523 0.575657 -0.582829 
0.313813 0.746412 -0.586848 
0.180362 0.879704 -0.439988 
0.035985 0.887534 -0.459334 
0.037981 0.892427 -0.449590 
0.067392 0.891625 -0.447731 
-0.016080 0.901126 -0.433260 
0.389658 0.648797 -0.653627 
0.377977 0.687274 -0.620313 
0.418664 0.677850 -0.604351 
0.552686 0.663980 -0.503656 
0.472771 0.614892 -0.631185 
0.261043 0.941538 -0.212984 
0.691605 0.608690 -0.388818 
0.438069 0.844079 -0.309234 
0.665961 0.663394 -0.341182 
0.224647 0.899260 -0.375321 
-0.037680 0.991536 -0.124240 
0.110773 0.993829 -0.005835 
-0.489373 0.834448 0.253400 
-0.240406 0.926262 0.290247 
0.223986 0.961137 -0.161387 
0.269094 0.901362 -0.339315 
0.461126 0.887259 0.011550 
0.068475 0.976775 0.203029 
0.231171 0.911449 -0.340325 
0.339994 0.911045 -0.233242 
-0.178534 0.911084 -0.371552 
-0.167602 0.881407 -0.441624 
0.036012 0.909640 -0.413834 
-0.034352 0.949277 -0.312560 
0.647267 0.752580 -0.121117 
0.673807 0.734003 0.085000 
0.627830 0.700416 0.339481 
0.860339 0.457105 0.225546 
0.810798 0.363865 0.458485 
0.933207 0.359230 -0.008886 
0.913937 0.282303 0.291588 
0.650604 0.442070 0.617486 
0.412045 0.638996 0.649541 
0.143490 0.682682 0.716488 
0.236831 0.416736 0.877634 
0.095143 0.630014 0.770733 
0.141744 0.497481 0.855816 
-0.094263 0.677443 0.729510 
0.004071 0.803363 0.595476 
-0.173943 0.919528 0.352436 
-0.293932 0.875063 0.384536 
0.790425 0.478796 -0.382077 
0.776248 0.480014 -0.408688 
0.394061 0.793427 -0.463885 
0.785328 0.530947 -0.318362 
0.559361 0.825414 -0.076196 
0.758564 0.647315 -0.074592 
0.513711 0.805950 -0.294186 
-0.319549 0.946926 0.034933 
0.243996 0.947024 -0.208832 
-0.360294 0.926327 -0.110031 
-0.268786 0.937717 -0.220091 
0.633804 0.602278 -0.485339 
-0.120950 0.935385 -0.332305 
-0.080336 0.950519 -0.300098 
-0.020497 0.985970 -0.165660 
-0.097744 0.987995 -0.119630 
-0.048678 0.996391 -0.069542 
0.540869 0.822499 -0.175944 
0.105106 0.985738 0.131430 
0.100887 0.961938 0.253964 
0.337960 0.939626 -0.053724 
0.535491 0.682369 -0.497616 
0.052823 0.997653 0.043571 
0.731841 0.362700 -0.576938 
0.653064 -0.030695 -0.756680 
0.752358 0.106099 -0.650154 
0.660661 0.345934 -0.666226 
-0.048737 0.945625 0.321586 
-0.090689 0.983718 0.155157 
0.488042 0.797472 -0.354759 
0.049611 0.968321 0.244732 
0.432161 0.895672 -0.104921 
0.008909 0.722167 -0.691662 
0.383060 0.896107 -0.224182 
0.084621 0.634936 -0.767916 
0.505916 0.848941 0.152802 
0.470436 0.882286 0.016157 
0.513029 0.848610 0.129079 
0.570436 0.793646 0.211492 
0.557842 0.812505 0.169257 
0.212368 0.845814 0.489385 
0.615651 0.672209 -0.411229 
0.697047 0.429634 -0.574055 
-0.459331 0.322282 -0.827738 
0.795512 0.082462 -0.600300 
0.817091 0.143592 -0.558340 
-0.012677 0.942572 -0.333762 
0.007143 0.914590 -0.404319 
-0.059381 0.932378 -0.356573 
0.001638 0.898412 -0.439151 
-0.052230 0.912218 -0.406362 
-0.023175 0.897561 -0.440280 
-0.171172 0.932944 -0.316727 
0.213698 0.871631 -0.441127 
0.833013 0.402142 -0.379962 
0.862050 0.347001 -0.369407 
0.454947 0.663558 -0.593898 
-0.134159 0.732285 -0.667652 
-0.505497 0.774904 -0.379469 
-0.799231 0.375247 -0.469488 
-0.848716 0.230868 -0.475796 
0.473396 0.322758 -0.819588 
-0.244484 0.938414 -0.244146 
-0.699623 0.706697 -0.105392 
0.072171 0.583136 -0.809162 
-0.099854 0.304967 -0.947114 
-0.064799 0.096781 -0.993194 
0.846410 0.291762 -0.445494 
-0.336440 0.329565 -0.882154 
-0.738177 0.673398 -0.040382 
-0.622813 0.765219 -0.162924 
0.959842 0.156417 -0.232887 
0.814371 0.518676 -0.260335 
0.507125 0.854517 -0.112362 
0.476936 0.864776 -0.157146 
-0.006801 0.999889 -0.013290 
-0.355325 0.934231 0.030916 
0.682986 0.704866 -0.191554 
-0.478704 0.845161 0.237793 
0.585115 0.804623 -0.101103 
0.913725 0.324091 -0.245095 
0.859104 0.343971 -0.378979 
0.978732 -0.001413 0.205138 
0.970818 0.089009 0.222686 
0.937155 0.089862 0.337144 
0.978098 -0.111271 0.175907 
0.943167 -0.085731 0.321071 
0.894790 0.067804 0.441309 
0.906572 0.051162 0.418939 
0.847727 0.100444 0.520836 
0.825119 -0.553235 0.114501 
0.630226 -0.775740 0.032284 
0.630700 -0.771231 0.086135 
0.578856 -0.813676 -0.053449 
0.933612 -0.291833 0.207851 
0.884384 -0.427411 0.187577 
0.802025 -0.597265 -0.005404 
0.923306 -0.359992 0.133838 
0.928324 -0.316175 0.195570 
0.942605 -0.245641 0.226179 
0.970555 -0.114527 0.211912 
0.945139 0.144938 0.292754 
0.974058 -0.198186 0.109243 
0.884521 -0.465701 -0.027286 
0.990291 -0.020441 0.137500 
0.994048 -0.092679 0.057261 
0.992140 -0.062000 0.108698 
0.812479 -0.579378 -0.064795 
0.578502 -0.812867 -0.067693 
0.881476 -0.471525 0.025771 
0.985211 0.103159 0.136809 
0.972392 0.196744 0.125482 
0.963000 -0.109926 0.246064 
0.979999 0.074138 0.184674 
0.940432 -0.214435 0.263826 
0.961418 -0.124849 0.245130 
0.977045 0.142852 0.158041 
0.959760 0.252283 0.123344 
0.983085 0.118558 0.139596 
0.987196 -0.068253 0.144171 
0.977856 -0.093280 0.187340 
0.946221 -0.177687 0.270358 
0.932329 -0.231697 0.277631 
0.919697 -0.305662 0.246430 
0.837206 -0.423606 0.345896 
0.992370 0.081203 0.092782 
0.975345 0.220672 0.002259 
0.994494 -0.033752 0.099209 
0.989794 0.141296 -0.018547 
0.998283 -0.032889 0.048478 
0.999365 0.033632 0.011770 
0.992736 0.118785 -0.019139 
0.806456 -0.478231 0.347740 
0.867110 -0.420917 0.266363 
0.796191 -0.512376 0.321793 
0.865481 -0.454046 0.211623 
0.911320 -0.369870 0.180809 
0.688352 -0.626506 0.365598 
0.616459 -0.695202 0.369692 
0.451288 -0.786879 0.420904 
0.399283 -0.828295 0.393065 
0.709561 -0.597355 0.373751 
0.816964 -0.465508 0.340399 
0.813117 -0.447173 0.372663 
0.599492 -0.667537 0.441593 
0.526964 -0.750905 0.398059 
0.712180 -0.588967 0.381992 
0.971036 -0.164479 0.173306 
0.974621 -0.142566 0.172595 
0.962475 -0.171338 0.210439 
0.956176 -0.208154 0.205910 
0.944971 -0.238508 0.223926 
0.957909 -0.182694 0.221435 
0.962471 -0.150392 0.225904 
0.416851 -0.842692 0.340742 
0.542506 -0.777640 0.317746 
0.517366 -0.782807 0.345754 
0.645323 -0.703669 0.297334 
0.718887 -0.618326 0.317608 
0.805757 -0.534431 0.255223 
0.862781 -0.484775 0.143533 
0.996344 -0.083802 -0.016586 
0.982590 -0.159530 0.095218 
0.970528 -0.238978 0.031059 
0.983308 -0.180348 -0.024074 
0.961572 -0.274252 -0.012858 
0.973886 -0.225941 -0.022281 
0.911485 -0.409556 0.038179 
0.991012 -0.127183 -0.041474 
0.937650 -0.346175 -0.031243 
0.944552 -0.326924 -0.030695 
0.743857 -0.667792 0.027031 
0.831003 -0.544939 0.111694 
0.616836 -0.786940 0.015487 
0.666368 -0.744416 0.042411 
0.588397 -0.793490 0.155443 
0.521672 -0.811509 0.263270 
0.762915 -0.539381 0.356412 
0.827971 -0.539744 0.152121 
0.851924 -0.438535 0.286203 
0.625068 -0.408554 0.665112 
0.697543 -0.427615 0.574960 
0.972573 -0.209239 0.101589 
0.159935 -0.681090 -0.714519 
0.087142 -0.793525 0.602266 
0.602384 -0.619025 0.503927 
0.843879 -0.516626 -0.144796 
0.671512 -0.412992 -0.615232 
0.145621 -0.164477 -0.975573 
0.324755 -0.460035 -0.826379 
0.790111 -0.227262 -0.569278 
0.900636 -0.040922 -0.432643 
0.333451 0.246791 -0.909893 
0.465137 -0.711208 0.527097 
0.758435 -0.338296 0.557074 
0.061552 -0.702813 0.708706 
0.115056 -0.908890 -0.400851 
0.493500 -0.779205 -0.386390 
0.135985 -0.767972 -0.625881 
0.164518 -0.556368 -0.814487 
0.652899 -0.395837 -0.645784 
0.199443 -0.362990 -0.910198 
0.706888 0.262380 -0.656861 
0.138441 0.242564 -0.960207 
0.749182 -0.174165 -0.639057 
-0.002317 0.308109 -0.951348 
0.407807 -0.698215 0.588379 
-0.183637 -0.482263 0.856563 
-0.339000 -0.665998 0.664474 
-0.362332 -0.447390 0.817654 
0.151324 -0.962138 -0.226699 
0.460528 -0.819012 0.342248 
0.459702 -0.881540 -0.107521 
0.668771 -0.655610 -0.350600 
0.709221 -0.559786 -0.428538 
0.261785 -0.781455 -0.566390 
0.375110 -0.601653 -0.705199 
0.057670 -0.981087 -0.184778 
0.445642 -0.705431 -0.551154 
0.552324 -0.744831 -0.374386 
0.190387 -0.981267 -0.029460 
0.224844 -0.784455 -0.577993 
-0.392011 -0.831133 -0.394392 
0.678040 -0.542716 -0.495704 
0.321067 -0.885092 -0.336941 
0.601979 -0.679981 -0.418625 
0.677404 -0.728485 -0.102146 
0.864906 -0.481590 -0.141455 
0.889950 -0.410269 -0.199167 
0.825785 -0.519593 -0.219325 
0.537482 -0.827183 0.163955 
0.832542 -0.549162 -0.072765 
0.875287 -0.465844 -0.129857 
0.633792 -0.760558 0.140923 
0.709008 -0.701313 -0.073949 
0.595241 -0.803025 -0.028980 
0.655676 -0.745873 -0.117314 
0.642699 -0.764102 -0.055558 
0.634876 -0.737183 -0.231289 
0.406275 -0.870973 0.276310 
0.527721 -0.813807 0.243370 
0.438388 -0.801114 0.407471 
0.232439 -0.862029 0.450419 
0.218257 -0.794758 0.566325 
0.269510 -0.861500 0.430327 
0.307121 -0.826377 0.471992 
0.187218 -0.831828 0.522506 
-0.019683 -0.771691 0.635693 
0.135735 -0.679568 0.720946 
-0.043416 -0.570491 0.820155 
0.084019 -0.767740 0.635229 
0.296724 -0.721030 0.626155 
0.372377 -0.733986 0.567979 
0.139274 -0.748523 0.648318 
0.737772 -0.453350 0.500166 
0.607802 -0.609505 0.509000 
0.766997 -0.432473 0.474006 
0.840901 -0.469545 0.269099 
0.837817 -0.400896 0.370601 
0.432882 -0.653277 0.621162 
0.635781 -0.591283 0.496152 
0.862869 -0.418920 0.282778 
0.567546 -0.492264 -0.659976 
0.645680 -0.658475 -0.386662 
0.673934 -0.630636 -0.384852 
0.890208 -0.442714 0.107401 
0.775435 -0.631367 0.008690 
0.892580 -0.410384 0.186778 
0.856685 -0.317478 0.406569 
0.861171 -0.340339 0.377563 
0.883591 -0.231663 0.406939 
0.702612 -0.648883 0.292040 
0.729438 -0.682186 0.050413 
0.744021 -0.661483 0.094202 
0.736437 -0.671539 -0.081831 
0.839805 -0.533076 -0.102746 
0.885717 -0.463612 -0.023867 
0.741623 -0.603581 0.292721 
0.631600 -0.645522 0.429397 
0.803430 -0.514316 0.299966 
0.287230 0.246986 0.925471 
0.339834 0.302417 0.890537 
0.140795 -0.177460 0.974005 
0.162588 -0.153708 0.974648 
0.086128 -0.420408 0.903238 
0.175226 -0.394807 0.901900 
0.127753 -0.799398 0.587062 
0.110924 -0.667595 0.736216 
0.401277 -0.337815 0.851386 
0.524684 0.119751 0.842833 
0.831371 -0.409335 0.375856 
0.557314 -0.729981 -0.395637 
0.689062 -0.659690 -0.300004 
0.825267 -0.328887 -0.459095 
0.764341 -0.291022 -0.575403 
0.882344 -0.447922 -0.144344 
0.708753 -0.694882 0.121687 
0.742502 -0.386489 0.547099 
0.687596 -0.722023 0.076772 
0.654435 -0.618937 0.434318 
0.765324 -0.507261 0.396189 
0.567599 -0.493618 0.658918 
0.566158 -0.301187 0.767302 
0.894032 -0.222140 0.389052 
0.775263 -0.182028 0.604841 
0.439100 0.003705 0.898431 
0.825191 -0.479577 0.298440 
0.941851 -0.252662 0.221537 
0.894297 -0.338083 0.293144 
0.927892 -0.236065 0.288600 
0.827974 -0.442638 0.344283 
0.828014 -0.445105 0.340990 
0.725029 -0.584087 0.364933 
0.439643 -0.835404 0.329870 
0.516931 -0.833410 0.195472 
0.673173 -0.721701 0.161203 
0.775783 -0.609062 0.164939 
0.504089 -0.853992 0.128813 
0.334126 -0.941434 0.045419 
0.742697 -0.665382 -0.075287 
0.436247 -0.866288 0.243381 
0.429573 -0.883072 0.188816 
0.449632 -0.857098 0.251424 
0.402704 -0.907724 0.117758 
0.952163 -0.230645 -0.200468 
0.429220 -0.897674 0.099760 
0.181122 -0.925059 0.333859 
-0.668495 0.739522 0.078883 
-0.503723 0.848421 0.162620 
-0.505651 0.845402 0.172086 
-0.357405 0.910891 0.206250 
-0.504136 0.824724 0.256275 
-0.587394 0.793869 0.157292 
-0.547868 0.779026 0.304893 
-0.697281 0.705681 0.125752 
-0.850147 0.520029 0.082582 
-0.725585 0.686682 0.044655 
-0.873654 0.479456 -0.082765 
-0.932948 0.349484 -0.086419 
-0.740563 0.671581 0.023372 
-0.798189 0.602144 -0.017795 
-0.462919 0.827027 0.318954 
-0.581764 0.803686 0.125059 
-0.876484 0.480791 -0.024819 
-0.959069 0.240043 -0.150219 
-0.966845 0.214675 -0.138292 
-0.972912 0.130014 -0.191150 
-0.952548 0.253631 -0.168299 
-0.471397 0.870631 0.140664 
-0.543922 0.838774 -0.024653 
-0.669982 0.742356 0.005622 
-0.931838 0.331889 -0.146724 
-0.888886 0.434110 -0.146392 
-0.809889 0.576257 -0.109581 
-0.948527 0.220420 -0.227402 
-0.564087 0.821009 -0.088030 
-0.952072 0.278221 -0.127091 
-0.995095 -0.018898 -0.097104 
-0.975615 0.215754 -0.040329 
-0.992455 0.095940 -0.076343 
-0.864609 0.486686 -0.124854 
-0.995382 -0.060148 -0.074819 
-0.993283 0.067625 -0.093889 
-0.992233 -0.092758 -0.082882 
-0.975591 0.071613 -0.207589 
-0.877906 0.476840 -0.043640 
-0.652554 0.731796 -0.196589 
-0.657863 0.751159 -0.054566 
-0.440544 0.881854 -0.168091 
-0.971435 0.005373 -0.237245 
-0.970519 0.112319 -0.213255 
-0.966350 0.009671 -0.257048 
-0.957934 -0.052946 -0.282061 
-0.972349 -0.018678 -0.232786 
-0.976385 0.024198 -0.214676 
-0.969490 0.149407 -0.194338 
-0.971132 0.043189 -0.234601 
-0.946762 0.222303 -0.232857 
-0.951916 -0.041100 -0.303588 
-0.969086 0.002661 -0.246707 
-0.956601 -0.077228 -0.280981 
-0.543561 0.836485 -0.069534 
-0.362499 0.912760 -0.188316 
-0.399734 0.894462 -0.200377 
-0.292666 0.930760 -0.219164 
-0.432463 0.877185 -0.208620 
-0.333317 0.904560 -0.265839 
-0.503843 0.832917 -0.228893 
-0.431761 0.871393 -0.232931 
-0.792614 0.586579 -0.166398 
-0.808336 0.564275 -0.167887 
-0.646006 0.741646 -0.180658 
-0.530105 0.827515 -0.184953 
-0.773561 0.620039 -0.130977 
-0.610815 0.777944 -0.147338 
-0.508320 0.843984 -0.171178 
-0.601598 0.788567 -0.127442 
-0.642711 0.763304 -0.065501 
-0.709386 0.702201 -0.060702 
-0.783901 0.616990 -0.069447 
-0.884014 0.467322 -0.011379 
-0.738474 0.673105 -0.039820 
-0.944645 0.327026 -0.026469 
-0.912977 0.407371 -0.022864 
-0.960881 0.271024 -0.057041 
-0.926043 0.363027 -0.103225 
-0.964645 0.263530 0.003386 
-0.994257 0.096656 -0.045933 
-0.974180 0.225675 -0.006567 
-0.998825 -0.010120 0.047396 
-0.967651 0.252177 0.007628 
-0.956075 0.292700 0.015756 
-0.985076 0.171577 0.013645 
-0.944115 0.328210 0.030429 
-0.961454 0.271343 0.044500 
-0.915499 0.402167 0.011091 
-0.945854 0.321465 0.044960 
-0.939348 0.341724 0.029165 
-0.832515 0.553280 -0.028285 
-0.992594 0.100773 -0.067844 
-0.901239 0.425093 -0.084055 
-0.963035 0.269331 0.004901 
-0.997147 0.067129 -0.034528 
-0.981574 0.181068 0.061053 
-0.946212 0.318539 0.056709 
-0.964294 0.258963 0.055446 
-0.857142 0.496948 -0.135463 
-0.872056 0.473234 -0.124772 
-0.994128 0.091331 -0.058031 
-0.992146 0.121818 -0.028389 
-0.932963 0.353233 -0.069324 
-0.999229 0.014973 -0.036280 
-0.989025 0.145625 0.024943 
-0.554627 0.807152 -0.202221 
-0.709884 0.689164 -0.145321 
-0.903209 0.424398 -0.064032 
-0.967663 0.245248 -0.059014 
-0.987608 0.155183 -0.023427 
-0.996035 0.088871 -0.003949 
-0.983537 0.179001 -0.024762 
-0.988503 0.148154 -0.030201 
-0.746418 0.647110 -0.155272 
-0.483908 0.846328 -0.222626 
-0.314596 0.885684 -0.341457 
-0.563536 0.792328 -0.233759 
-0.505799 0.787114 -0.353015 
-0.659029 0.716147 -0.229814 
-0.786353 0.597242 -0.157958 
-0.432821 0.846903 -0.308905 
-0.562597 0.794264 -0.229410 
-0.859210 0.507498 -0.064828 
-0.622731 0.770327 0.137123 
-0.851414 0.510568 0.120060 
-0.724090 0.676257 -0.135536 
-0.756824 0.634670 -0.156241 
-0.724970 0.665694 -0.176833 
-0.661728 0.722408 -0.200607 
-0.470925 0.876299 -0.101637 
-0.737273 0.654252 -0.168470 
-0.362092 0.910589 0.199293 
-0.808175 0.416969 0.415921 
-0.362492 0.931958 0.007303 
-0.698321 0.715034 0.032777 
-0.335934 0.926191 0.171226 
-0.671426 0.480044 0.564575 
-0.988193 0.132031 0.077731 
-0.832898 0.539754 -0.122255 
-0.949295 0.306589 -0.069579 
-0.883644 0.453113 -0.117734 
-0.989517 0.143618 0.015138 
-0.976523 0.213293 -0.030138 
-0.890539 0.454706 -0.013533 
-0.852929 0.518570 -0.059973 
-0.923718 0.374174 0.082090 
-0.685172 0.727989 0.023922 
-0.513232 0.854636 0.078677 
-0.783800 0.618735 0.053149 
-0.490827 0.838441 0.236867 
-0.871421 0.363611 0.329261 
-0.998578 0.044370 0.029559 
-0.858940 0.506957 -0.072229 
-0.823180 0.560773 -0.088926 
-0.895639 0.434904 -0.093218 
-0.974972 0.217678 -0.045231 
-0.995097 0.097034 -0.019165 
-0.983978 0.173813 -0.039696 
-0.968833 0.245086 0.035989 
-0.977049 0.196192 -0.082969 
-0.981826 0.162139 -0.098639 
-0.979709 0.200390 -0.003798 
-0.950767 0.309543 0.015001 
-0.998259 -0.058745 -0.005376 
-0.852450 0.515380 0.087818 
-0.985787 0.155148 0.064443 
-0.722750 0.650691 0.232879 
-0.857993 0.484277 0.171245 
-0.122669 0.894423 -0.430070 
-0.251852 0.859201 -0.445359 
-0.231771 0.781161 0.579715 
-0.268936 0.656124 0.705106 
-0.093739 0.880830 0.464060 
-0.496636 0.743079 0.448538 
-0.775617 0.631180 0.005485 
-0.902679 0.428421 0.040328 
-0.840535 0.492517 0.225671 
-0.891500 0.446075 0.079021 
-0.622947 0.623214 0.472802 
-0.760535 0.540347 0.360015 
-0.479132 0.705476 0.522242 
-0.439278 0.713262 0.546161 
-0.217243 0.839202 0.498543 
-0.289177 0.739637 0.607711 
-0.345852 0.631441 0.694023 
-0.735591 0.482728 0.475267 
-0.309568 0.745765 0.589917 
-0.232524 0.862807 0.448885 
-0.334664 0.889144 0.312127 
-0.519983 0.790027 0.324768 
-0.779615 0.553582 0.292827 
-0.260195 0.875236 0.407750 
-0.997226 0.059408 0.044840 
-0.994889 -0.039114 -0.093090 
-0.994953 0.090189 -0.043987 
-0.998388 -0.041585 -0.038636 
-0.994690 0.100727 -0.021090 
-0.312095 0.766933 0.560723 
-0.511312 0.617159 0.598059 
-0.996525 0.083264 -0.002052 
-0.999947 0.008011 0.006502 
-0.986241 0.152434 0.063971 
-0.996270 -0.030444 0.080741 
-0.998055 0.005273 0.062114 
-0.968850 -0.213096 0.126173 
-0.966966 -0.218276 0.131649 
-0.995513 -0.075013 0.057676 
-0.991941 -0.124487 0.023585 
0.985766 0.154191 -0.067014 
0.942842 -0.011570 -0.333039 
0.762877 -0.290337 -0.577688 
0.766184 0.082747 -0.637272 
0.806494 -0.155253 -0.570495 
0.699493 0.159472 -0.696619 
0.858675 0.093940 -0.503837 
0.868238 -0.302120 -0.393556 
0.879815 0.127974 -0.457765 
0.647492 -0.710963 -0.274383 
0.865810 -0.335411 -0.371312 
0.944568 -0.041300 -0.325709 
-0.796594 0.357975 0.487126 
-0.621805 0.154793 0.767722 
-0.034599 0.575821 0.816843 
0.004922 0.220932 0.975277 
0.232351 0.717093 0.657108 
0.011154 0.497631 0.867317 
0.208197 0.877149 0.432740 
-0.043868 0.109439 0.993025 
0.487807 0.308944 0.816455 
0.921091 0.366620 0.131074 
0.277712 0.816095 0.506818 
0.197956 0.859375 0.471475 
0.609467 0.736148 0.294340 
0.531685 0.818730 -0.216777 
0.408406 0.745610 -0.526564 
0.947791 0.077550 -0.309320 
-0.085668 0.804221 -0.588124 
0.991874 0.118339 -0.046702 
0.348406 -0.025148 -0.937007 
0.111149 0.583418 -0.804531 
0.905237 0.083484 -0.416625 
0.906996 0.408106 0.103962 
0.850256 0.436391 -0.294326 
0.861201 0.313556 -0.400019 
0.819738 -0.565346 0.091722 
0.742001 -0.669286 0.038609 
0.835995 -0.528964 -0.145977 
0.946932 -0.300821 -0.113256 
0.970510 -0.019079 -0.240306 
0.709555 0.238030 -0.663230 
0.817500 0.043191 -0.574307 
0.797942 0.397597 -0.452996 
0.806900 0.062613 -0.587361 
0.693555 0.492986 -0.525307 
0.336062 0.802770 -0.492568 
0.831270 -0.076303 -0.550607 
0.533008 -0.844134 -0.057790 
0.436514 0.826440 -0.355602 
0.874646 -0.476122 0.091117 
0.992821 -0.103016 0.060782 
0.777231 0.629113 -0.011360 
0.960770 0.215164 0.175001 
0.981703 0.057971 0.181378 
0.536478 0.821251 -0.194262 
-0.134089 -0.767743 0.626571 
0.093624 -0.447913 0.889162 
-0.028236 0.404619 0.914050 
-0.541435 0.248841 0.803073 
0.040403 0.692568 0.720221 
-0.484910 0.672858 0.558682 
-0.424445 -0.381957 0.820948 
-0.337530 -0.532203 0.776423 
-0.873890 -0.213305 0.436826 
-0.938988 -0.160216 0.304356 
-0.553089 -0.274872 0.786471 
-0.768553 -0.222193 0.599963 
-0.584199 -0.333905 0.739743 
-0.946879 -0.017470 0.321116 
-0.692318 0.046513 0.720092 
-0.183056 0.385862 0.904213 
-0.395082 -0.286004 0.872990 
-0.395213 -0.449605 0.801038 
-0.321146 0.102503 0.941466 
-0.346587 -0.264196 0.900043 
-0.214055 0.218187 0.952142 
-0.147969 0.440709 0.885370 
-0.019993 0.794402 0.607063 
0.062955 0.832888 0.549849 
0.029687 0.859644 0.510031 
-0.064742 0.845213 0.530494 
-0.110392 0.769319 0.629255 
-0.130328 0.287279 0.948939 
0.395898 0.723713 0.565247 
0.670053 0.445686 0.593627 
0.182493 -0.424042 0.887065 
-0.243285 -0.411720 0.878236 
0.830549 0.010996 0.556837 
0.688697 0.650197 0.320843 
0.850713 -0.390626 0.351709 
-0.068084 0.711435 0.699446 
0.882680 -0.331504 0.333138 
0.718885 0.694266 -0.034615 
-0.418213 -0.437544 0.796023 
0.120415 0.735165 0.667108 
0.902635 0.397925 -0.164028 
0.842753 0.505593 -0.184777 
0.824480 0.349534 -0.445037 
0.412405 0.843532 -0.344059 
0.597524 0.756965 -0.264517 
0.991773 0.075073 0.103688 
0.777153 0.356989 -0.518259 
0.554269 0.729474 -0.400816 
0.159538 0.678928 -0.716662 
0.415335 0.778907 -0.469894 
0.538546 0.196820 -0.819286 
-0.961652 0.111604 0.250539 
-0.075047 -0.001296 0.997179 
-0.940509 -0.150196 0.304769 
-0.809753 -0.439266 0.389030 
-0.901081 -0.317305 0.295586 
-0.950408 -0.157130 0.268393 
-0.872145 0.459817 0.167128 
-0.977170 0.105302 0.184526 
-0.941873 -0.231750 0.243243 
-0.819998 -0.450939 0.352503 
-0.887646 0.446700 0.111997 
-0.883591 0.412405 0.221786 
-0.762073 -0.525324 0.378522 
-0.796321 -0.060012 0.601889 
-0.662133 -0.528301 0.531486 
-0.271883 -0.579346 0.768399 
-0.228106 -0.580798 0.781435 
-0.428191 0.218640 0.876840 
-0.483458 0.755457 0.442214 
-0.436780 0.590002 0.679059 
-0.510249 0.822727 0.250530 
-0.777896 0.597779 0.193748 
-0.559016 -0.582724 0.589859 
0.223617 -0.659967 -0.717244 
0.057889 -0.919603 -0.388560 
0.078487 -0.851243 -0.518869 
0.510769 -0.186802 -0.839178 
0.266862 0.448751 -0.852882 
0.412008 0.352847 -0.840088 
0.637690 -0.369518 -0.675875 
0.553660 -0.552307 -0.623232 
0.502630 -0.643173 -0.577661 
0.398943 -0.711214 -0.578809 
0.406605 -0.746862 -0.526184 
0.555577 -0.563647 -0.611258 
0.562743 -0.493447 -0.663197 
0.994272 -0.070570 -0.080266 
0.231673 -0.744004 -0.626726 
-0.859263 -0.483526 0.166941 
0.862353 -0.273610 -0.426010 
0.812769 0.134934 0.566745 
0.012835 0.307712 0.951393 
-0.693183 0.219690 0.686465 
-0.836615 0.332847 0.435073 
-0.968622 -0.225329 0.104870 
-0.841036 0.517449 -0.157815 
-0.977173 -0.008638 -0.212271 
-0.168616 -0.059991 0.983855 
0.917199 -0.207495 0.340135 
0.823426 0.168085 -0.541957 
0.667621 0.282437 -0.688848 
-0.893835 -0.427069 0.136640 
-0.704571 -0.644661 0.296633 
-0.589429 -0.806457 0.046905 
-0.787624 -0.532821 -0.309437 
-0.840606 0.283189 -0.461720 
-0.921368 0.159187 -0.354598 
-0.994472 -0.102568 0.022460 
-0.404966 -0.909995 -0.088952 
-0.972796 -0.182262 0.143000 
-0.625336 -0.646901 0.436432 
-0.756628 0.580330 -0.301217 
-0.925101 0.331301 -0.185549 
-0.701191 0.570635 -0.427441 
0.082866 -0.900596 -0.426686 
0.173567 -0.876229 -0.449552 
0.145510 -0.925502 -0.349676 
0.356550 -0.834127 -0.420838 
-0.804107 0.172090 -0.569031 
-0.428457 -0.841350 0.329477 
-0.876242 -0.477974 -0.061165 
-0.394988 -0.901731 0.175687 
-0.563515 -0.792952 -0.231684 
-0.700131 -0.579466 -0.417176 
-0.282711 -0.956873 -0.066853 
-0.111799 -0.924194 0.365195 
-0.302075 -0.894353 0.329975 
-0.400268 -0.783158 0.475866 
-0.465664 -0.580282 0.668154 
-0.301807 -0.565653 0.767430 
-0.399567 -0.213355 0.891530 
-0.429791 -0.246686 0.868577 
-0.423512 -0.469509 0.774725 
-0.097374 -0.758553 0.644295 
-0.331930 -0.377371 0.864531 
-0.049505 -0.506888 0.860589 
0.116859 -0.892512 0.435622 
0.268252 -0.891187 0.365823 
0.501993 -0.786922 0.358828 
-0.262595 -0.939471 0.220086 
-0.266445 -0.867479 0.420103 
0.276680 -0.882253 0.380892 
0.279682 -0.888064 0.364857 
0.862380 -0.294466 0.411814 
0.908189 -0.295422 0.296509 
0.897748 -0.338209 0.282246 
0.647938 -0.195838 0.736087 
0.264912 -0.653717 0.708855 
0.200823 -0.183818 0.962227 
0.409239 -0.855713 0.316667 
0.935546 -0.329922 0.126114 
0.813417 -0.542294 0.210406 
0.928113 -0.354028 0.115202 
0.818381 -0.551352 0.162063 
0.946386 -0.314134 0.075326 
0.778107 -0.615245 0.126582 
0.626513 -0.744752 -0.229837 
0.146486 -0.927379 -0.344252 
0.634360 -0.658063 -0.405636 
-0.269109 -0.342802 0.900037 
-0.050704 0.703506 0.708878 
-0.131393 0.631765 0.763943 
-0.025718 0.800312 0.599032 
-0.393592 0.258393 0.882224 
-0.248794 0.336930 0.908064 
-0.115531 0.778329 0.617136 
0.013254 0.848304 0.529344 
-0.293387 0.556073 0.777629 
-0.344617 0.256726 0.902957 
-0.142225 0.585709 0.797945 
0.108458 0.022623 0.993844 
0.445471 -0.014773 0.895174 
0.924214 0.041881 0.379571 
0.553827 0.418533 0.719796 
0.912892 0.397151 0.094336 
0.709371 0.701465 0.068843 
0.453139 0.880350 -0.140175 
0.877273 0.468623 0.103847 
0.434053 0.857425 -0.276443 
0.984541 0.084610 0.153362 
0.834992 0.388818 -0.389371 
0.397307 0.800714 -0.448335 
0.986869 0.039805 -0.156541 
0.135685 0.735507 0.663791 
-0.051479 0.829903 0.555528 
-0.030646 0.920957 0.388456 
-0.066177 0.832575 0.549945 
0.969321 0.043375 -0.241942 
0.913561 0.200424 -0.353888 
0.360730 0.613216 -0.702737 
0.690777 -0.032845 -0.722322 
0.871459 0.150548 -0.466791 
0.797956 0.460337 -0.389044 
0.126228 0.833346 -0.538146 
0.517988 0.728990 -0.447505 
0.968288 0.199112 0.150908 
0.389410 0.655150 0.647409 
0.653755 0.315994 0.687570 
-0.045755 0.533541 0.844536 
-0.404453 -0.270348 0.873687 
-0.732923 0.022397 0.679943 
-0.790943 0.145697 0.594291 
-0.962736 -0.001096 0.270441 
-0.966339 0.191237 0.172098 
0.932154 0.241817 -0.269467 
0.957218 0.186589 -0.221175 
0.995589 -0.072361 -0.059724 
0.976860 0.117372 -0.178800 
0.781345 -0.089446 -0.617656 
0.913919 0.302023 -0.271173 
0.765244 0.234059 -0.599681 
0.940351 0.299864 0.160691 
0.659864 0.422729 -0.621192 
0.898907 0.320236 -0.299023 
0.127093 0.902679 0.411117 
0.293369 0.950059 -0.106405 
0.230075 0.972804 0.026785 
0.355736 0.933615 -0.042598 
0.493833 0.754641 -0.432026 
0.759352 0.556387 -0.337369 
0.544046 0.757343 -0.361173 
0.966666 -0.152386 -0.205756 
-0.006517 0.998693 -0.050695 
0.536225 0.794906 0.283878 
-0.011380 0.936694 -0.349964 
0.196550 0.943045 -0.268393 
-0.680268 0.729637 -0.069746 
-0.557221 0.698732 -0.448642 
0.026499 0.935829 -0.351457 
-0.093862 0.874793 -0.475319 
0.348057 0.761413 -0.546907 
0.377884 0.747570 -0.546207 
0.360309 0.920046 -0.153927 
0.377401 0.825762 0.419149 
-0.158217 -0.432822 0.887487 
-0.144651 0.846891 -0.511714 
-0.446449 0.526574 -0.723466 
0.212676 0.757927 -0.616698 
-0.586922 0.144881 -0.796575 
-0.045359 -0.262774 0.963791 
-0.124950 0.699348 0.703775 
-0.498486 -0.241688 0.832525 
-0.503324 -0.604390 0.617558 
-0.615866 0.030766 0.787250 
-0.631291 -0.375782 0.678424 
-0.656938 -0.228771 0.718399 
-0.645177 -0.249836 0.722031 
-0.473156 0.427744 0.770168 
0.488326 0.662407 0.568115 
0.511960 0.815522 0.269855 
0.517609 0.293230 0.803802 
0.580438 0.263214 0.770591 
0.279475 -0.177309 0.943639 
-0.467384 -0.606664 0.643048 
0.510242 0.530981 0.676544 
0.184922 -0.174053 0.967217 
-0.165247 0.279931 0.945691 
-0.400783 -0.223346 0.888532 
0.185142 -0.505972 0.842446 
-0.533633 0.196011 0.822688 
-0.631914 0.299305 0.714913 
-0.695541 -0.704958 -0.138769 
-0.312881 -0.897650 -0.310371 
-0.442463 0.178404 -0.878862 
0.628221 -0.639032 0.443822 
0.642912 -0.753458 -0.137714 
0.657318 -0.513364 0.551716 
0.700880 0.640410 -0.314074 
-0.189532 -0.295432 -0.936375 
0.035297 -0.637064 -0.770002 
0.797849 0.358031 -0.485027 
0.959155 0.282276 0.018499 
0.759984 -0.253433 -0.598495 
0.823579 0.334514 -0.458059 
0.987043 -0.151942 0.051582 
0.591629 0.323332 -0.738533 
0.979379 0.177904 0.095744 
0.447071 0.619593 -0.645161 
0.887237 -0.066138 0.456547 
-0.398049 0.787933 -0.469806 
-0.910112 0.197868 -0.364066 
-0.766716 0.121182 -0.630446 
-0.928122 0.324975 -0.181605 
-0.936306 0.343792 -0.071674 
-0.511349 0.793394 -0.330224 
0.410427 0.820913 -0.397053 
0.451778 0.799668 -0.395509 
0.381913 0.498676 -0.778117 
0.405507 0.321132 -0.855826 
0.179987 0.980966 0.072876 
0.213640 0.887655 0.407953 
0.414146 0.290735 -0.862529 
0.413501 0.440298 -0.796966 
0.422274 0.900763 0.101542 
0.622386 0.782706 0.002502 
0.383064 0.888072 -0.254144 
0.485166 0.601839 -0.634353 
0.711637 0.023597 -0.702151 
0.532458 0.127012 -0.836873 
0.713055 0.069711 -0.697634 
-0.749060 0.649327 -0.131468 
-0.027098 0.922557 -0.384907 
-0.843743 0.369841 -0.388993 
-0.830219 0.307715 -0.464809 
-0.891805 0.342778 -0.295273 
-0.898404 0.420921 -0.125287 
-0.849981 0.516427 0.104093 
0.014998 -0.049679 0.998653 
0.566013 0.203201 -0.798961 
0.101591 -0.994306 -0.032176 
0.582400 -0.773100 0.251252 
-0.552572 -0.802987 0.223330 
-0.112765 -0.788708 -0.604337 
-0.628804 -0.749312 -0.207696 
-0.179188 -0.866028 0.466784 
-0.471274 -0.831351 0.294543 
-0.607290 -0.685069 0.402343 
-0.350799 -0.788275 0.505532 
-0.265535 -0.913325 0.308753 
-0.147055 -0.988416 -0.037545 
-0.217384 -0.964187 0.151944 
-0.001851 -0.866543 -0.499099 
0.063828 -0.890115 -0.451245 
-0.138362 -0.988984 0.052607 
0.334119 -0.796623 -0.503743 
-0.244577 -0.938404 0.244091 
-0.076361 -0.710664 0.699375 
0.478801 -0.703993 0.524541 
0.422913 -0.855572 0.298564 
0.069118 -0.948358 0.309581 
-0.488916 -0.869169 0.074204 
-0.451085 -0.848186 0.277673 
-0.079068 -0.966211 0.245326 
-0.557237 -0.808564 0.188972 
0.017161 -0.933451 -0.358295 
-0.191034 -0.961860 -0.195782 
0.048152 -0.856706 -0.513553 
-0.078035 -0.845869 -0.527652 
-0.232839 -0.838021 -0.493463 
-0.310961 -0.947450 0.075113 
-0.646022 -0.745124 0.165666 
-0.424551 -0.228773 -0.876025 
-0.870916 -0.180167 -0.457215 
-0.956281 -0.261737 -0.130461 
-0.980968 0.193221 0.019153 
-0.921313 -0.264158 0.285313 
-0.911093 -0.349959 0.217806 
-0.986607 0.031427 -0.160058 
-0.763635 -0.623982 -0.165853 
-0.941273 -0.226684 -0.250240 
-0.858571 -0.481486 0.176148 
-0.994460 0.013517 0.104239 
0.362908 -0.240006 -0.900386 
0.101348 -0.672224 -0.733378 
0.076258 -0.545765 -0.834461 
0.342791 -0.484165 -0.805033 
0.320924 -0.506017 -0.800597 
0.980236 -0.178118 -0.086086 
0.341292 -0.582978 -0.737330 
-0.028912 -0.671055 -0.740843 
0.151353 0.295048 0.943419 
-0.729533 0.203618 0.652933 
-0.909042 0.362345 0.205787 
0.644261 0.038481 0.763837 
-0.700506 0.229592 0.675706 
-0.869186 -0.446804 -0.211856 
-0.917402 -0.332450 0.218747 
-0.792136 0.532962 -0.297444 
-0.922333 0.262084 -0.283927 
-0.981547 -0.027743 -0.189198 
-0.871718 0.403823 -0.277551 
-0.853764 -0.008825 -0.520585 
-0.908727 -0.122293 -0.399073 
-0.482304 0.812961 -0.326308 
-0.984451 0.034419 -0.172252 
-0.906368 -0.409992 -0.101997 
-0.508797 -0.707015 0.491178 
-0.998831 0.011939 -0.046845 
-0.882303 0.076561 0.464414 
-0.675368 0.183062 0.714399 
-0.786912 0.511365 0.345364 
-0.874241 0.417339 0.248052 
-0.564668 0.215270 0.796749 
-0.646027 0.614796 0.452410 
-0.569766 0.497456 -0.654144 
0.172083 0.776477 0.606194 
-0.362808 -0.930696 0.046642 
-0.899209 0.130150 -0.417713 
-0.493308 0.582923 -0.645638 
-0.278098 0.644040 -0.712653 
-0.113014 -0.658728 -0.743845 
-0.637512 -0.700123 0.321569 
-0.783946 0.080755 -0.615555 
-0.110635 -0.204608 -0.972572 
-0.525461 -0.009077 -0.850769 
-0.529159 0.218753 -0.819840 
-0.271095 0.448415 -0.851723 
-0.349785 0.322658 -0.879513 
-0.270329 0.234530 -0.933765 
-0.865793 -0.491934 -0.091668 
-0.547755 0.519626 -0.655708 
-0.914849 -0.190095 -0.356252 
-0.961147 -0.082905 0.263291 
-0.819242 0.103576 -0.564016 
-0.345200 0.828333 -0.441250 
-0.791428 -0.142784 -0.594352 
-0.535328 0.732307 -0.420892 
-0.228183 -0.647113 -0.727445 
-0.203112 -0.934310 -0.292934 
-0.038364 -0.852983 -0.520527 
-0.704025 0.637339 -0.313284 
-0.419463 -0.439613 0.794224 
-0.717597 -0.592436 0.366162 
0.360266 0.910474 -0.203090 
-0.712240 0.657720 0.245190 
-0.761071 0.608184 0.225571 
0.733061 0.672924 0.098968 
0.051411 0.544242 -0.837352 
0.669417 0.721231 -0.178061 
0.829668 -0.530863 -0.172729 
-0.516165 0.719601 0.464488 
0.839416 0.527424 -0.131168 
-0.490776 -0.813570 0.311838 
-0.856006 0.369967 -0.361079 
-0.770508 0.459043 -0.442264 
-0.708405 0.480142 -0.517326 
-0.407839 -0.910838 0.063569 
-0.303178 -0.942275 0.142131 
-0.759447 0.415673 -0.500455 
-0.696641 0.474434 -0.538148 
-0.548272 0.442266 -0.709788 
-0.358982 0.593848 -0.720053 
-0.440507 0.561944 -0.700123 
-0.662092 0.515718 -0.543755 
-0.761245 0.383945 -0.522582 
-0.832833 0.419679 -0.360915 
0.183537 0.950933 -0.249080 
0.182695 0.955039 -0.233500 
0.242240 0.944012 -0.223967 
0.276394 0.936968 -0.213768 
0.129716 0.930621 -0.342225 
0.139036 0.918745 -0.369562 
0.068004 0.901786 -0.426798 
0.135882 0.894325 -0.426286 
0.217293 0.918664 0.329909 
0.269936 0.961981 -0.041567 
0.341353 0.837959 0.425798 
0.600247 0.799684 -0.014476 
-0.348099 0.902047 -0.255223 
-0.307214 0.930823 -0.197959 
-0.613569 0.758752 -0.218698 
0.210853 0.450141 0.867706 
0.989653 -0.090268 -0.111531 
0.983312 -0.131553 -0.125661 
0.980086 -0.146333 -0.134230 
0.984259 -0.124263 -0.125667 
0.985605 -0.110130 -0.128274 
0.978862 -0.157224 -0.130808 
0.980831 -0.143833 -0.131465 
0.983594 -0.126384 -0.128723 
0.974887 -0.138374 -0.174495 
0.974017 -0.131072 -0.184691 
0.989986 -0.124748 -0.066077 
0.989877 -0.141927 -0.000056 
0.992017 -0.114696 0.052410 
0.987368 -0.142452 0.069363 
0.994683 -0.097746 0.032420 
0.994261 -0.101656 -0.033336 
0.106695 -0.973322 -0.203126 
0.093754 -0.971407 -0.218124 
-0.360280 -0.929182 -0.082582 
-0.480839 -0.872970 -0.081960 
-0.416171 -0.906184 -0.075044 
-0.361806 -0.925123 -0.115079 
-0.428092 -0.886363 -0.176348 
-0.427590 -0.870402 -0.244064 
-0.532872 -0.818624 -0.214249 
0.944362 -0.268717 0.189660 
0.956171 -0.231379 0.179445 
0.964754 -0.197403 0.174017 
0.981960 -0.106764 0.156063 
0.976756 -0.093681 0.192798 
0.995268 -0.059259 0.077003 
0.986453 -0.109617 0.122046 
0.990523 -0.121457 0.064133 
0.988026 -0.147587 0.044980 
0.988935 -0.133788 0.064095 
0.987518 -0.141487 0.069210 
0.998037 -0.037944 0.049832 
0.991230 -0.087552 -0.098989 
0.982891 -0.099634 -0.154915 
0.977186 -0.107192 -0.183351 
0.975943 -0.149437 -0.158759 
0.980911 -0.128781 -0.145701 
0.979056 -0.120530 -0.164079 
0.978067 -0.102377 -0.181395 
0.983489 -0.122516 -0.133187 
0.945028 -0.247513 0.213683 
0.922189 -0.300957 0.242885 
0.955107 -0.188454 0.228595 
0.930057 -0.254158 0.265325 
0.949900 -0.179426 0.255923 
0.963547 -0.172033 0.204897 
-0.364843 -0.896983 0.249620 
-0.415881 -0.881575 -0.223311 
-0.449053 -0.883933 -0.130437 
-0.461144 -0.863780 -0.203054 
-0.431437 -0.901331 0.038276 
-0.466224 -0.879759 -0.093054 
-0.399133 -0.916019 0.040018 
-0.404773 -0.908241 0.106101 
-0.379959 -0.897345 0.224504 
0.882207 -0.362470 0.300543 
0.937509 -0.212707 0.275379 
0.959801 -0.167791 0.225007 
0.952909 -0.212133 0.216710 
0.919369 -0.272455 0.283776 
0.941367 -0.215531 0.259567 
0.924724 -0.271003 0.267289 
0.926772 -0.267339 0.263863 
0.967376 -0.183403 0.174778 
0.965333 -0.178677 0.190279 
-0.397415 -0.854904 0.333466 
-0.399840 -0.843002 0.359826 
-0.391028 -0.869062 0.303032 
-0.410470 -0.880672 0.236499 
-0.403948 -0.879794 0.250576 
-0.451864 -0.891621 0.028827 
-0.412256 -0.911048 0.006026 
-0.423677 -0.896239 0.131353 
-0.380215 -0.838939 0.389381 
-0.308465 -0.870454 0.383614 
-0.340848 -0.886744 0.312263 
-0.458787 -0.823720 0.333167 
-0.406500 -0.863547 0.298405 
-0.420449 -0.878964 0.225045 
0.977581 -0.137654 0.159331 
-0.465348 -0.789002 0.401156 
-0.448206 -0.848614 0.281008 
-0.489666 -0.842417 -0.224857 
0.988875 -0.125794 0.079387 
0.995676 -0.067177 0.064161 
0.986624 -0.152045 0.058787 
0.994896 -0.082120 0.058640 
0.988976 -0.139576 0.049446 
-0.262373 -0.917405 0.299214 
-0.382898 -0.906812 0.176300 
-0.480282 -0.864634 0.147435 
-0.491240 -0.864609 0.105523 
0.911812 -0.282502 0.297980 
0.261825 -0.313694 0.912712 
0.136544 -0.363558 0.921510 
-0.703200 -0.707831 -0.066962 
-0.768904 -0.639094 -0.018564 
-0.538608 -0.841922 0.032709 
-0.413321 -0.854488 0.314669 
-0.475929 -0.871989 0.114569 
-0.516286 -0.854532 -0.056776 
-0.490255 -0.870002 -0.052414 
-0.441304 -0.894266 -0.074425 
-0.420730 -0.906924 -0.021820 
-0.523997 -0.850149 -0.051710 
-0.503796 -0.861593 -0.062024 
0.986785 -0.109692 0.119261 
0.986308 -0.131070 0.100084 
0.996425 0.025437 0.080563 
0.990354 -0.104835 0.090606 
-0.478792 -0.865404 0.147767 
-0.896955 -0.340697 0.281774 
-0.834800 -0.159371 0.526982 
-0.925550 -0.378253 -0.016771 
-0.893060 -0.428398 0.137543 
0.650077 -0.753900 -0.095052 
-0.584847 -0.463366 -0.665767 
-0.885610 -0.258427 -0.385890 
0.268709 0.920649 0.283198 
0.266499 0.925344 0.269662 
0.339387 0.857336 0.387028 
0.356810 0.890627 0.281904 
-0.961559 0.229685 0.150498 
0.326194 0.833169 0.446572 
0.398940 0.788961 0.467319 
0.371769 0.768720 0.520440 
0.393419 0.831431 0.392356 
0.393949 0.761312 0.514984 
0.302733 0.862899 0.404671 
0.317541 0.879379 0.354769 
0.217490 0.964980 0.146671 
0.108346 0.989738 0.093161 
0.238236 0.966382 0.096692 
0.168724 0.983489 0.065429 
0.256837 0.963985 -0.069052 
0.237447 0.971222 0.018648 
0.199595 0.950305 -0.238919 
0.176495 0.945152 -0.274839 
0.193082 0.956995 -0.216517 
0.273054 0.938017 -0.213462 
0.275420 0.960019 -0.050081 
0.245301 0.963133 -0.110462 
0.245342 0.957566 -0.151245 
0.356956 0.927228 -0.113274 
0.288175 0.950179 -0.118805 
0.331171 0.942589 -0.043040 
0.328065 0.943796 -0.040282 
0.259880 0.962839 -0.073513 
0.350848 0.935171 -0.048591 
0.195131 0.958433 -0.208160 
0.246236 0.950213 -0.190953 
0.201585 0.946301 -0.252740 
0.279926 0.934162 -0.221319 
0.268409 0.931549 -0.245302 
0.176245 0.947171 -0.267963 
-0.885736 0.363272 -0.288973 
-0.938823 0.300877 -0.167584 
-0.615005 0.764593 -0.192788 
-0.945306 0.242019 0.218686 
-0.929112 0.222640 0.295265 
-0.868035 0.260349 0.422768 
-0.898521 0.201678 0.389854 
-0.858315 0.202575 0.471443 
-0.834143 0.271516 0.480087 
-0.893153 0.293299 0.340960 
-0.893156 0.233200 0.384566 
-0.949244 0.293673 0.112658 
-0.906702 0.282533 0.313155 
-0.913630 0.240128 0.328054 
-0.939423 0.259878 0.223489 
-0.925499 0.312859 0.213472 
-0.917580 0.225585 0.327350 
-0.913447 0.226456 0.338131 
-0.932393 0.321214 0.165728 
-0.956467 0.243933 0.160212 
-0.957982 0.250037 0.140540 
-0.935547 0.334130 0.114493 
-0.952075 0.299616 0.061505 
-0.733388 0.651816 -0.193076 
-0.960277 0.266818 -0.081714 
-0.949146 0.261487 -0.175346 
-0.940324 0.288614 -0.180260 
-0.952814 0.266494 -0.145347 
-0.940044 0.327812 -0.094104 
-0.946392 0.323022 0.000181 
-0.962888 0.269213 0.019255 
-0.958355 0.270514 0.091524 
-0.956466 0.278580 0.086986 
-0.964625 0.253755 -0.071460 
-0.970181 0.238322 -0.044165 
-0.968279 0.246906 -0.038373 
-0.952325 0.303291 -0.033051 
-0.976123 0.217170 -0.004664 
-0.970939 0.238945 -0.013504 
-0.965591 0.254395 -0.054007 
-0.952624 0.269378 -0.141216 
-0.943416 0.290116 -0.160619 
-0.973861 0.209641 -0.087433 
-0.881427 0.319810 -0.347574 
-0.347101 0.612085 -0.710544 
-0.370881 0.564525 -0.737400 
-0.424070 0.513249 -0.746150 
-0.619624 0.451661 -0.641926 
-0.792119 0.340131 -0.506811 
0.346437 0.805463 0.480844 
-0.705262 0.431579 0.562446 
-0.728660 0.447901 0.518112 
-0.475912 0.434717 0.764545 
-0.851941 0.407196 0.329223 
-0.880557 0.466477 0.083779 
-0.888912 0.140308 0.436060 
-0.907372 0.419116 -0.031906 
-0.952640 0.281096 0.116021 
-0.956415 0.251273 0.148772 
-0.991725 0.114060 -0.058914 
-0.010277 0.980731 0.195093 
-0.061461 0.972964 0.222631 
-0.047926 0.938611 0.341631 
0.218422 0.974573 0.049995 
-0.025333 0.595980 0.802600 
-0.358432 0.426849 0.830257 
-0.004977 0.946615 0.322328 
-0.010861 0.997200 0.073982 
0.574952 0.322299 -0.752033 
0.166222 0.928426 -0.332258 
0.215483 0.932936 -0.288439 
0.117348 0.895283 -0.429766 
0.171912 0.902516 -0.394856 
0.128933 0.905002 -0.405399 
0.439376 0.380022 -0.813961 
0.407412 0.172310 -0.896842 
0.081935 0.947931 0.307755 
0.566589 0.823209 -0.036113 
0.030647 0.983668 -0.177364 
-0.960661 0.158966 0.227728 
0.516459 0.778732 -0.356154 
-0.384752 -0.330279 0.861906 
-0.096726 -0.379598 0.920081 
-0.956859 0.255540 -0.138274 
-0.974624 0.113985 -0.192654 
-0.960395 0.210205 -0.182908 
-0.959345 0.193627 -0.205341 
-0.981261 0.013572 -0.192207 
-0.971268 -0.031032 -0.235958 
-0.969532 -0.125834 -0.210176 
-0.950663 -0.228590 -0.209729 
-0.959728 -0.169220 -0.224248 
-0.926202 -0.295360 -0.234334 
-0.921832 -0.325893 -0.209809 
-0.862936 -0.482532 -0.150012 
-0.896950 -0.426610 0.116121 
0.112860 -0.119451 -0.986404 
0.023118 0.385109 -0.922581 
-0.409161 0.305929 -0.859648 
-0.464536 0.631894 -0.620416 
-0.744082 -0.063862 0.665030 
-0.922030 -0.261218 0.285703 
-0.136435 -0.817489 -0.559551 
-0.120212 -0.751493 -0.648697 
-0.282903 0.353386 -0.891675 
-0.207561 0.370254 -0.905445 
-0.503695 -0.480608 0.717849 
-0.746060 0.561779 -0.357489 
-0.361601 -0.582887 0.727659 
-0.797289 -0.564045 -0.214903 
0.336305 -0.367895 0.866921 
0.320527 0.389672 -0.863376 
-0.075879 0.606379 -0.791547 
0.018671 -0.501473 0.864972 
-0.139989 0.448740 -0.882630 
-0.084876 -0.994249 0.065302 
-0.876349 -0.276440 -0.394453 
-0.862776 -0.368542 -0.346113 
-0.845344 -0.390300 -0.364773 
-0.830515 -0.479067 -0.284148 
-0.749900 -0.564895 -0.344301 
-0.610322 -0.757566 -0.231517 
-0.661088 -0.664275 -0.348858 
-0.594440 -0.737189 -0.321238 
-0.243196 -0.844265 0.477570 
-0.291665 -0.781885 0.550988 
-0.495523 -0.868047 -0.030850 
-0.287313 -0.838844 0.462377 
-0.309630 -0.696138 0.647704 
-0.045485 -0.288017 0.956545 
-0.083246 -0.793248 0.603181 
-0.187615 -0.799688 0.570351 
-0.225537 -0.828135 0.513153 
-0.582530 -0.658504 -0.476477 
-0.607527 -0.751933 -0.255945 
-0.848403 -0.434240 -0.302733 
-0.657222 -0.708762 -0.256351 
-0.147406 -0.345342 0.926828 
-0.194478 -0.800547 0.566835 
-0.209203 -0.821147 0.530991 
-0.320546 -0.947132 0.013834 
0.987138 -0.143926 0.069596 
0.987365 -0.142473 0.069366 
0.975111 0.145478 0.167318 
0.986864 -0.025410 0.159542 
0.980179 0.056475 0.189895 
0.970594 0.145632 0.191671 
0.979733 0.118476 0.161514 
0.986839 0.040237 0.156617 
0.970541 0.154909 0.184534 
0.976712 0.074161 0.201333 
0.959086 0.209189 0.190774 
0.968027 0.135411 0.211159 
0.952960 0.227199 0.200619 
0.951283 0.246526 0.185164 
0.979051 0.120882 0.163852 
0.993298 -0.026954 0.112394 
0.983552 -0.108293 0.144564 
0.985366 -0.090604 0.144376 
0.981138 0.053141 0.185863 
0.958347 0.199510 0.204370 
0.957834 0.199237 0.207024 
0.989931 -0.013258 0.140926 
0.988163 0.065355 0.138786 
0.986652 0.087825 0.137126 
0.992973 0.049940 0.107291 
0.986522 -0.079905 0.142790 
0.986258 0.095037 0.135138 
0.993380 0.026629 0.111745 
0.959597 0.275632 0.056573 
0.299028 0.905645 -0.300649 
0.786190 0.513582 0.343713 
0.672536 0.648179 0.357153 
0.236711 0.935083 0.263794 
0.879774 0.294438 0.373234 
0.979795 0.121748 0.158679 
0.943234 0.327263 0.056647 
0.945093 0.246262 0.214838 
0.970948 0.135505 0.197228 
0.835508 0.507799 0.209920 
0.626181 0.770762 0.117571 
0.750558 0.455963 0.478289 
0.986269 0.048922 0.157736 
0.983640 0.044324 0.174606 
0.983302 -0.149829 0.103284 
0.974855 0.121487 0.186814 
0.974121 -0.141630 0.176154 
0.823935 0.484269 0.294303 
0.770202 0.582889 0.258901 
0.847160 0.452716 0.278153 
0.681286 0.650582 0.335549 
0.253227 0.783206 0.567860 
0.571278 0.702545 0.424349 
0.826083 0.462026 0.322673 
0.479945 0.668877 0.567675 
0.427560 0.631718 0.646626 
0.399870 0.623896 0.671460 
0.140030 0.760931 0.633542 
0.143295 0.850508 0.506066 
0.151706 0.788693 0.595775 
0.291009 0.681958 0.671005 
0.070129 0.812834 0.578259 
0.637407 0.715644 0.285598 
0.232761 0.729559 0.643091 
0.964204 0.077222 0.253669 
0.993135 -0.018467 0.115503 
0.991206 0.026658 0.129618 
0.214227 0.717398 0.662908 
0.459998 0.531694 0.711128 
-0.102561 0.615455 0.781471 
-0.181935 0.891494 -0.414895 
0.437223 0.093763 -0.894452 
0.334182 -0.408890 -0.849195 
-0.221884 -0.440907 -0.869695 
-0.664699 -0.253416 -0.702820 
0.005436 -0.845945 -0.533242 
-0.553585 -0.741971 -0.378184 
-0.836465 -0.334062 -0.434429 
-0.833973 -0.548514 -0.060173 
-0.371022 -0.881950 0.290701 
-0.794681 -0.577884 -0.185826 
-0.449733 0.493972 -0.744132 
-0.890625 -0.430538 0.146368 
-0.946341 -0.074892 0.314372 
0.583556 0.312006 -0.749743 
0.304110 -0.401209 -0.864030 
-0.819378 0.215184 -0.531334 
-0.091411 0.920251 -0.380503 
-0.671656 0.729333 -0.130199 
0.247714 -0.965496 0.080339 
0.171948 0.804188 -0.568960 
-0.271618 0.702796 -0.657496 
-0.507324 0.802534 -0.313947 
0.251884 -0.524945 0.813011 
0.355198 -0.381647 0.853335 
0.364586 -0.424406 0.828829 
-0.124631 0.848446 0.514399 
0.211293 -0.407189 0.888568 
0.165985 -0.230185 0.958887 
0.245056 -0.372156 0.895236 
-0.119509 0.868609 0.480870 
-0.191749 0.835389 0.515128 
-0.224264 0.882164 0.414116 
-0.133669 0.904528 0.404921 
-0.682605 0.719993 0.125138 
-0.873975 -0.465184 0.140613 
0.247145 -0.482490 0.840311 
-0.341032 0.882088 0.324988 
-0.264492 0.859380 0.437619 
0.846274 -0.226753 -0.482082 
-0.516607 0.071290 -0.853250 
0.979767 0.092310 0.177584 
-0.539391 -0.142516 -0.829908 
-0.677174 -0.071165 -0.732373 
0.974208 -0.179654 -0.136538 
0.518368 -0.230817 -0.823418 
0.101090 0.610408 -0.785610 
0.171117 0.368681 -0.913670 
-0.304520 0.340663 -0.889503 
0.961149 0.183533 0.206177 
0.899495 0.166490 0.403967 
0.940056 -0.088226 0.329410 
0.742514 -0.399099 0.537952 
0.461964 0.828501 0.316505 
0.535337 0.763836 0.360512 
-0.305859 0.457267 -0.835079 
-0.413089 -0.643180 -0.644730 
0.558469 0.294044 0.775662 
0.196118 0.420835 0.885684 
-0.638162 -0.456690 -0.619825 
-0.138071 -0.744014 -0.653743 
0.677836 -0.638564 0.364382 
0.691553 -0.716079 0.094786 
0.545268 -0.729463 0.412997 
0.522952 -0.842498 0.129301 
0.810953 0.298886 -0.503014 
0.746056 0.637527 -0.192249 
0.801075 -0.431627 -0.414701 
-0.235601 -0.845154 -0.479798 
-0.291013 -0.804478 -0.517810 
-0.246270 -0.856440 -0.453719 
-0.314488 -0.767950 -0.557988 
-0.254353 -0.862391 -0.437705 
0.305161 -0.300207 0.903744 
-0.060074 -0.522806 0.850332 
-0.972194 -0.132964 -0.192766 
-0.917642 -0.375244 -0.130861 
-0.815229 -0.405525 -0.413464 
-0.668227 0.743099 -0.035724 
-0.546411 -0.553970 -0.628134 
0.724807 -0.669567 0.162281 
-0.714514 -0.216785 -0.665187 
0.099372 -0.463317 0.880604 
-0.140530 0.804443 0.577168 
-0.107308 0.917611 0.382720 
-0.163788 0.867972 0.468827 
-0.076594 0.833950 0.546499 
-0.053241 0.886448 0.459756 
-0.498212 0.818289 -0.286685 
-0.453406 0.843638 -0.287574 
-0.830315 -0.330605 0.448639 
-0.686849 -0.596028 0.415919 
0.013076 0.170235 -0.985317 
-0.908625 -0.044131 0.415274 
0.375494 -0.512575 -0.772186 
-0.439853 -0.760733 -0.477300 
-0.239728 0.966702 -0.089543 
-0.134946 0.952475 -0.273096 
-0.026205 0.920947 0.388805 
-0.767476 -0.051544 0.639002 
0.028473 -0.951976 0.304845 
-0.896469 -0.209848 -0.390265 
-0.277009 -0.484900 -0.829541 
-0.725188 0.549245 0.415249 
0.866462 -0.492623 0.081029 
-0.134781 -0.051075 -0.989558 
-0.018181 0.604212 -0.796616 
0.019596 0.479966 -0.877068 
0.946111 -0.242123 -0.215060 
0.015327 0.780404 -0.625088 
-0.322434 0.484028 -0.813482 
0.122613 0.232820 -0.964760 
-0.046593 0.833356 -0.550769 
-0.000471 0.870758 -0.491712 
-0.818068 -0.569658 -0.079084 
-0.387022 -0.569238 0.725384 
-0.470556 -0.105024 0.876098 
0.231647 -0.549435 0.802783 
0.696471 0.145040 -0.702775 
0.083958 -0.190444 0.978101 
0.158073 0.535238 0.829779 
0.512107 -0.319755 0.797185 
0.544902 -0.355861 0.759240 
0.495054 -0.236407 0.836082 
0.381975 -0.661518 0.645360 
-0.653861 0.755983 0.030918 
-0.903349 0.308953 0.297505 
-0.976305 -0.179954 0.120186 
-0.972838 -0.200388 -0.115895 
-0.384778 0.027273 -0.922606 
0.595742 -0.722620 -0.350589 
-0.487455 -0.231376 -0.841934 
0.007204 0.664805 -0.746982 
-0.617301 0.333518 -0.712534 
0.922192 -0.050774 -0.383386 
-0.655509 -0.705014 0.270671 
0.418770 0.273935 -0.865789 
-0.251577 0.465431 -0.848577 
-0.283712 0.493701 -0.822051 
-0.260073 0.292641 -0.920176 
-0.427804 0.445394 -0.786516 
0.739708 0.672884 0.007734 
-0.601716 0.023608 -0.798361 
-0.136325 -0.071541 0.988078 
0.891590 0.450777 0.043218 
0.494961 -0.867722 -0.045520 
0.652349 -0.749307 -0.113925 
-0.224565 -0.796446 -0.561466 
0.597755 -0.764958 0.239849 
0.698892 -0.712328 -0.064332 
0.764303 -0.536516 0.357758 
0.594499 0.229627 0.770611 
-0.815985 -0.311332 -0.487074 
0.624190 0.756291 -0.195987 
0.763895 0.634392 0.118372 
-0.907239 -0.389639 -0.158426 
-0.282650 -0.077019 0.956126 
0.729653 0.595633 0.335898 
0.880748 0.472574 -0.030938 
0.861818 0.485994 0.145185 
0.895232 0.252805 -0.366947 
0.603657 0.666171 -0.437966 
-0.495330 0.313779 0.810056 
-0.886047 -0.224821 -0.405433 
-0.941708 -0.202201 -0.268887 
-0.823662 -0.184799 0.536125 
-0.657639 0.194147 0.727886 
-0.374207 -0.457908 -0.806405 
0.658355 -0.033523 0.751961 
0.826315 -0.221307 -0.517907 
-0.420406 -0.005601 -0.907319 
-0.610176 -0.036483 -0.791426 
0.989367 -0.010138 0.145089 
0.435763 -0.898477 -0.053387 
0.927948 -0.337470 -0.158197 
0.751491 -0.656654 0.063773 
0.608554 -0.787546 0.097124 
0.653673 -0.638920 0.405578 
0.474465 -0.877208 -0.073417 
0.407868 -0.572864 -0.710965 
-0.620293 -0.597901 -0.507692 
0.795777 0.126351 -0.592262 
0.098704 -0.690311 0.716748 
0.028211 0.533739 -0.845179 
-0.954728 -0.087095 -0.284446 
-0.963943 -0.090625 -0.250201 
-0.960918 -0.113597 -0.252451 
-0.950109 -0.146353 -0.275451 
-0.957450 -0.111958 -0.265997 
-0.955482 -0.124296 -0.267591 
-0.949399 -0.157221 -0.271888 
-0.951252 -0.143813 -0.272832 
-0.936764 -0.131061 -0.324493 
-0.939113 -0.138333 -0.314533 
-0.954383 -0.126376 -0.270523 
-0.969833 -0.124712 -0.209456 
-0.979327 -0.141914 -0.144147 
-0.989080 -0.114713 -0.092530 
-0.986951 -0.142439 -0.075093 
-0.988808 -0.097746 -0.112710 
-0.987729 -0.133805 -0.080540 
-0.987073 -0.141499 -0.075263 
-0.978819 -0.101654 -0.177706 
0.375350 -0.925918 -0.042294 
0.374668 -0.925138 -0.061190 
0.453518 -0.891070 -0.017771 
0.496961 -0.867087 -0.034496 
0.482104 -0.872301 -0.081646 
0.458606 -0.870380 -0.179220 
0.560997 -0.815283 -0.143512 
-0.969538 -0.242936 0.031279 
-0.979819 -0.197356 0.031715 
-0.977295 -0.209731 0.030134 
-0.994218 -0.106766 0.011467 
-0.994418 -0.093668 0.048568 
-0.995878 -0.059239 -0.068684 
-0.994096 -0.108497 0.001081 
-0.989309 -0.121446 -0.080736 
-0.984050 -0.147587 -0.099313 
-0.990975 -0.091071 -0.098355 
-0.966267 -0.087554 -0.242203 
-0.949876 -0.099632 -0.296324 
-0.933515 -0.114900 -0.339630 
-0.942439 -0.149461 -0.299115 
-0.948475 -0.137054 -0.285677 
-0.944749 -0.120549 -0.304822 
-0.941249 -0.102383 -0.321820 
-0.953631 -0.122509 -0.274918 
-0.966067 -0.247512 0.073840 
-0.978206 -0.188465 0.087140 
-0.953870 -0.285108 0.094054 
-0.972968 -0.195467 0.122987 
-0.958774 -0.254150 0.127121 
-0.983111 -0.172025 0.062458 
-0.388775 -0.879339 0.274984 
0.334769 -0.862249 0.380075 
0.383767 -0.834203 0.396016 
0.324636 -0.896978 0.300069 
0.443948 -0.881577 -0.160413 
0.463241 -0.883940 -0.063698 
0.485768 -0.863789 -0.133783 
0.272665 -0.958786 0.079897 
0.474792 -0.879765 -0.024204 
0.389064 -0.916016 0.097696 
-0.967605 -0.212712 0.135990 
-0.944345 -0.283601 0.166683 
-0.980674 -0.176177 0.085088 
-0.974299 -0.212161 0.075693 
-0.985249 -0.163527 0.050429 
-0.969122 -0.215531 0.119791 
-0.982858 -0.163380 0.085428 
-0.969674 -0.235905 0.063880 
-0.396152 -0.865022 0.307897 
0.371695 -0.880664 0.293723 
0.365427 -0.879355 0.305283 
0.343252 -0.897340 0.277416 
0.385067 -0.908219 0.163897 
0.442846 -0.891626 0.094291 
0.407004 -0.911041 0.065972 
0.400085 -0.896214 0.191658 
-0.214166 -0.907632 0.361023 
0.305073 -0.843591 0.441910 
0.277330 -0.892674 0.355276 
0.405384 -0.823730 0.396400 
0.350381 -0.871021 0.344321 
0.382548 -0.887818 0.255805 
-0.974670 -0.219763 0.041513 
-0.985531 -0.166922 0.029432 
0.369490 -0.814673 0.446973 
0.394817 -0.846876 0.356259 
0.512774 -0.845490 -0.149029 
-0.988579 -0.129755 -0.076648 
-0.985979 -0.165676 -0.019931 
-0.945485 -0.282478 0.162064 
-0.991314 -0.092340 -0.093643 
-0.981402 -0.164369 -0.099165 
-0.985644 -0.139561 -0.095021 
-0.996809 -0.012655 -0.078815 
0.380011 -0.898607 0.219309 
-0.915246 -0.203471 0.347743 
-0.967631 -0.172669 0.184051 
-0.672602 -0.307121 0.673263 
-0.255774 -0.320474 0.912073 
0.392607 -0.800182 0.453397 
0.438932 -0.840063 0.318798 
0.345834 -0.839998 0.418093 
0.492675 -0.869995 0.019503 
0.454165 -0.871998 0.182629 
0.519025 -0.854549 0.018954 
0.464108 -0.884467 0.048181 
0.491357 -0.870516 0.027768 
0.520733 -0.852166 0.051475 
0.525967 -0.850134 0.025116 
-0.989576 -0.137950 -0.041347 
-0.997795 0.014056 -0.064868 
-0.982693 -0.182451 0.032026 
0.452187 -0.865403 0.215882 
-0.513763 -0.789476 0.335820 
0.871074 -0.488097 -0.054683 
0.661066 -0.479717 -0.576943 
0.597636 -0.274680 -0.753247 
-0.302215 0.928578 0.215427 
-0.294662 0.931322 0.214043 
-0.394047 0.890624 0.226969 
-0.392118 0.857331 0.333507 
0.935330 0.231619 0.267413 
-0.443555 0.768717 0.460795 
-0.394673 0.833865 0.385879 
-0.462705 0.788968 0.404269 
-0.446348 0.831427 0.330911 
-0.429505 0.784496 0.447316 
-0.464773 0.761281 0.452147 
-0.389417 0.831707 0.395750 
-0.358050 0.865030 0.351458 
-0.200991 0.970556 0.132756 
-0.365790 0.879380 0.304776 
-0.261906 0.962211 0.074527 
-0.134593 0.945156 -0.297599 
-0.159570 0.956993 -0.242284 
-0.239088 0.938016 -0.250926 
-0.226649 0.963121 -0.145010 
-0.220728 0.957565 -0.185333 
-0.259940 0.944788 -0.199518 
-0.267808 0.950181 -0.159486 
-0.321375 0.942590 -0.090784 
-0.265191 0.960021 -0.089630 
-0.318708 0.943796 -0.087606 
-0.246411 0.962840 -0.110550 
-0.338832 0.930306 -0.140444 
-0.247747 0.952399 -0.177643 
-0.215818 0.950213 -0.224763 
-0.257794 0.941970 -0.215025 
-0.162699 0.946291 -0.279395 
-0.317720 0.916552 -0.242873 
-0.149222 0.951091 -0.270478 
-0.212100 0.940147 -0.266716 
-0.229847 0.931548 -0.281759 
0.919370 0.357179 -0.164868 
0.840954 0.489552 -0.230510 
0.957831 0.263241 -0.115168 
0.936517 0.343075 -0.072351 
0.967127 0.250264 -0.045091 
0.964938 0.258700 -0.044367 
0.958360 0.282462 -0.041961 
0.908716 0.252556 0.332343 
0.797266 0.260361 0.544591 
0.876247 0.222634 0.427346 
0.832219 0.201694 0.516460 
0.792651 0.196152 0.577260 
0.755344 0.271516 0.596434 
0.805270 0.305152 0.508353 
0.833994 0.293289 0.467370 
0.856161 0.240141 0.457516 
0.862946 0.276577 0.422882 
0.851468 0.282556 0.441774 
0.860145 0.225599 0.457445 
0.854505 0.226464 0.467477 
0.898339 0.321201 0.299695 
0.922961 0.243928 0.297727 
0.922742 0.293658 0.249623 
0.927322 0.250050 0.278477 
0.953223 0.300860 -0.029147 
0.968320 0.247898 -0.030034 
0.967634 0.250446 -0.030996 
0.963822 0.266496 -0.005119 
0.946994 0.303289 0.105917 
0.943731 0.327811 0.043724 
0.976219 0.209628 0.055252 
0.941387 0.324117 0.093474 
0.932987 0.299602 0.199433 
0.936288 0.323017 0.137933 
0.949838 0.269193 0.159192 
0.908908 0.334147 0.249463 
0.934821 0.270517 0.230064 
0.933618 0.278578 0.225282 
0.977931 0.195627 0.073355 
0.964753 0.253756 0.069712 
0.963552 0.246909 0.102973 
0.921623 0.385352 0.045990 
0.962564 0.238943 0.127968 
0.963172 0.254383 0.087115 
0.963026 0.269407 -0.001064 
0.956751 0.290106 -0.021591 
-0.146803 0.955028 -0.257626 
-0.240514 0.936821 -0.254006 
-0.242314 0.936972 -0.251728 
-0.145296 0.950932 -0.273162 
0.854475 0.272970 -0.441995 
0.917502 0.322064 -0.233377 
0.734231 0.515690 -0.441554 
0.524113 0.562866 -0.639131 
0.593396 0.502944 -0.628433 
-0.022358 0.892009 -0.451465 
-0.005118 0.901789 -0.432146 
-0.072394 0.894330 -0.441513 
0.478453 0.554922 -0.680547 
0.459992 0.593838 -0.660124 
0.446848 0.612059 -0.652466 
0.622443 0.560285 -0.546484 
0.528165 0.513243 -0.676478 
0.758807 0.461472 -0.459626 
0.092300 0.914288 -0.394408 
-0.109271 0.933560 -0.341358 
0.888370 0.348101 0.299374 
0.345855 0.604100 0.717947 
-0.067065 0.701042 0.709960 
-0.091736 0.596015 0.797716 
0.233595 0.426871 0.873622 
-0.217606 0.604975 0.765933 
-0.080516 0.834750 0.544711 
-0.298829 0.867407 0.397876 
-0.399877 0.772877 0.492706 
0.842313 0.287942 -0.455630 
0.894809 0.255627 -0.366021 
0.706536 0.451606 -0.544848 
-0.207244 0.934730 -0.288669 
-0.233105 0.913469 -0.333520 
-0.156270 0.968878 -0.191977 
-0.223367 0.974574 0.017679 
-0.258372 0.956436 -0.135923 
-0.018318 0.980731 0.194505 
-0.125832 0.947933 0.292556 
0.870237 0.030222 -0.491705 
-0.090689 0.983718 0.155157 
0.623080 0.692536 0.363546 
0.786103 0.051350 -0.615959 
-0.063517 0.337117 -0.939318 
-0.083736 0.918759 -0.385838 
-0.078521 0.930627 -0.357448 
-0.116063 0.928430 -0.352911 
-0.053512 0.895287 -0.442263 
-0.112601 0.902526 -0.415653 
-0.070866 0.903077 -0.423591 
0.183270 0.844934 -0.502493 
0.010185 0.420686 -0.907149 
0.870005 0.001617 -0.493041 
-0.743120 0.383522 -0.548346 
0.989735 0.114084 0.086083 
0.989735 0.114084 0.086083 
0.974725 0.222559 -0.019478 
0.789692 0.608171 -0.080708 
0.964440 0.235489 0.120003 
0.966794 0.255546 0.002467 
0.966333 0.251166 -0.055829 
0.996403 -0.067162 0.051680 
0.990817 0.126232 -0.048451 
0.979018 0.193623 -0.063515 
0.997832 0.036305 -0.054893 
0.989801 -0.125819 -0.066803 
0.971067 -0.228581 -0.069130 
0.982145 -0.169234 -0.082169 
0.996288 0.034681 -0.078792 
0.942546 -0.325906 -0.073424 
0.950445 -0.295363 -0.097031 
0.927619 0.066972 -0.367476 
0.679742 -0.446820 0.581638 
0.409751 0.353431 -0.840946 
0.671838 0.243729 -0.699450 
0.710585 -0.174043 0.681747 
0.790116 0.561801 -0.245146 
0.049901 -0.723560 0.688456 
-0.098932 0.411285 -0.906122 
-0.487694 -0.353005 0.798463 
0.228394 -0.502480 0.833876 
0.816598 -0.564463 0.120623 
-0.008803 0.486343 -0.873723 
-0.339000 -0.665998 0.664474 
-0.024103 0.415485 -0.909281 
0.057670 -0.981087 -0.184778 
0.485152 -0.776078 -0.402904 
0.904128 -0.364891 -0.222278 
0.908031 -0.355500 -0.221583 
0.863014 -0.479110 -0.160191 
0.899011 -0.383519 -0.211406 
0.792006 -0.564918 -0.231503 
0.704781 -0.664311 -0.248948 
0.638345 -0.751899 -0.164815 
-0.094179 -0.287945 0.953005 
0.688897 -0.698168 -0.194892 
0.760744 -0.616449 -0.203124 
0.883431 -0.434241 -0.176025 
0.200397 0.317597 0.926808 
0.096420 -0.029348 0.994908 
0.010922 -0.345310 0.938425 
0.167611 -0.024234 0.985555 
0.516364 -0.005890 0.856349 
-0.986763 -0.143873 -0.074835 
-0.986948 -0.142459 -0.075090 
-0.970685 0.033641 -0.237989 
-0.431569 0.874541 -0.221194 
-0.988301 0.147053 0.040451 
-0.999576 -0.025431 0.014201 
-0.989081 0.145467 0.023606 
-0.997381 0.056466 0.045202 
-0.987065 0.154910 0.041303 
-0.995615 0.074156 0.057025 
-0.976643 0.209176 0.049136 
-0.988647 0.144518 0.041137 
-0.972008 0.227219 0.059767 
-0.968099 0.246545 0.044720 
-0.999079 -0.026965 -0.033377 
-0.976792 0.201576 -0.072412 
-0.995887 -0.090606 -0.000591 
-0.997742 0.053144 0.041068 
-0.977887 0.199516 0.062701 
-0.977762 0.199257 0.065404 
-0.999575 0.014958 -0.025028 
-0.999953 -0.002600 -0.009374 
-0.996801 -0.079888 -0.002320 
-0.998768 0.040011 0.029357 
-0.991668 0.127670 -0.017201 
-0.999947 0.009293 0.004537 
-0.996034 0.088366 -0.010374 
-0.995427 0.095015 -0.009864 
-0.827837 0.513597 0.225620 
-0.705503 0.688300 -0.168842 
-0.992456 0.121752 0.014411 
-0.865517 0.474601 0.160106 
-0.991653 0.121572 0.042954 
-0.989380 -0.141674 0.032487 
-0.206204 0.702946 0.680696 
-0.110906 0.842378 0.527351 
-0.333256 0.783283 0.524794 
-0.854469 0.515267 0.066200 
-0.876367 0.476416 0.070769 
-0.856878 0.470692 0.210259 
-0.493303 0.623901 0.606135 
-0.154917 0.871260 0.465733 
-0.368680 0.611602 0.700013 
-0.987868 -0.149803 -0.040940 
-0.999066 0.026615 -0.034037 
-0.999345 0.034746 -0.010103 
-0.326853 0.702087 0.632646 
-0.558457 0.531758 0.636679 
-0.996804 0.077716 -0.018485 
-0.284613 0.706891 -0.647534 
-0.016585 0.779516 -0.626162 
0.317822 0.812488 -0.488725 
0.360680 0.533485 -0.765051 
-0.377091 0.631992 -0.677044 
-0.709180 0.238668 -0.663402 
0.300541 0.637953 -0.709007 
0.111149 0.583418 -0.804531 
-0.018161 0.326924 -0.944876 
0.458483 -0.755701 -0.467663 
-0.837039 -0.467155 -0.284835 
-0.207469 -0.408996 -0.888639 
0.256663 -0.940516 -0.222607 
-0.543526 -0.820991 0.174797 
0.602682 -0.742013 -0.293583 
0.450683 -0.765376 0.459440 
0.903408 -0.271034 -0.332258 
0.541397 -0.837696 0.071800 
0.694850 -0.494888 0.521795 
-0.322967 0.392071 -0.861379 
0.883168 0.145858 0.445802 
-0.748572 -0.143170 -0.647412 
0.773242 0.618777 0.138610 
0.811998 0.347663 -0.468818 
0.917361 -0.093638 -0.386887 
0.330005 0.942708 -0.048968 
0.500118 -0.728769 -0.467737 
0.521747 0.731270 -0.439345 
0.466960 -0.874738 -0.129543 
-0.264034 -0.771595 0.578729 
-0.367483 -0.524959 0.767707 
-0.445743 -0.301201 0.842966 
-0.481372 -0.424425 0.766906 
-0.321249 -0.384203 0.865556 
-0.357569 -0.482520 0.799574 
0.046881 0.861285 0.505955 
0.073276 0.904526 0.420075 
0.021856 0.913310 0.406677 
-0.027042 0.871245 0.490104 
0.399175 0.815970 0.418154 
0.657209 0.719931 0.223104 
-0.366889 -0.482465 0.795374 
0.420761 0.837162 -0.349457 
-0.943970 -0.251669 0.213504 
0.057889 -0.919603 -0.388560 
0.424157 0.457347 -0.781617 
0.363308 -0.804474 -0.469925 
-0.195570 0.434451 0.879207 
0.128418 -0.774300 -0.619652 
-0.441799 -0.882752 -0.159882 
-0.599543 -0.729478 0.329258 
-0.321669 -0.923237 0.210147 
-0.782118 0.423386 -0.457204 
-0.384642 -0.899683 -0.206449 
-0.665715 -0.671808 -0.324804 
-0.420951 -0.301280 0.855588 
0.200823 -0.183819 0.962227 
0.888209 -0.429422 0.163344 
0.898025 -0.422214 0.123637 
0.926891 -0.375307 0.004204 
0.867504 -0.405386 -0.288269 
-0.603287 -0.774245 0.191283 
-0.057037 -0.787700 -0.613413 
0.795360 0.600305 0.083884 
0.595087 -0.573331 -0.563173 
-0.740750 -0.669546 0.054752 
0.137359 -0.881385 -0.451988 
0.026602 0.818044 0.574540 
-0.014211 0.886472 0.462564 
0.116143 0.885719 0.449457 
0.039157 0.905049 0.423501 
0.190530 0.380177 -0.905077 
0.800782 -0.294625 0.521483 
0.677703 0.501247 -0.538025 
0.703905 -0.529325 0.473638 
-0.258126 -0.512450 -0.819003 
0.419479 -0.576287 -0.701378 
0.505665 -0.760153 -0.408008 
0.521161 -0.852746 -0.034859 
0.064654 0.929724 -0.362537 
0.524580 -0.840722 -0.134174 
-0.001828 0.867103 -0.498125 
0.005458 0.861592 0.507573 
0.399170 -0.809693 0.430186 
0.650847 -0.613721 0.446929 
0.226859 -0.876284 0.425042 
-0.901366 -0.429432 0.055918 
0.398831 -0.486740 -0.777186 
0.277487 -0.050925 -0.959379 
-0.861259 -0.210756 -0.462400 
0.439138 0.164196 -0.883288 
0.437040 0.484015 -0.758107 
0.461748 0.569047 -0.680422 
0.028636 0.478155 -0.877808 
-0.555954 0.814153 -0.167540 
0.277272 -0.568990 0.774190 
0.335726 -0.104621 0.936132 
0.251873 0.650251 0.716752 
-0.602895 0.301907 -0.738491 
-0.068528 0.719676 -0.690920 
-0.234607 -0.317159 0.918896 
-0.277276 0.535018 0.798044 
0.676577 0.644979 0.355310 
-0.668550 -0.705772 0.234364 
0.675636 0.732718 -0.081485 
0.835497 -0.185315 0.517304 
0.852333 0.095361 0.514232 
0.976122 -0.188744 0.107528 
0.891251 -0.153962 -0.426577 
0.894257 -0.204932 0.397878 
0.514275 0.027278 -0.857191 
-0.671148 -0.681473 -0.291813 
0.604679 -0.231269 -0.762154 
-0.742338 -0.664850 -0.083115 
0.560461 -0.338757 -0.755729 
0.798340 -0.507718 0.323846 
0.703836 -0.394577 0.590697 
-0.842216 0.292269 -0.453046 
-0.910112 0.197868 -0.364065 
-0.734385 0.660810 -0.154947 
0.949035 -0.156580 -0.273524 
-0.843743 0.369841 -0.388993 
0.097173 -0.100638 0.990166 
-0.607290 -0.685069 0.402343 
-0.225662 -0.960767 0.161258 
0.146354 -0.770372 -0.620571 
-0.652543 -0.731514 0.197674 
0.102253 -0.872133 -0.478465 
-0.829998 0.424008 -0.362382 
-0.829998 0.424008 -0.362382 
-0.829998 0.424008 -0.362382 
-0.614152 0.745983 -0.257540 
-0.914740 0.250976 -0.316640 
-0.736521 0.502375 -0.452941 
-0.370279 -0.155726 0.915774 
-0.564668 0.215270 0.796749 
0.199765 0.166296 0.965629 
0.157110 -0.450490 0.878849 
0.157110 -0.450490 0.878849 
-0.176438 -0.620503 0.764098 
-0.176438 -0.620503 0.764098 
-0.579296 0.644059 -0.499604 
-0.493308 0.582923 -0.645638 
-0.147107 0.871646 -0.467539 
-0.147107 0.871646 -0.467539 
-0.575287 0.803287 -0.154194 
-0.712250 -0.658008 -0.244386 
-0.113014 -0.658728 -0.743845 
-0.724245 0.502316 -0.472385 
-0.641108 0.609678 -0.466125 
-0.717590 -0.669323 0.192539 
-0.529707 -0.845801 0.063484 
-0.575756 -0.817608 -0.004785 
-0.594474 0.682975 0.424436 
-0.265788 -0.452331 0.851324 
-0.265788 -0.452331 0.851324 
-0.509477 -0.303805 0.805069 
-0.614040 -0.582407 0.532688 
0.315563 0.918811 -0.237079 
-0.566511 0.806880 0.167361 
-0.481691 0.851712 0.206302 
-0.481691 0.851712 0.206302 
-0.481691 0.851712 0.206302 
0.010407 0.655834 -0.754833 
-0.457174 0.889188 -0.018357 
-0.457174 0.889188 -0.018357 
0.270779 0.199113 -0.941824 
0.273389 0.131337 -0.952895 
0.015180 -0.998742 0.047786 
-0.203112 -0.934310 -0.292934 
0.060258 -0.959685 0.274542 
0.735508 -0.511662 0.444107 
-0.036155 -0.854412 0.518337 
0.761371 -0.602786 -0.238671 
0.761371 -0.602786 -0.238671 
-0.683653 0.658114 0.315444 
-0.488110 0.838545 0.242055 
-0.488110 0.838545 0.242055 
0.555538 0.774791 -0.301787 
-0.667409 0.678991 0.305838 
-0.249508 -0.493337 0.833286 
0.156003 -0.618397 0.770226 
0.156003 -0.618397 0.770226 
-0.259455 -0.765891 0.588298 
-0.284217 -0.865449 0.412575 
-0.860928 -0.440829 -0.253916 
-0.919385 -0.125499 -0.372803 
-0.857481 0.331691 -0.393329 
-0.843700 0.310158 -0.438145 
-0.794437 0.328775 -0.510663 
-0.839854 -0.377122 -0.390416 
-0.563860 -0.824688 -0.044172 
-0.563860 -0.824688 -0.044172 
-0.517433 -0.854013 0.054082 
-0.495580 0.502920 -0.708147 
-0.576930 0.586309 -0.568678 
0.052598 0.893655 -0.445663 
0.385318 0.905133 0.179623 
0.441299 0.853745 0.276360 
0.441299 0.853745 0.276360 
0.084844 0.959406 -0.268963 
-0.732653 -0.645066 -0.217047 
-0.337169 -0.941437 -0.003763 
-0.327601 -0.940144 -0.093839 
0.344222 0.925026 0.160745 
0.138950 0.986503 -0.086634 
0.138950 0.986503 -0.086634 
0.138950 0.986503 -0.086634 
0.698667 0.693495 0.175868 
-0.641303 0.586455 -0.494773 
-0.633349 0.083969 -0.769297 
-0.052693 0.765863 -0.640841 
-0.052693 0.765863 -0.640841 
-0.052693 0.765863 -0.640841 
-0.052693 0.765863 -0.640841 
-0.908727 -0.122293 -0.399073 
-0.884169 0.403209 -0.235939 
-0.884169 0.403209 -0.235939 
-0.898036 0.436328 -0.056119 
-0.413418 0.879374 -0.236192 
0.939553 -0.285042 0.189715 
0.949665 -0.293944 0.108320 
0.882207 -0.362470 0.300543 
0.910218 -0.324816 0.256899 
0.951628 -0.183496 0.246440 
0.937581 -0.273970 0.214201 
0.961034 -0.248151 0.121796 
0.930535 -0.172676 0.322934 
0.633568 -0.364916 0.682223 
0.053477 -0.357160 0.932511 
0.093826 -0.205213 0.974210 
-0.025935 -0.325737 0.945105 
0.132936 -0.801096 -0.583586 
-0.078367 -0.821086 -0.565399 
0.180432 -0.660347 -0.728962 
0.276804 -0.733339 -0.620962 
0.447541 -0.804349 0.390806 
0.396226 -0.841374 -0.367553 
-0.664351 -0.378814 0.644312 
-0.898372 -0.439098 -0.011027 
-0.805682 -0.573867 -0.146814 
0.280430 -0.866655 0.412635 
0.517457 -0.833740 0.192656 
0.553354 -0.800978 0.228548 
0.341917 -0.904739 0.254049 
-0.965844 -0.258993 0.008292 
-0.916034 -0.396832 0.058367 
0.439571 -0.696505 0.567149 
0.650077 -0.753900 -0.095052 
-0.210042 -0.755474 -0.620598 
-0.339684 -0.516439 -0.786070 
-0.339684 -0.516439 -0.786070 
-0.886720 -0.419165 -0.195008 
0.310029 0.807904 0.501172 
0.327680 0.831701 0.448219 
0.269922 0.956238 -0.112922 
0.286326 0.941977 -0.175206 
-0.929332 0.267944 -0.254064 
-0.912240 0.342914 -0.224116 
-0.927815 0.319364 -0.192785 
0.116981 0.914151 0.388129 
0.116249 0.734236 0.668867 
-0.273939 0.680056 0.680059 
-0.318096 0.432807 0.843500 
0.259710 0.910603 -0.321486 
0.061746 0.970698 -0.232234 
-0.384554 0.539372 0.749130 
0.461163 0.857831 0.226838 
0.344953 0.930824 -0.120725 
0.407932 0.870332 0.275886 
0.245680 0.966504 -0.074232 
-0.543441 0.342715 -0.766302 
-0.525696 -0.017496 -0.850493 
-0.525696 -0.017496 -0.850493 
-0.842676 -0.004009 -0.538407 
-0.018365 0.975634 0.218634 
0.067126 0.983713 0.166742 
-0.352606 0.829269 0.433569 
-0.352606 0.829269 0.433569 
-0.766740 -0.004807 -0.641940 
-0.727282 0.143509 -0.671168 
-0.776458 -0.015783 -0.629971 
-0.078559 0.749661 -0.657143 
0.769670 0.442160 -0.460547 
0.908832 0.241492 -0.340156 
0.908832 0.241492 -0.340156 
0.708227 0.705980 -0.002678 
0.565835 0.821500 -0.070486 
0.574952 0.322299 -0.752033 
0.733061 0.672924 0.098968 
0.341353 0.837959 0.425798 
0.341353 0.837959 0.425798 
-0.416856 -0.709698 0.567944 
-0.416856 -0.709698 0.567944 
-0.445076 -0.331595 0.831836 
-0.445076 -0.331595 0.831836 
-0.097962 -0.673963 -0.732242 
-0.018991 -0.433892 -0.900765 
-0.225326 -0.029407 -0.973840 
-0.204725 0.248266 -0.946811 
-0.610942 -0.530002 0.588088 
-0.610942 -0.530002 0.588088 
-0.302597 -0.856454 0.418236 
-0.039207 -0.918805 -0.392760 
-0.047064 -0.788278 -0.613517 
-0.047064 -0.788278 -0.613517 
-0.064917 -0.362959 -0.929541 
0.002775 0.242632 -0.970115 
0.179696 0.370566 -0.911257 
-0.139989 0.448740 -0.882630 
0.216024 -0.693791 0.687014 
0.216024 -0.693791 0.687014 
0.183407 -0.820561 0.541334 
-0.084876 -0.994249 0.065302 
-0.466403 -0.370787 -0.803109 
-0.190493 -0.735605 -0.650076 
-0.047920 -0.957508 -0.284399 
-0.246616 -0.801712 -0.544461 
-0.093994 -0.995283 -0.024016 
-0.550106 -0.678723 -0.486537 
-0.598657 -0.542713 -0.589129 
-0.338421 -0.853161 -0.396973 
-0.338421 -0.853161 -0.396973 
-0.054596 -0.916143 -0.397117 
-0.054596 -0.916143 -0.397117 
-0.795943 -0.545345 -0.262818 
-0.297489 -0.929814 0.216670 
-0.140172 -0.905112 0.401403 
-0.406483 0.382726 0.829634 
-0.240288 -0.029386 0.970257 
-0.290411 -0.903263 0.315874 
0.846360 0.520979 0.110705 
0.384261 0.918206 0.096137 
0.789949 0.343612 0.507849 
0.582068 0.480101 0.656277 
0.275497 0.884643 0.376176 
0.814209 0.363599 0.452614 
0.830574 0.515397 0.210978 
0.965915 0.155101 0.207250 
0.962195 0.211699 0.171363 
0.857327 0.458660 0.233712 
0.163446 0.656112 0.736751 
0.025164 0.880815 0.472791 
0.025164 0.880815 0.472791 
0.367176 0.861631 0.350392 
0.798758 0.492506 0.345577 
0.700043 0.540340 0.466876 
0.241306 0.631408 0.736950 
0.658586 0.482731 0.577266 
0.220411 0.745747 0.628713 
0.164698 0.862828 0.477915 
0.198027 0.875265 0.441245 
0.966351 0.132056 0.220740 
0.912569 0.223893 0.342185 
0.548242 0.623359 0.557543 
0.983640 0.044324 0.174606 
-0.191947 0.724285 0.662245 
-0.620118 0.762749 0.183486 
-0.494623 0.818638 -0.291855 
0.007692 0.583482 -0.812089 
0.007692 0.583482 -0.812089 
0.007692 0.583482 -0.812089 
-0.965727 0.238977 0.101303 
-0.237134 0.026663 -0.971111 
-0.805845 -0.528946 -0.266137 
-0.765246 -0.643477 -0.018309 
-0.794521 0.086626 -0.601027 
-0.922117 -0.175926 -0.344602 
-0.291858 0.801942 -0.521256 
-0.148019 0.800281 -0.581068 
-0.494112 0.698788 -0.517251 
-0.889800 -0.454853 0.036950 
-0.894371 -0.437131 0.094954 
-0.370762 0.882841 -0.288318 
0.099612 -0.781469 0.615942 
0.368441 -0.386951 0.845293 
-0.104999 0.404521 0.908481 
0.673139 -0.222123 0.705369 
0.673139 -0.222123 0.705369 
0.258519 -0.456830 0.851160 
0.017595 0.769326 0.638614 
-0.053957 0.884114 0.464146 
-0.473841 0.723786 0.501606 
-0.309871 -0.423948 0.851028 
0.137317 -0.328827 0.934354 
-0.862613 -0.413416 0.291524 
-0.873975 -0.465184 0.140613 
-0.631212 -0.406302 0.660674 
-0.535246 0.818307 -0.209489 
-0.507324 0.802534 -0.313947 
-0.363518 0.839186 -0.404501 
-0.354796 0.769066 -0.531655 
-0.586463 0.608883 -0.534156 
-0.302968 0.880732 0.364035 
-0.264492 0.859380 0.437619 
-0.296868 0.690944 -0.659140 
-0.053431 0.678911 -0.732274 
0.772898 0.542122 0.329745 
0.911273 0.173281 0.373572 
0.744587 -0.439160 0.502722 
0.927350 0.099521 0.360717 
0.774105 0.554669 0.305131 
0.883161 -0.285326 0.372312 
0.801348 -0.436964 0.408539 
0.741400 0.597769 0.304956 
0.698895 -0.525288 0.485405 
0.498061 -0.420957 0.758110 
0.313695 -0.641568 0.699990 
-0.045485 -0.288017 0.956545 
-0.139989 0.448740 -0.882630 
-0.470163 -0.557306 -0.684366 
-0.669227 0.276663 -0.689633 
-0.901730 -0.151317 -0.404951 
-0.110611 -0.004123 0.993855 
0.805177 0.400953 0.436951 
0.799403 0.600428 -0.021000 
0.605756 -0.794909 0.034331 
0.921020 0.297958 -0.250886 
0.803487 0.459405 -0.378623 
0.838012 0.502472 -0.212737 
0.423736 -0.818635 0.387667 
-0.438688 0.315895 -0.841287 
0.495913 -0.811541 0.308985 
0.873665 -0.392442 -0.287574 
0.289403 -0.956880 -0.025031 
0.289403 -0.956880 -0.025031 
0.751412 -0.538891 -0.380758 
-0.019824 -0.900600 -0.434198 
-0.310530 -0.711212 -0.630673 
-0.138071 -0.744014 -0.653743 
-0.106273 -0.876221 -0.470045 
-0.133804 -0.920388 -0.367400 
-0.413089 -0.643180 -0.644730 
0.012692 -0.917384 -0.397800 
0.434608 -0.871337 0.227789 
-0.291324 -0.834185 -0.468257 
0.265610 -0.213415 0.940162 
0.268954 -0.166386 0.948673 
0.274003 -0.210444 0.938422 
-0.081652 -0.691085 0.718147 
0.193010 -0.268494 0.943747 
-0.920120 -0.363746 0.145149 
-0.940869 -0.255448 0.222513 
-0.865092 -0.398763 0.304309 
-0.878013 -0.468122 0.099779 
-0.723476 -0.265972 0.637057 
-0.338702 -0.183773 0.922772 
-0.946688 -0.313451 -0.074367 
0.025843 -0.872194 -0.488477 
0.135337 -0.342849 0.929591 
-0.035995 0.772596 0.633877 
-0.672472 0.740121 0.001587 
-0.613457 0.762045 -0.207263 
-0.411662 0.821047 -0.395495 
-0.481510 0.836863 -0.260401 
-0.444564 0.850211 -0.281965 
-0.340307 0.797921 -0.497506 
-0.345926 0.780311 -0.521008 
-0.231164 0.765027 0.601080 
-0.267578 0.757417 0.595584 
-0.112711 0.820033 0.561107 
-0.686849 -0.596028 0.415919 
-0.490433 0.144238 -0.859460 
-0.842997 0.364059 0.396002 
0.810953 0.298886 -0.503014 
0.019596 0.479966 -0.877068 
0.457693 -0.538074 0.707809 
0.507985 -0.040830 0.860398 
0.322751 -0.590312 0.739840 
0.333311 -0.620397 0.709938 
-0.239467 -0.312783 0.919142 
0.383488 -0.202571 0.901056 
-0.908625 -0.044131 0.415274 
-0.647628 0.640468 -0.412770 
-0.322434 0.484028 -0.813482 
-0.239728 0.966702 -0.089543 
0.946111 -0.242123 -0.215060 
0.323778 -0.295438 -0.898824 
0.866462 -0.492623 0.081029 
-0.453983 0.710172 -0.538104 
-0.333332 0.433908 -0.837027 
-0.671656 0.729333 -0.130199 
-0.664699 -0.253416 -0.702820 
-0.554271 0.100614 -0.826233 
-0.617301 0.333518 -0.712534 
0.953415 0.197853 -0.227713 
0.953415 0.197853 -0.227713 
0.850370 0.121146 -0.512049 
0.903791 0.415811 -0.101305 
0.758027 0.649139 -0.063356 
-0.535943 0.225954 -0.813455 
0.739708 0.672884 0.007734 
0.915359 0.293323 -0.275824 
0.891590 0.450777 0.043218 
0.891590 0.450777 0.043218 
-0.443431 0.203494 -0.872903 
0.620526 -0.781894 0.059915 
0.414708 -0.751771 0.512696 
0.632940 -0.696473 -0.338101 
0.005436 -0.845945 -0.533242 
0.507898 -0.767518 0.391096 
-0.017164 -0.839706 -0.542770 
-0.130019 -0.814698 -0.565121 
0.064138 -0.747500 -0.661158 
0.387572 -0.915095 0.111309 
0.589971 -0.805143 -0.060651 
0.393125 -0.779940 -0.486977 
0.922578 -0.199041 -0.330503 
0.023118 0.385109 -0.922581 
-0.102003 0.406086 -0.908124 
-0.469187 0.062890 -0.880856 
0.877377 0.351534 -0.326549 
0.871160 0.486982 -0.062681 
0.942202 0.283503 -0.178552 
0.882415 0.470453 -0.004331 
0.959718 -0.005272 -0.280916 
0.880882 -0.390976 -0.266805 
0.411482 -0.837535 -0.359470 
0.411482 -0.837535 -0.359470 
0.286165 -0.674470 -0.680588 
0.430159 -0.842118 -0.325271 
0.430159 -0.842118 -0.325271 
0.565055 -0.823481 -0.050912 
0.028211 0.533739 -0.845179 
-0.948991 -0.279875 0.145212 
-0.910966 -0.374617 0.172635 
-0.923504 -0.352933 0.150260 
-0.174810 -0.296991 0.938743 
-0.234726 -0.205209 0.950154 
-0.321104 -0.418215 0.849699 
0.036886 -0.368734 0.928803 
0.705444 -0.707846 0.036104 
0.512157 -0.852606 0.103718 
0.808225 -0.406919 0.425664 
0.749190 -0.159408 0.642886 
0.954346 -0.259014 0.148779 
0.910620 -0.363355 0.196837 
0.857164 -0.512700 -0.049073 
0.783733 -0.417719 -0.459645 
0.905666 -0.419159 -0.063834 
0.453694 -0.864644 0.215761 
-0.184147 0.966994 0.176102 
-0.074110 0.992590 0.096300 
-0.027867 0.999115 -0.031507 
-0.237635 0.971221 -0.016112 
-0.226315 0.941756 -0.248753 
-0.340148 0.936609 -0.084043 
0.827673 0.233192 0.510469 
0.665961 0.663394 -0.341182 
-0.489373 0.834448 0.253400 
-0.240406 0.926262 0.290247 
-0.178534 0.911084 -0.371552 
-0.167602 0.881407 -0.441624 
0.810798 0.363865 0.458485 
0.933207 0.359230 -0.008886 
0.913937 0.282303 0.291588 
0.650604 0.442070 0.617486 
0.412045 0.638996 0.649541 
0.236831 0.416736 0.877634 
0.141744 0.497481 0.855816 
0.052823 0.997653 0.043571 
-0.048737 0.945625 0.321586 
0.049611 0.968321 0.244732 
0.505916 0.848941 0.152802 
0.513029 0.848610 0.129079 
0.557842 0.812505 0.169257 
0.212368 0.845814 0.489385 
0.212368 0.845814 0.489385 
-0.171172 0.932944 -0.316727 
-0.355325 0.934231 0.030916 
0.913725 0.324091 -0.245095 
0.859104 0.343971 -0.378979 
0.159935 -0.681090 -0.714519 
0.087142 -0.793525 0.602266 
0.087142 -0.793525 0.602266 
0.145621 -0.164477 -0.975573 
0.333451 0.246791 -0.909893 
0.061552 -0.702813 0.708706 
0.061552 -0.702813 0.708706 
0.061552 -0.702813 0.708706 
0.115056 -0.908890 -0.400851 
0.135985 -0.767972 -0.625881 
0.135985 -0.767972 -0.625881 
0.164518 -0.556368 -0.814487 
0.199443 -0.362990 -0.910198 
0.138441 0.242564 -0.960207 
-0.002317 0.308109 -0.951348 
-0.002317 0.308109 -0.951348 
-0.098932 0.411285 -0.906122 
-0.183637 -0.482263 0.856563 
-0.183637 -0.482263 0.856563 
-0.339000 -0.665998 0.664474 
0.825785 -0.519593 -0.219325 
0.595241 -0.803025 -0.028980 
0.634876 -0.737183 -0.231289 
0.524684 0.119751 0.842833 
0.952163 -0.230645 -0.200468 
-0.967651 0.252177 0.007628 
-0.362092 0.910589 0.199293 
-0.808175 0.416969 0.415921 
-0.362492 0.931958 0.007303 
-0.335934 0.926191 0.171226 
-0.671426 0.480044 0.564575 
-0.988193 0.132031 0.077731 
-0.989517 0.143618 0.015138 
-0.923718 0.374174 0.082090 
-0.513232 0.854636 0.078677 
-0.871421 0.363611 0.329261 
-0.998578 0.044370 0.029559 
-0.974972 0.217678 -0.045231 
-0.968833 0.245086 0.035989 
-0.852450 0.515380 0.087818 
-0.985787 0.155148 0.064443 
-0.722750 0.650691 0.232879 
-0.857993 0.484277 0.171245 
-0.268936 0.656124 0.705106 
-0.093739 0.880830 0.464060 
-0.496636 0.743079 0.448538 
-0.840535 0.492517 0.225671 
-0.622947 0.623214 0.472802 
-0.760535 0.540347 0.360015 
-0.479132 0.705476 0.522242 
-0.217243 0.839202 0.498543 
-0.289177 0.739637 0.607711 
-0.345852 0.631441 0.694023 
-0.735591 0.482728 0.475267 
-0.309568 0.745765 0.589917 
-0.232524 0.862807 0.448885 
-0.334664 0.889144 0.312127 
-0.519983 0.790027 0.324768 
-0.779615 0.553582 0.292827 
-0.260195 0.875236 0.407750 
-0.997226 0.059408 0.044840 
-0.997795 0.014056 -0.064868 
-0.998388 -0.041585 -0.038636 
-0.996525 0.083264 -0.002052 
-0.999947 0.008011 0.006502 
0.408406 0.745610 -0.526564 
0.348406 -0.025148 -0.937007 
0.905237 0.083484 -0.416625 
0.742001 -0.669286 0.038609 
0.819738 -0.565346 0.091722 
0.835995 -0.528964 -0.145977 
0.946932 -0.300821 -0.113256 
0.336062 0.802770 -0.492568 
0.317822 0.812488 -0.488725 
0.436514 0.826440 -0.355602 
0.874646 -0.476122 0.091117 
0.536478 0.821251 -0.194262 
-0.424445 -0.381957 0.820948 
-0.873890 -0.213305 0.436826 
-0.768553 -0.222193 0.599963 
-0.395213 -0.449605 0.801038 
0.062955 0.832888 0.549849 
0.182493 -0.424042 0.887065 
-0.243285 -0.411720 0.878236 
0.850713 -0.390626 0.351709 
-0.068084 0.711435 0.699446 
0.882680 -0.331504 0.333138 
0.718885 0.694266 -0.034615 
0.159538 0.678928 -0.716662 
0.078487 -0.851243 -0.518869 
0.266862 0.448751 -0.852882 
0.553660 -0.552307 -0.623232 
0.502630 -0.643173 -0.577661 
0.406605 -0.746862 -0.526184 
-0.836615 0.332847 0.435073 
-0.841036 0.517449 -0.157815 
-0.168616 -0.059991 0.983855 
0.917199 -0.207495 0.340135 
0.823426 0.168085 -0.541957 
0.667621 0.282437 -0.688848 
-0.921368 0.159187 -0.354598 
-0.840606 0.283189 -0.461720 
-0.404966 -0.909995 -0.088952 
-0.625336 -0.646901 0.436432 
-0.756628 0.580330 -0.301217 
-0.925101 0.331301 -0.185549 
-0.701191 0.570635 -0.427441 
0.082866 -0.900596 -0.426686 
0.173567 -0.876229 -0.449552 
0.145510 -0.925502 -0.349676 
0.356550 -0.834127 -0.420838 
0.356550 -0.834127 -0.420838 
-0.804107 0.172090 -0.569031 
-0.428457 -0.841350 0.329477 
-0.394988 -0.901731 0.175687 
-0.700131 -0.579466 -0.417176 
-0.282711 -0.956873 -0.066853 
0.363308 -0.804474 -0.469925 
-0.399567 -0.213355 0.891530 
-0.429791 -0.246686 0.868577 
-0.331930 -0.377371 0.864531 
-0.049505 -0.506888 0.860589 
0.862380 -0.294466 0.411814 
0.908189 -0.295422 0.296509 
0.897748 -0.338209 0.282246 
0.647938 -0.195838 0.736087 
0.200823 -0.183818 0.962227 
0.935546 -0.329922 0.126114 
0.928113 -0.354028 0.115202 
0.946386 -0.314134 0.075326 
-0.269109 -0.342802 0.900037 
-0.025718 0.800312 0.599032 
0.709371 0.701465 0.068843 
0.453139 0.880350 -0.140175 
0.434053 0.857425 -0.276443 
0.397307 0.800714 -0.448335 
0.135685 0.735507 0.663791 
-0.051479 0.829903 0.555528 
-0.030646 0.920957 0.388456 
0.517988 0.728990 -0.447505 
0.126228 0.833346 -0.538146 
0.653755 0.315994 0.687570 
0.389410 0.655150 0.647409 
-0.158217 -0.432822 0.887487 
0.028636 0.478155 -0.877808 
-0.586922 0.144881 -0.796575 
-0.740750 -0.669546 0.054752 
0.461748 0.569047 -0.680422 
0.700880 0.640410 -0.314074 
0.675636 0.732718 -0.081485 
-0.189532 -0.295432 -0.936375 
-0.901366 -0.429432 0.055918 
0.591629 0.323332 -0.738533 
0.447071 0.619593 -0.645161 
0.521747 0.731270 -0.439345 
-0.910112 0.197868 -0.364066 
-0.766716 0.121182 -0.630446 
-0.928122 0.324975 -0.181605 
-0.936306 0.343792 -0.071674 
0.381913 0.498676 -0.778117 
0.405507 0.321132 -0.855826 
0.414146 0.290735 -0.862529 
0.409751 0.353431 -0.840946 
0.711637 0.023597 -0.702151 
0.532458 0.127012 -0.836873 
-0.830219 0.307715 -0.464809 
-0.891805 0.342778 -0.295273 
-0.898404 0.420921 -0.125287 
-0.849981 0.516427 0.104093 
0.014998 -0.049679 0.998653 
0.566013 0.203201 -0.798961 
0.101591 -0.994306 -0.032176 
-0.552572 -0.802987 0.223330 
-0.112765 -0.788708 -0.604337 
-0.628804 -0.749312 -0.207696 
-0.628804 -0.749312 -0.207696 
-0.471274 -0.831351 0.294543 
-0.607290 -0.685069 0.402343 
-0.001851 -0.866543 -0.499099 
0.334119 -0.796623 -0.503743 
-0.488916 -0.869169 0.074204 
-0.557237 -0.808564 0.188972 
0.048152 -0.856706 -0.513553 
-0.078035 -0.845869 -0.527652 
-0.870916 -0.180167 -0.457215</float_array>
          <technique_common>
            <accessor count="4738" source="#_21642-normals-array" stride="3">
              <param name="X" type="float" />
              <param name="Y" type="float" />
              <param name="Z" type="float" />
            </accessor>
          </technique_common>
        </source>
        <source id="_21642-uv0">
          <float_array id="_21642-uv0-array" count="9476">
0.935604 0.661196 
0.937011 0.663000 
0.934922 0.666130 
0.937276 0.666463 
0.938740 0.672380 
0.937634 0.670487 
0.938234 0.670799 
0.938184 0.671884 
0.938584 0.674291 
0.937944 0.676056 
0.938611 0.675202 
0.937695 0.676891 
0.936766 0.677358 
0.935528 0.677172 
0.936526 0.676980 
0.521323 0.846698 
0.518255 0.848221 
0.519596 0.845828 
0.516523 0.845586 
0.515844 0.846834 
0.558468 0.839998 
0.560124 0.835748 
0.563577 0.839881 
0.559264 0.841224 
0.558779 0.835747 
0.559965 0.833434 
0.563577 0.837774 
0.560846 0.841517 
0.562522 0.841137 
0.755117 0.816546 
0.755203 0.817824 
0.755403 0.819740 
0.763879 0.702124 
0.763905 0.704460 
0.764227 0.706242 
0.763596 0.690185 
0.763403 0.689275 
0.764163 0.686740 
0.767093 0.683245 
0.769776 0.683647 
0.770799 0.685118 
0.771911 0.679745 
0.771686 0.682555 
0.768714 0.679534 
0.768804 0.676392 
0.764686 0.679367 
0.764458 0.681696 
0.763690 0.684819 
0.768933 0.672891 
0.771951 0.675781 
0.771820 0.674181 
0.765841 0.673963 
0.766715 0.668749 
0.765147 0.676976 
0.765447 0.677890 
0.924134 0.708281 
0.920000 0.706686 
0.917162 0.706884 
0.916889 0.705743 
0.916006 0.704051 
0.922590 0.705467 
0.920383 0.704089 
0.917095 0.703510 
0.920120 0.703372 
0.914445 0.701783 
0.915516 0.697571 
0.920221 0.700648 
0.922307 0.704659 
0.985078 0.244555 
0.982056 0.252041 
0.984250 0.246559 
0.984741 0.254171 
0.981014 0.255813 
0.984390 0.255709 
0.958731 0.712008 
0.958827 0.714450 
0.929478 0.711193 
0.774100 0.666199 
0.769705 0.665610 
0.766605 0.665874 
0.481944 0.842526 
0.478845 0.842581 
0.477760 0.839923 
0.976091 0.009587 
0.977291 0.002880 
0.975920 0.005948 
0.978771 0.009492 
0.980209 0.009063 
0.980984 0.009519 
0.980413 0.010404 
0.980906 0.011395 
0.982426 0.018017 
0.976632 0.011164 
0.962659 0.033354 
0.959496 0.034979 
0.958845 0.031839 
0.963362 0.025579 
0.958241 0.031433 
0.930007 0.660395 
0.932276 0.662353 
0.933728 0.655593 
0.931728 0.650056 
0.929397 0.651520 
0.926531 0.642734 
0.918381 0.643408 
0.920727 0.638028 
0.906455 0.626631 
0.914360 0.629298 
0.912960 0.629699 
0.911730 0.626376 
0.910564 0.624354 
0.909196 0.618803 
0.912107 0.623895 
0.907512 0.619299 
0.903820 0.623599 
0.901442 0.617341 
0.906534 0.609033 
0.897645 0.625114 
0.897439 0.618576 
0.895818 0.625802 
0.895547 0.619436 
0.899349 0.630608 
0.900858 0.633020 
0.902726 0.632722 
0.908778 0.632884 
0.903612 0.637392 
0.904067 0.644654 
0.902545 0.644866 
0.915911 0.649651 
0.920467 0.653771 
0.923388 0.657683 
0.921316 0.656003 
0.922708 0.657791 
0.926398 0.654595 
0.924391 0.656597 
0.925617 0.657224 
0.930686 0.666780 
0.959224 0.040097 
0.958326 0.032830 
0.958404 0.033673 
0.754991 0.825759 
0.755248 0.826783 
0.754310 0.828139 
0.765141 0.695389 
0.765117 0.698019 
0.763761 0.696847 
0.764976 0.692010 
0.879368 0.836328 
0.971470 0.829879 
0.970815 0.832904 
0.937078 0.668574 
0.252305 0.778691 
0.250370 0.779605 
0.240198 0.772928 
0.232167 0.770336 
0.227556 0.766163 
0.226052 0.767008 
0.218166 0.764343 
0.224601 0.767679 
0.206027 0.757893 
0.213248 0.763166 
0.211356 0.763522 
0.198320 0.762312 
0.210413 0.765675 
0.204372 0.764095 
0.192430 0.760135 
0.186569 0.757550 
0.187446 0.754656 
0.180648 0.754688 
0.183641 0.756889 
0.189638 0.759655 
0.215071 0.759594 
0.202133 0.753493 
0.232729 0.762596 
0.253886 0.772427 
0.249982 0.775572 
0.251335 0.768769 
0.218447 0.757173 
0.223970 0.753057 
0.195963 0.742249 
0.214823 0.747654 
0.212357 0.738402 
0.230717 0.752031 
0.223184 0.742471 
0.235846 0.745939 
0.251329 0.753757 
0.254494 0.765498 
0.256184 0.758452 
0.259106 0.760041 
0.259581 0.754533 
0.250522 0.749085 
0.251682 0.747626 
0.263149 0.751267 
0.256976 0.747436 
0.261064 0.748633 
0.259443 0.745244 
0.264950 0.745589 
0.260532 0.744266 
0.264938 0.749999 
0.240520 0.742829 
0.243243 0.746823 
0.241439 0.740453 
0.230218 0.740397 
0.233390 0.738981 
0.230737 0.736573 
0.215216 0.729917 
0.212072 0.732824 
0.222461 0.731953 
0.202206 0.737617 
0.197723 0.731485 
0.194573 0.735083 
0.184666 0.737225 
0.188205 0.732452 
0.186581 0.741447 
0.176279 0.737333 
0.179628 0.750130 
0.164329 0.740518 
0.191329 0.745513 
0.165620 0.731058 
0.159182 0.740199 
0.147913 0.732156 
0.148350 0.720896 
0.152258 0.736524 
0.153218 0.738281 
0.149112 0.735510 
0.162103 0.743729 
0.165258 0.744569 
0.172812 0.748737 
0.177858 0.752561 
0.169481 0.747955 
0.195656 0.762063 
0.201818 0.764058 
0.208044 0.765767 
0.212648 0.765482 
0.214698 0.765195 
0.216209 0.767168 
0.214118 0.767348 
0.216510 0.764827 
0.144575 0.729451 
0.141609 0.728371 
0.141771 0.726670 
0.136561 0.722720 
0.136149 0.724466 
0.144751 0.731113 
0.167183 0.725047 
0.146352 0.709398 
0.136587 0.710774 
0.162507 0.714378 
0.165025 0.707233 
0.163415 0.704235 
0.147573 0.701562 
0.180351 0.710010 
0.181245 0.714527 
0.178010 0.718883 
0.176441 0.728011 
0.188315 0.727482 
0.208148 0.728725 
0.200115 0.725277 
0.208233 0.726569 
0.202387 0.722793 
0.208247 0.724855 
0.196090 0.719704 
0.201890 0.721225 
0.191168 0.721325 
0.194267 0.717919 
0.190680 0.714368 
0.184586 0.711873 
0.131617 0.718519 
0.131088 0.720272 
0.128227 0.711629 
0.120968 0.713797 
0.121281 0.712258 
0.115618 0.709228 
0.115999 0.707600 
0.100511 0.698338 
0.101272 0.695196 
0.093684 0.694208 
0.093506 0.695517 
0.083241 0.689435 
0.073900 0.682190 
0.072664 0.684416 
0.082981 0.690565 
0.082641 0.682158 
0.093521 0.684516 
0.073511 0.676515 
0.108564 0.697254 
0.111819 0.699064 
0.109334 0.695407 
0.120160 0.698553 
0.115008 0.700807 
0.124211 0.705516 
0.135794 0.699911 
0.143494 0.695223 
0.157993 0.700295 
0.172134 0.704990 
0.182181 0.708551 
0.184563 0.710686 
0.196166 0.715803 
0.197897 0.718786 
0.190346 0.713312 
0.131114 0.700849 
0.115757 0.690906 
0.120344 0.690327 
0.105561 0.686209 
0.111238 0.691397 
0.111709 0.684558 
0.118359 0.687191 
0.093792 0.678367 
0.098862 0.682992 
0.097740 0.684608 
0.101331 0.680252 
0.089747 0.678104 
0.084964 0.673577 
0.082799 0.676174 
0.071033 0.669740 
0.073055 0.667630 
0.066570 0.670615 
0.062346 0.674821 
0.060618 0.676540 
0.124919 0.689839 
0.119821 0.685922 
0.094881 0.677157 
0.214806 0.728348 
0.030128 0.652893 
0.018054 0.650882 
0.013563 0.647926 
0.019681 0.648428 
0.030905 0.656104 
0.029119 0.656516 
0.038821 0.661047 
0.045590 0.663009 
0.039000 0.662527 
0.041338 0.663426 
0.044680 0.658231 
0.047776 0.654418 
0.035962 0.650712 
0.023934 0.647912 
0.017871 0.643773 
0.022661 0.643871 
0.030094 0.647651 
0.020086 0.642516 
0.020292 0.641989 
0.016863 0.639948 
0.009013 0.641803 
0.011287 0.638814 
0.010897 0.645355 
0.010159 0.645624 
0.006759 0.641288 
0.010444 0.637289 
0.005983 0.639219 
0.007429 0.632107 
0.005102 0.634626 
0.004123 0.632451 
0.002305 0.628925 
0.005125 0.629022 
0.004348 0.631418 
0.004934 0.625583 
0.008268 0.629404 
0.008549 0.626521 
0.010752 0.629841 
0.013449 0.635815 
0.011972 0.637466 
0.012499 0.633950 
0.014302 0.637170 
0.014574 0.637936 
0.035183 0.647054 
0.048908 0.651081 
0.056147 0.653925 
0.055077 0.654625 
0.055329 0.657400 
0.057532 0.662814 
0.055599 0.665041 
0.065429 0.665010 
0.058913 0.657542 
0.069440 0.664097 
0.070400 0.663111 
0.059931 0.656726 
0.061195 0.669359 
0.053332 0.669450 
0.046286 0.667164 
0.044473 0.665526 
0.042110 0.665291 
0.074040 0.666602 
0.007925 0.623156 
0.008073 0.625197 
0.005372 0.624786 
0.006875 0.625964 
0.005297 0.620452 
0.002934 0.623982 
0.002855 0.625453 
0.002360 0.625064 
0.000000 0.615615 
0.002457 0.611901 
0.003322 0.617553 
0.001505 0.610532 
0.004931 0.616242 
0.005302 0.613695 
0.005847 0.607911 
0.005871 0.616167 
0.006319 0.617713 
0.001511 0.619197 
0.001784 0.618334 
0.002352 0.622379 
0.006442 0.612421 
0.003191 0.606824 
0.004984 0.605924 
0.002352 0.605431 
0.002783 0.605116 
0.000594 0.608454 
0.000771 0.610583 
0.911478 0.421551 
0.901060 0.440355 
0.901423 0.422773 
0.904490 0.448281 
0.914976 0.425679 
0.898079 0.432705 
0.898537 0.423665 
0.896763 0.451918 
0.895508 0.434041 
0.925073 0.430909 
0.922151 0.426101 
0.925288 0.426512 
0.918025 0.438734 
0.910614 0.457215 
0.917425 0.447967 
0.900940 0.463681 
0.905490 0.466810 
0.899471 0.479267 
0.896260 0.462642 
0.894539 0.464065 
0.895392 0.468521 
0.894738 0.453608 
0.894461 0.473768 
0.893745 0.469261 
0.890828 0.474806 
0.891057 0.471240 
0.886294 0.476537 
0.888170 0.470684 
0.884550 0.484488 
0.892332 0.490459 
0.883513 0.482324 
0.895825 0.484751 
0.903015 0.489136 
0.905516 0.489283 
0.902917 0.496202 
0.898195 0.500811 
0.886460 0.505001 
0.897623 0.508291 
0.892070 0.518048 
0.889111 0.497089 
0.882809 0.493305 
0.883042 0.487638 
0.881583 0.490969 
0.880268 0.500636 
0.881750 0.503289 
0.881491 0.513985 
0.879790 0.511001 
0.885667 0.536674 
0.884236 0.528866 
0.890490 0.531873 
0.890103 0.537870 
0.882685 0.521237 
0.880702 0.517835 
0.881969 0.525044 
0.883366 0.532503 
0.887871 0.548617 
0.884382 0.539907 
0.895539 0.559645 
0.893123 0.571635 
0.886329 0.551077 
0.890714 0.568523 
0.899265 0.582948 
0.892077 0.587574 
0.893716 0.586248 
0.895486 0.585002 
0.893572 0.591301 
0.895041 0.595138 
0.893384 0.596269 
0.896636 0.598973 
0.894972 0.608522 
0.896792 0.607569 
0.900637 0.592674 
0.902919 0.571562 
0.899238 0.572857 
0.906385 0.581690 
0.905852 0.566828 
0.900672 0.606266 
0.904297 0.601435 
0.907642 0.601256 
0.909058 0.601282 
0.909006 0.592520 
0.909081 0.572500 
0.910381 0.568199 
0.906751 0.554012 
0.904762 0.549280 
0.896632 0.553890 
0.898764 0.553303 
0.897349 0.543937 
0.901424 0.557589 
0.900392 0.548578 
0.899995 0.544195 
0.895632 0.548973 
0.896712 0.530653 
0.921419 0.439199 
0.924075 0.444377 
0.922760 0.453509 
0.913063 0.462137 
0.918204 0.462383 
0.920541 0.462537 
0.914644 0.474746 
0.909494 0.471316 
0.906126 0.482668 
0.912209 0.481589 
0.910305 0.488131 
0.914642 0.483219 
0.915445 0.480313 
0.916248 0.487516 
0.921542 0.486976 
0.917419 0.481807 
0.919148 0.479685 
0.922333 0.479239 
0.920311 0.477352 
0.918054 0.479555 
0.921889 0.483118 
0.923308 0.480558 
0.922952 0.484529 
0.921354 0.490621 
0.921644 0.494159 
0.913427 0.497455 
0.918128 0.495771 
0.907600 0.527425 
0.902358 0.540558 
0.902464 0.544614 
0.914672 0.546785 
0.913518 0.563649 
0.910460 0.572959 
0.913720 0.559065 
0.912153 0.531986 
0.917354 0.524367 
0.917899 0.516461 
0.912628 0.505323 
0.918506 0.505743 
0.921999 0.500326 
0.923520 0.495138 
0.922852 0.491720 
0.922756 0.488236 
0.922924 0.513448 
0.924287 0.501208 
0.921075 0.528238 
0.916552 0.532048 
0.916501 0.546658 
0.918738 0.542889 
0.918210 0.546607 
0.915333 0.558926 
0.913346 0.568446 
0.911882 0.568382 
0.910645 0.618412 
0.915351 0.634383 
0.917527 0.634005 
0.922554 0.637528 
0.927986 0.642419 
0.934643 0.655484 
0.919971 0.655130 
0.921153 0.656606 
0.920525 0.657734 
0.921363 0.659678 
0.918244 0.660007 
0.922085 0.660731 
0.916766 0.661427 
0.914783 0.661667 
0.912571 0.661105 
0.915526 0.656622 
0.908599 0.658955 
0.914919 0.652492 
0.908929 0.652620 
0.903276 0.660414 
0.906223 0.650328 
0.899607 0.655333 
0.905745 0.666454 
0.911472 0.662367 
0.909762 0.664390 
0.911686 0.663234 
0.909239 0.667021 
0.910337 0.665206 
0.907893 0.671719 
0.909781 0.668900 
0.902208 0.677350 
0.903249 0.683363 
0.898845 0.674366 
0.900310 0.679714 
0.898125 0.671207 
0.902451 0.668830 
0.898788 0.667400 
0.906350 0.675864 
0.922293 0.659903 
0.920604 0.661160 
0.926673 0.667777 
0.926257 0.665466 
0.927770 0.666966 
0.930524 0.671152 
0.930099 0.674144 
0.926644 0.663194 
0.907765 0.684664 
0.909226 0.677351 
0.908954 0.679201 
0.909625 0.671396 
0.909487 0.690750 
0.902583 0.683790 
0.906400 0.688467 
0.906787 0.692724 
0.905938 0.689993 
0.909626 0.692671 
0.912218 0.691662 
0.914878 0.693715 
0.907089 0.694726 
0.913542 0.688638 
0.913823 0.690886 
0.913983 0.690263 
0.915312 0.693036 
0.899104 0.633414 
0.897573 0.631109 
0.902202 0.635328 
0.900466 0.635631 
0.901798 0.637667 
0.929460 0.714896 
0.930946 0.712560 
0.930805 0.715073 
0.931485 0.713764 
0.931218 0.715676 
0.927117 0.708529 
0.925668 0.707979 
0.898084 0.674918 
0.931054 0.673192 
0.931300 0.671947 
0.931691 0.669643 
0.933065 0.668473 
0.929946 0.232824 
0.934881 0.240284 
0.919273 0.243356 
0.920393 0.222405 
0.926022 0.212215 
0.916031 0.207915 
0.918650 0.201429 
0.886470 0.227842 
0.888643 0.236024 
0.891518 0.217113 
0.888050 0.220552 
0.885831 0.216000 
0.887292 0.203633 
0.894646 0.236449 
0.896691 0.219957 
0.901773 0.232993 
0.904688 0.213807 
0.894305 0.240451 
0.896693 0.210286 
0.906643 0.204906 
0.908810 0.206836 
0.909097 0.199946 
0.915580 0.211486 
0.914697 0.203591 
0.910958 0.192016 
0.902732 0.191308 
0.908967 0.184648 
0.902084 0.185546 
0.900869 0.179244 
0.898043 0.188219 
0.894898 0.196144 
0.893833 0.191469 
0.888621 0.179701 
0.891770 0.178927 
0.896724 0.172886 
0.889173 0.171860 
0.911034 0.177407 
0.906247 0.171928 
0.914410 0.158382 
0.904592 0.148712 
0.901015 0.168122 
0.909209 0.138015 
0.914660 0.137558 
0.917592 0.129378 
0.910357 0.121247 
0.915403 0.120895 
0.919941 0.124619 
0.919755 0.128713 
0.918854 0.105953 
0.920770 0.110688 
0.907432 0.112441 
0.927119 0.100218 
0.926993 0.108982 
0.926220 0.095950 
0.930417 0.095089 
0.928884 0.087366 
0.933119 0.086459 
0.930828 0.099322 
0.934886 0.085939 
0.922492 0.100970 
0.918157 0.096480 
0.914888 0.088076 
0.922021 0.084621 
0.925108 0.091827 
0.907990 0.090447 
0.897965 0.114710 
0.893240 0.130892 
0.899258 0.129166 
0.904635 0.129982 
0.903066 0.122035 
0.902801 0.112339 
0.906473 0.102674 
0.916634 0.240398 
0.916212 0.230150 
0.915093 0.222987 
0.907486 0.242174 
0.909422 0.240717 
0.910540 0.242279 
0.911445 0.240823 
0.913607 0.242252 
0.915141 0.072554 
0.908066 0.083399 
0.912954 0.078129 
0.918575 0.078465 
0.922258 0.065525 
0.927235 0.069955 
0.926903 0.078066 
0.936405 0.076508 
0.938737 0.070718 
0.936525 0.071255 
0.935358 0.068889 
0.937804 0.068494 
0.936574 0.066259 
0.933803 0.066539 
0.930134 0.062721 
0.926099 0.061401 
0.927258 0.057646 
0.917212 0.056052 
0.918317 0.061297 
0.911704 0.053078 
0.914192 0.048726 
0.910590 0.040475 
0.911980 0.023299 
0.914885 0.014663 
0.915379 0.009935 
0.919047 0.007752 
0.917986 0.009804 
0.920385 0.006573 
0.920413 0.004600 
0.921248 0.005129 
0.923618 0.006759 
0.923989 0.008271 
0.924572 0.007029 
0.928795 0.007409 
0.930771 0.009330 
0.931391 0.006509 
0.933157 0.005357 
0.934124 0.005119 
0.933449 0.007426 
0.935279 0.004407 
0.935293 0.004773 
0.935728 0.009058 
0.936532 0.004291 
0.938234 0.005150 
0.937581 0.006313 
0.939112 0.005703 
0.940707 0.009615 
0.943045 0.006927 
0.944949 0.009248 
0.947302 0.007710 
0.948781 0.007832 
0.948369 0.007483 
0.946817 0.006941 
0.948565 0.006443 
0.949696 0.007517 
0.951317 0.009200 
0.950314 0.007169 
0.948263 0.005929 
0.951929 0.007046 
0.952414 0.007276 
0.953469 0.009125 
0.954403 0.012087 
0.951068 0.013547 
0.961018 0.011350 
0.959962 0.012488 
0.957858 0.010920 
0.955365 0.008068 
0.957822 0.007207 
0.955375 0.002769 
0.960730 0.005000 
0.958635 0.000960 
0.961661 0.003348 
0.956992 0.000000 
0.887529 0.199041 
0.897300 0.201706 
0.954998 0.044038 
0.959242 0.042013 
0.957838 0.046121 
0.960232 0.042156 
0.955072 0.049561 
0.953633 0.049100 
0.949945 0.046317 
0.947560 0.053318 
0.941672 0.054556 
0.943336 0.055650 
0.934165 0.057490 
0.933313 0.054857 
0.931303 0.046593 
0.937330 0.046270 
0.944349 0.042675 
0.933641 0.038658 
0.947862 0.041866 
0.955676 0.040848 
0.955185 0.040166 
0.953700 0.040120 
0.954321 0.039777 
0.950771 0.036032 
0.953225 0.037206 
0.954563 0.034407 
0.953887 0.037066 
0.947291 0.036970 
0.944014 0.038620 
0.944458 0.028472 
0.926115 0.042821 
0.932531 0.033891 
0.932458 0.025321 
0.937465 0.024513 
0.935952 0.013091 
0.944035 0.021096 
0.943771 0.017802 
0.940608 0.015403 
0.937948 0.011867 
0.940085 0.010804 
0.928997 0.010541 
0.923142 0.012057 
0.928667 0.055260 
0.919430 0.049142 
0.926944 0.050397 
0.932032 0.056043 
0.911994 0.036731 
0.915516 0.029142 
0.922338 0.019722 
0.921476 0.009607 
0.920218 0.040933 
0.934717 0.063793 
0.929048 0.057287 
0.954527 0.025377 
0.954626 0.030544 
0.952279 0.029060 
0.954682 0.032725 
0.953875 0.034311 
0.948665 0.032867 
0.945240 0.036763 
0.945224 0.038609 
0.948954 0.027308 
0.959177 0.015718 
0.957102 0.019851 
0.954541 0.016073 
0.952718 0.016730 
0.949312 0.009683 
0.948049 0.012150 
0.945406 0.012378 
0.946339 0.015448 
0.946496 0.018192 
0.947021 0.016920 
0.947525 0.022442 
0.952421 0.025076 
0.896760 0.157264 
0.892857 0.165096 
0.898239 0.147459 
0.899578 0.140531 
0.903316 0.137538 
0.904008 0.133819 
0.893148 0.142052 
0.888861 0.153619 
0.914120 0.066785 
0.957234 0.038010 
0.956705 0.036615 
0.992573 0.346497 
0.991565 0.350701 
0.984055 0.348986 
0.978120 0.372804 
0.976846 0.361091 
0.975110 0.350028 
0.973081 0.360832 
0.968137 0.351623 
0.966071 0.362857 
0.977389 0.383361 
0.967023 0.374065 
0.962900 0.365885 
0.963481 0.374549 
0.959502 0.376022 
0.960103 0.351338 
0.967327 0.382833 
0.967524 0.386984 
0.960934 0.394657 
0.962191 0.386926 
0.954750 0.395382 
0.955492 0.407483 
0.945691 0.395004 
0.952357 0.408159 
0.963389 0.408830 
0.942715 0.416420 
0.946133 0.419105 
0.941933 0.419159 
0.947355 0.430773 
0.945628 0.413087 
0.951672 0.427510 
0.960054 0.438588 
0.959606 0.423330 
0.954978 0.441493 
0.965641 0.431533 
0.965179 0.441013 
0.952935 0.350866 
0.952330 0.363355 
0.953782 0.347483 
0.955147 0.369536 
0.955458 0.378419 
0.952332 0.384271 
0.946887 0.383263 
0.951372 0.373272 
0.944924 0.377246 
0.948958 0.350920 
0.949817 0.347349 
0.968659 0.348430 
0.966971 0.443954 
0.963690 0.455961 
0.958540 0.446908 
0.968938 0.453730 
0.968088 0.466267 
0.971799 0.481267 
0.973535 0.498593 
0.973656 0.503306 
0.975673 0.511716 
0.971778 0.513716 
0.978301 0.535557 
0.970122 0.523072 
0.967797 0.537458 
0.976376 0.550130 
0.962157 0.524055 
0.967459 0.510703 
0.962868 0.507487 
0.971245 0.495367 
0.968635 0.492348 
0.970337 0.486888 
0.962965 0.487009 
0.964616 0.482258 
0.968999 0.479115 
0.960109 0.484512 
0.962049 0.472421 
0.964847 0.465166 
0.959008 0.492219 
0.957028 0.492729 
0.951433 0.480849 
0.953639 0.493528 
0.956864 0.478985 
0.959690 0.466274 
0.958323 0.504073 
0.952925 0.501046 
0.950650 0.497625 
0.950220 0.504890 
0.948997 0.497711 
0.948668 0.487444 
0.946969 0.473036 
0.944964 0.473079 
0.947096 0.467619 
0.945114 0.467829 
0.947855 0.464575 
0.945909 0.465013 
0.948243 0.461242 
0.948306 0.457529 
0.955603 0.462379 
0.952804 0.452005 
0.944360 0.438005 
0.944719 0.447565 
0.941732 0.436990 
0.940524 0.434020 
0.940672 0.438531 
0.943482 0.448908 
0.946676 0.458553 
0.946464 0.461943 
0.960241 0.524019 
0.953330 0.523186 
0.955669 0.536254 
0.954033 0.535734 
0.953834 0.512389 
0.952332 0.512321 
0.951018 0.512190 
0.982500 0.549140 
0.968088 0.562775 
0.962240 0.542576 
0.956307 0.543912 
0.958379 0.547011 
0.954574 0.548382 
0.960629 0.554967 
0.958229 0.561522 
0.984351 0.548652 
0.986489 0.550779 
0.986908 0.553212 
0.984136 0.558392 
0.991020 0.567681 
0.993461 0.582342 
0.992923 0.586447 
0.988150 0.585604 
0.989861 0.587142 
0.984871 0.576365 
0.977927 0.582874 
0.982115 0.567347 
0.982270 0.580476 
0.980322 0.586672 
0.984576 0.584018 
0.983986 0.587473 
0.986114 0.587061 
0.985068 0.589574 
0.982621 0.589329 
0.976375 0.590048 
0.977501 0.591455 
0.976274 0.588509 
0.974674 0.573163 
0.975120 0.557677 
0.974496 0.584675 
0.974935 0.581011 
0.974062 0.579226 
0.970020 0.576795 
0.973208 0.582518 
0.971127 0.581359 
0.970532 0.584375 
0.968767 0.590194 
0.964223 0.589114 
0.967563 0.584681 
0.963101 0.588879 
0.964369 0.582959 
0.962528 0.570531 
0.959938 0.579640 
0.960716 0.583583 
0.960501 0.562106 
0.958198 0.568217 
0.955450 0.564483 
0.951908 0.571807 
0.950450 0.579691 
0.948879 0.575673 
0.953332 0.582508 
0.954997 0.577798 
0.950244 0.581305 
0.948578 0.578705 
0.958188 0.578560 
0.957161 0.581579 
0.953063 0.584136 
0.955875 0.582979 
0.957040 0.583079 
0.955687 0.584451 
0.991044 0.556517 
0.980144 0.593969 
0.982376 0.593356 
0.986130 0.589252 
0.986374 0.588238 
0.987436 0.587088 
0.988481 0.587165 
0.992190 0.589272 
0.990126 0.588458 
0.992427 0.591640 
0.992460 0.592284 
0.993670 0.593425 
0.995802 0.601791 
0.994900 0.598406 
0.996008 0.605858 
0.994648 0.601885 
0.964207 0.590338 
0.966615 0.592405 
0.967784 0.592272 
0.970236 0.587309 
0.970556 0.590734 
0.973616 0.580963 
0.973324 0.584224 
0.974599 0.586447 
0.975420 0.588348 
0.954216 0.558256 
0.956225 0.558738 
0.962992 0.559980 
0.953035 0.547486 
0.954567 0.543256 
0.992604 0.593653 
0.991487 0.592442 
0.991181 0.589451 
0.765283 0.731112 
0.761938 0.734557 
0.759493 0.735273 
0.760597 0.743236 
0.763975 0.769227 
0.762551 0.761379 
0.984925 0.053695 
0.982109 0.047078 
0.982525 0.037591 
0.983040 0.029825 
0.978137 0.043385 
0.978605 0.053211 
0.977273 0.032066 
0.972592 0.049282 
0.974276 0.054108 
0.837751 0.824580 
0.835048 0.821365 
0.838894 0.820725 
0.837061 0.819183 
0.833841 0.817605 
0.836679 0.813086 
0.837875 0.810472 
0.834988 0.804428 
0.840159 0.804413 
0.837190 0.808102 
0.837476 0.802493 
0.835220 0.801938 
0.835862 0.799641 
0.837541 0.798915 
0.825808 0.773296 
0.827727 0.772515 
0.826963 0.773111 
0.828891 0.772893 
0.829960 0.772706 
0.830666 0.773436 
0.831446 0.773797 
0.831606 0.774686 
0.831529 0.775590 
0.831060 0.777851 
0.830502 0.778779 
0.831806 0.778342 
0.829041 0.780398 
0.830057 0.780190 
0.828209 0.781138 
0.827302 0.780639 
0.824452 0.777507 
0.825685 0.780082 
0.823781 0.779763 
0.824223 0.776489 
0.824746 0.775038 
0.823737 0.782851 
0.828376 0.786050 
0.831111 0.784571 
0.830683 0.788403 
0.828115 0.791900 
0.820433 0.797140 
0.821882 0.790620 
0.822078 0.797473 
0.825011 0.788792 
0.830716 0.817201 
0.830264 0.819088 
0.830703 0.819508 
0.832097 0.818364 
0.832216 0.821099 
0.830041 0.821523 
0.829896 0.822826 
0.825743 0.822495 
0.825735 0.825754 
0.828861 0.820395 
0.829598 0.820033 
0.829992 0.827392 
0.830890 0.825586 
0.823358 0.821187 
0.819058 0.819229 
0.822703 0.816731 
0.828149 0.814993 
0.828010 0.818401 
0.828857 0.808565 
0.824655 0.809676 
0.819947 0.810320 
0.819588 0.815901 
0.818846 0.815520 
0.819231 0.810165 
0.819555 0.807616 
0.820443 0.806850 
0.820618 0.802338 
0.822086 0.804732 
0.823873 0.802252 
0.825380 0.806352 
0.829488 0.801671 
0.828967 0.805026 
0.827525 0.799573 
0.820817 0.800445 
0.828290 0.796083 
0.829959 0.791282 
0.830069 0.798080 
0.829893 0.800087 
0.820258 0.798442 
0.828854 0.817892 
0.841247 0.796691 
0.840016 0.795094 
0.838983 0.791424 
0.836107 0.798078 
0.837469 0.789924 
0.838823 0.786762 
0.834477 0.810975 
0.834301 0.809521 
0.835130 0.809435 
0.834866 0.807965 
0.838217 0.785913 
0.840100 0.784998 
0.839753 0.783749 
0.841137 0.783494 
0.839170 0.783942 
0.838798 0.784341 
0.517343 0.826519 
0.513996 0.827001 
0.520045 0.827701 
0.518524 0.827722 
0.518392 0.831218 
0.515423 0.829346 
0.519999 0.829822 
0.516682 0.833210 
0.515563 0.832003 
0.520936 0.834339 
0.515930 0.835309 
0.518843 0.841878 
0.515242 0.841357 
0.515177 0.835310 
0.521042 0.843099 
0.520855 0.840429 
0.512702 0.829118 
0.983993 0.802940 
0.976464 0.800390 
0.980470 0.804181 
0.984763 0.805110 
0.982355 0.807004 
0.983541 0.806843 
0.978900 0.809143 
0.976465 0.810040 
0.975662 0.808213 
0.976131 0.811614 
0.978341 0.811255 
0.976210 0.812751 
0.979628 0.816096 
0.976153 0.814521 
0.978445 0.813252 
0.980665 0.812509 
0.979253 0.811737 
0.983221 0.811484 
0.981993 0.810947 
0.983127 0.810829 
0.981319 0.809716 
0.984476 0.811344 
0.985141 0.812700 
0.985595 0.811229 
0.985708 0.813107 
0.984518 0.818404 
0.985319 0.820818 
0.977449 0.819249 
0.979837 0.818914 
0.980444 0.827499 
0.977817 0.824768 
0.982578 0.823134 
0.979312 0.822446 
0.976538 0.824124 
0.976920 0.827805 
0.978764 0.832188 
0.985140 0.826635 
0.976123 0.804991 
0.983005 0.828732 
0.985647 0.833927 
0.981738 0.835809 
0.979209 0.838053 
0.977885 0.833621 
0.982174 0.838815 
0.986144 0.838150 
0.982059 0.839477 
0.983254 0.839478 
0.985411 0.808816 
0.984687 0.807716 
0.985330 0.808027 
0.986159 0.805253 
0.985432 0.806266 
0.986262 0.799058 
0.985316 0.824339 
0.974991 0.236471 
0.972997 0.230542 
0.975028 0.227522 
0.974949 0.226607 
0.971964 0.224306 
0.969818 0.224595 
0.968669 0.230042 
0.968147 0.229936 
0.967816 0.227042 
0.968526 0.233818 
0.972092 0.240812 
0.969463 0.240519 
0.974203 0.239103 
0.972396 0.237939 
0.968708 0.215460 
0.972325 0.218475 
0.968256 0.218831 
0.972106 0.221769 
0.971753 0.208106 
0.971754 0.205023 
0.975183 0.197887 
0.969397 0.210220 
0.969589 0.206957 
0.968003 0.221180 
0.967751 0.222989 
0.971902 0.197807 
0.972750 0.196017 
0.973532 0.194580 
0.974473 0.192601 
0.974809 0.191924 
0.976175 0.192252 
0.970919 0.242162 
0.969832 0.241858 
0.867250 0.823703 
0.861748 0.823529 
0.866606 0.811953 
0.862277 0.818873 
0.861435 0.818566 
0.861932 0.810939 
0.868162 0.816063 
0.867830 0.806804 
0.863168 0.807538 
0.862816 0.810910 
0.869629 0.801605 
0.868073 0.804525 
0.863226 0.802944 
0.863620 0.800826 
0.864748 0.797431 
0.867723 0.789954 
0.868239 0.798093 
0.871227 0.790083 
0.868116 0.786482 
0.864482 0.794139 
0.865031 0.786421 
0.863094 0.799192 
0.863099 0.797613 
0.865780 0.782595 
0.867520 0.781282 
0.870460 0.782014 
0.872442 0.781049 
0.872110 0.780755 
0.872999 0.779498 
0.869560 0.781405 
0.871376 0.781228 
0.867919 0.780704 
0.866761 0.779200 
0.863358 0.805672 
0.862218 0.809376 
0.873907 0.817933 
0.873635 0.821079 
0.872858 0.822111 
0.874015 0.822036 
0.870770 0.823500 
0.870037 0.826045 
0.872809 0.825471 
0.872625 0.828325 
0.874154 0.775051 
0.871613 0.772977 
0.872730 0.772828 
0.870434 0.772494 
0.868424 0.773233 
0.869618 0.773102 
0.867241 0.775083 
0.868076 0.774037 
0.867117 0.775965 
0.768453 0.588614 
0.768432 0.599905 
0.767457 0.606943 
0.766246 0.609639 
0.769815 0.610383 
0.769434 0.608141 
0.770288 0.616035 
0.769340 0.624346 
0.772369 0.588480 
0.771129 0.587478 
0.771491 0.591286 
0.769859 0.595458 
0.774105 0.637789 
0.771520 0.586299 
0.770354 0.585962 
0.771220 0.584018 
0.767784 0.648900 
0.767195 0.649628 
0.767656 0.653484 
0.768383 0.653101 
0.771154 0.656642 
0.768335 0.657293 
0.769820 0.646709 
0.765508 0.650409 
0.765762 0.650814 
0.771490 0.664105 
0.771528 0.661061 
0.766928 0.664592 
0.767688 0.661174 
0.769000 0.644562 
0.770803 0.642415 
0.877354 0.826221 
0.775150 0.652964 
0.775126 0.654586 
0.972871 0.834870 
0.972398 0.832170 
0.838027 0.834301 
0.774817 0.650001 
0.774891 0.651692 
0.961161 0.835681 
0.961927 0.831236 
0.591879 0.837665 
0.591837 0.834707 
0.593320 0.836874 
0.597235 0.838252 
0.595720 0.841334 
0.593940 0.833496 
0.975775 0.191807 
0.977732 0.188930 
0.977235 0.190849 
0.974884 0.179769 
0.975561 0.182394 
0.972897 0.182555 
0.975407 0.158321 
0.973264 0.156288 
0.973611 0.149784 
0.976264 0.153072 
0.972380 0.152114 
0.972875 0.149495 
0.974548 0.148964 
0.973678 0.146332 
0.977352 0.150094 
0.969551 0.161776 
0.971708 0.164600 
0.974848 0.159964 
0.974519 0.163203 
0.974060 0.165095 
0.972304 0.166960 
0.971586 0.171983 
0.973328 0.168924 
0.973404 0.171972 
0.972153 0.176288 
0.975615 0.173598 
0.975448 0.168298 
0.975241 0.160865 
0.976769 0.243901 
0.974317 0.247125 
0.977505 0.245240 
0.977022 0.251630 
0.977035 0.243330 
0.974443 0.255974 
0.972929 0.253195 
0.972406 0.249785 
0.971819 0.273995 
0.973471 0.282014 
0.970096 0.277641 
0.975769 0.277905 
0.974611 0.274445 
0.970378 0.282790 
0.974035 0.286419 
0.977446 0.284808 
0.970311 0.270779 
0.973300 0.267545 
0.971120 0.262655 
0.975091 0.263457 
0.973107 0.258155 
0.974728 0.260189 
0.974475 0.258526 
0.971039 0.255907 
0.973903 0.270200 
0.973657 0.269553 
0.974352 0.268482 
0.872560 0.836565 
0.874503 0.835490 
0.762665 0.840469 
0.762881 0.832449 
0.760485 0.829708 
0.761410 0.827653 
0.764550 0.826381 
0.764960 0.829402 
0.760904 0.824067 
0.763039 0.820011 
0.758491 0.821787 
0.757137 0.809477 
0.763709 0.807233 
0.761721 0.814311 
0.757351 0.812979 
0.758466 0.816365 
0.760327 0.817356 
0.758888 0.817386 
0.762939 0.817297 
0.764239 0.817246 
0.758144 0.818815 
0.757523 0.820152 
0.760344 0.818148 
0.761717 0.818975 
0.761672 0.818082 
0.762968 0.818077 
0.759332 0.820344 
0.987211 0.719388 
0.985547 0.725998 
0.988359 0.721359 
0.990065 0.723709 
0.985706 0.728583 
0.984649 0.731231 
0.986879 0.730777 
0.987105 0.731610 
0.988926 0.729540 
0.989355 0.730474 
0.988939 0.735801 
0.986373 0.739521 
0.988008 0.743493 
0.988688 0.738382 
0.988597 0.740451 
0.987090 0.747587 
0.990056 0.748322 
0.989638 0.743020 
0.990343 0.746171 
0.989377 0.749547 
0.768283 0.804205 
0.769755 0.808781 
0.773125 0.810124 
0.769100 0.812448 
0.772505 0.814306 
0.769288 0.814607 
0.768247 0.813940 
0.770304 0.815330 
0.769437 0.818034 
0.771314 0.816218 
0.773565 0.816368 
0.773063 0.815366 
0.773269 0.821284 
0.773200 0.823771 
0.772032 0.825613 
0.772132 0.829284 
0.771010 0.831980 
0.771292 0.835064 
0.774056 0.800768 
0.876050 0.830727 
0.879008 0.829064 
0.878828 0.830812 
0.878096 0.833192 
0.879587 0.830814 
0.879587 0.832929 
0.983785 0.172989 
0.985924 0.171711 
0.982013 0.167708 
0.982782 0.165885 
0.981212 0.170999 
0.979151 0.166631 
0.979505 0.165374 
0.981568 0.156556 
0.982725 0.159860 
0.980256 0.162382 
0.986158 0.161399 
0.986207 0.159228 
0.982870 0.164400 
0.985539 0.164296 
0.980125 0.148659 
0.982584 0.153754 
0.986083 0.155030 
0.981851 0.153213 
0.984638 0.153357 
0.979884 0.154109 
0.979844 0.282854 
0.981429 0.276015 
0.984263 0.279799 
0.982104 0.271797 
0.979679 0.265773 
0.983730 0.260792 
0.979789 0.261277 
0.980828 0.268501 
0.480987 0.835228 
0.477275 0.832014 
0.480872 0.829534 
0.480428 0.825401 
0.575024 0.825937 
0.775275 0.638849 
0.254536 0.781284 
0.256676 0.780349 
0.246300 0.777747 
0.254421 0.777450 
0.235340 0.772068 
0.226052 0.767008 
0.218166 0.764343 
0.224601 0.767679 
0.208867 0.759500 
0.213248 0.763166 
0.195968 0.750003 
0.192713 0.757003 
0.211356 0.763522 
0.204372 0.764095 
0.210413 0.765675 
0.198320 0.762312 
0.192430 0.760135 
0.186569 0.757550 
0.185124 0.752659 
0.180648 0.754688 
0.183641 0.756889 
0.177858 0.752561 
0.189638 0.759655 
0.218191 0.761249 
0.251973 0.774077 
0.256539 0.775963 
0.255590 0.770711 
0.226558 0.759352 
0.204941 0.751003 
0.210963 0.750056 
0.201602 0.741424 
0.216310 0.744464 
0.229320 0.749144 
0.222071 0.743811 
0.235846 0.745939 
0.226718 0.742200 
0.230735 0.747710 
0.251329 0.753757 
0.259106 0.760041 
0.246328 0.759215 
0.259229 0.765541 
0.261905 0.761689 
0.259443 0.745244 
0.241439 0.740453 
0.253843 0.745155 
0.266606 0.748910 
0.260532 0.744266 
0.269203 0.747081 
0.243908 0.745381 
0.261332 0.752763 
0.264511 0.754317 
0.227301 0.737656 
0.230737 0.736573 
0.215216 0.729917 
0.213458 0.734332 
0.222461 0.731953 
0.210944 0.740319 
0.196275 0.733427 
0.189588 0.733873 
0.192296 0.741676 
0.183532 0.744973 
0.165620 0.731058 
0.164329 0.740518 
0.161709 0.731714 
0.147913 0.732156 
0.154673 0.722916 
0.152258 0.736524 
0.159182 0.740199 
0.153218 0.738281 
0.149112 0.735510 
0.162103 0.743729 
0.165258 0.744569 
0.168597 0.745319 
0.172812 0.748737 
0.169481 0.747955 
0.195656 0.762063 
0.201818 0.764058 
0.208044 0.765767 
0.212648 0.765482 
0.214698 0.765195 
0.216209 0.767168 
0.214118 0.767348 
0.216510 0.764827 
0.144575 0.729451 
0.141771 0.726670 
0.141609 0.728371 
0.136561 0.722720 
0.136149 0.724466 
0.144751 0.731113 
0.140181 0.716118 
0.164628 0.724086 
0.157628 0.719402 
0.160788 0.716152 
0.161871 0.718710 
0.165876 0.717832 
0.162507 0.714378 
0.149823 0.714930 
0.141104 0.704881 
0.146444 0.713937 
0.136587 0.710774 
0.151426 0.708380 
0.151097 0.702774 
0.166272 0.710299 
0.165207 0.702664 
0.150711 0.697827 
0.180351 0.710010 
0.181245 0.714527 
0.174680 0.725122 
0.183085 0.735278 
0.178818 0.730781 
0.188230 0.729072 
0.194420 0.729771 
0.192669 0.723665 
0.199687 0.727278 
0.208233 0.726569 
0.202387 0.722793 
0.208247 0.724855 
0.196090 0.719704 
0.201890 0.721225 
0.194267 0.717919 
0.189521 0.717336 
0.180176 0.719313 
0.131088 0.720272 
0.131617 0.718519 
0.126452 0.716153 
0.121281 0.712258 
0.120968 0.713797 
0.115999 0.707600 
0.115618 0.709228 
0.104171 0.698785 
0.100511 0.698338 
0.093684 0.694208 
0.090648 0.690787 
0.093506 0.695517 
0.083241 0.689435 
0.079628 0.680287 
0.088686 0.685872 
0.086542 0.682526 
0.084631 0.679291 
0.115008 0.700807 
0.103435 0.689892 
0.096725 0.686296 
0.111238 0.691397 
0.122247 0.702178 
0.114236 0.702575 
0.123181 0.707242 
0.144079 0.700301 
0.121286 0.696290 
0.135085 0.694126 
0.182181 0.708551 
0.184563 0.710686 
0.184586 0.711873 
0.190680 0.714368 
0.196166 0.715803 
0.197897 0.718786 
0.190346 0.713312 
0.125791 0.695500 
0.119119 0.692443 
0.123680 0.691767 
0.118359 0.687191 
0.115757 0.690906 
0.101046 0.686315 
0.101331 0.680252 
0.093792 0.678367 
0.089747 0.678104 
0.081875 0.672011 
0.088627 0.679539 
0.082799 0.676174 
0.080835 0.673217 
0.073745 0.671216 
0.073055 0.667630 
0.067511 0.666158 
0.071633 0.673545 
0.066190 0.680216 
0.082981 0.690565 
0.124919 0.689839 
0.119821 0.685922 
0.094881 0.677157 
0.214806 0.728348 
0.016968 0.646837 
0.010897 0.645355 
0.018054 0.650882 
0.026242 0.653868 
0.032584 0.658247 
0.038873 0.659560 
0.031676 0.653539 
0.038821 0.661047 
0.041338 0.663426 
0.039000 0.662527 
0.042198 0.657432 
0.037034 0.649764 
0.027069 0.649010 
0.011070 0.639985 
0.016733 0.642998 
0.020086 0.642516 
0.007970 0.643000 
0.010159 0.645624 
0.006418 0.640624 
0.008178 0.638343 
0.005654 0.637518 
0.006184 0.633401 
0.004915 0.633600 
0.004123 0.632451 
0.003864 0.630968 
0.002127 0.628080 
0.004842 0.629740 
0.009632 0.632209 
0.007563 0.628322 
0.004734 0.627293 
0.010752 0.629841 
0.011074 0.636987 
0.013102 0.637598 
0.013449 0.635815 
0.014302 0.637170 
0.014574 0.637936 
0.015454 0.640312 
0.031450 0.646109 
0.043918 0.649517 
0.025837 0.644926 
0.055077 0.654625 
0.056147 0.653925 
0.048908 0.651081 
0.055329 0.657400 
0.051714 0.657445 
0.054978 0.661764 
0.061292 0.666125 
0.060958 0.662779 
0.069440 0.664097 
0.058913 0.657542 
0.059931 0.656726 
0.070400 0.663111 
0.055594 0.670769 
0.044473 0.665526 
0.042110 0.665291 
0.047831 0.663548 
0.055826 0.673431 
0.074040 0.666602 
0.005408 0.622717 
0.006517 0.625175 
0.008272 0.623233 
0.008370 0.622079 
0.008073 0.625197 
0.008549 0.626521 
0.004127 0.625705 
0.002934 0.623982 
0.002360 0.625064 
0.003670 0.611684 
0.003659 0.617583 
0.005530 0.614422 
0.006250 0.617032 
0.006905 0.618285 
0.001511 0.619197 
0.000000 0.615615 
0.000240 0.614692 
0.006089 0.612104 
0.006058 0.613087 
0.005847 0.607911 
0.002688 0.605853 
0.001505 0.610532 
0.004984 0.605924 
0.002783 0.605116 
0.001649 0.606275 
0.000771 0.610583 
0.020292 0.641989 
0.907420 0.434486 
0.911478 0.421551 
0.904568 0.422144 
0.914612 0.434092 
0.900968 0.431623 
0.901850 0.418337 
0.898079 0.432705 
0.898091 0.437177 
0.898996 0.419172 
0.895508 0.434041 
0.896763 0.451918 
0.918660 0.425813 
0.918819 0.421638 
0.917761 0.443300 
0.925288 0.426512 
0.904490 0.448281 
0.901060 0.440355 
0.905411 0.462318 
0.910702 0.452342 
0.899623 0.454764 
0.900940 0.463681 
0.912466 0.466833 
0.906476 0.475213 
0.896260 0.462642 
0.895392 0.468521 
0.894539 0.464065 
0.894738 0.453608 
0.894461 0.473768 
0.900930 0.471882 
0.893745 0.469261 
0.895167 0.478838 
0.891057 0.471240 
0.890828 0.474806 
0.888170 0.470684 
0.886294 0.476537 
0.890298 0.483085 
0.884550 0.484488 
0.883513 0.482324 
0.890648 0.493555 
0.898141 0.486805 
0.909515 0.494885 
0.902286 0.485308 
0.906914 0.485999 
0.902240 0.499869 
0.889729 0.503741 
0.882809 0.493305 
0.881750 0.503289 
0.881583 0.490969 
0.880268 0.500636 
0.888871 0.519631 
0.881491 0.513985 
0.879790 0.511001 
0.884236 0.528866 
0.886847 0.533018 
0.887610 0.528676 
0.896664 0.534918 
0.890103 0.537870 
0.882685 0.521237 
0.880702 0.517835 
0.881969 0.525044 
0.883366 0.532503 
0.885667 0.536674 
0.884382 0.539907 
0.887871 0.548617 
0.895539 0.559645 
0.886329 0.551077 
0.892496 0.566981 
0.890714 0.568523 
0.891783 0.577800 
0.893716 0.586248 
0.899238 0.572857 
0.892077 0.587574 
0.895041 0.595138 
0.893384 0.596269 
0.896792 0.607569 
0.894868 0.599941 
0.894972 0.608522 
0.904793 0.581558 
0.902919 0.571562 
0.904839 0.576342 
0.900637 0.592674 
0.906239 0.586935 
0.905366 0.616440 
0.899590 0.624520 
0.907642 0.601256 
0.909196 0.618803 
0.909058 0.601282 
0.909183 0.582477 
0.907840 0.582033 
0.906385 0.581690 
0.906404 0.576508 
0.907395 0.567266 
0.909199 0.577396 
0.909081 0.572500 
0.908895 0.567775 
0.910309 0.563593 
0.905852 0.566828 
0.900162 0.562611 
0.904762 0.549280 
0.902439 0.529209 
0.896211 0.512133 
0.924484 0.439841 
0.918204 0.462383 
0.922760 0.453509 
0.920541 0.462537 
0.915900 0.470965 
0.912209 0.481589 
0.913019 0.484008 
0.915445 0.480313 
0.914642 0.483219 
0.912436 0.487158 
0.919980 0.489335 
0.919148 0.479685 
0.917419 0.481807 
0.921348 0.478128 
0.920311 0.477352 
0.918054 0.479555 
0.921889 0.483118 
0.923308 0.480558 
0.921542 0.486976 
0.922952 0.484529 
0.916139 0.494288 
0.906299 0.506029 
0.918866 0.502547 
0.918506 0.505743 
0.907493 0.531037 
0.906844 0.545827 
0.912198 0.554898 
0.909354 0.538854 
0.910381 0.568199 
0.910460 0.572959 
0.913720 0.559065 
0.916070 0.550522 
0.913346 0.568446 
0.916501 0.546658 
0.916069 0.535720 
0.916552 0.532048 
0.921644 0.494159 
0.921999 0.500326 
0.923520 0.495138 
0.921354 0.490621 
0.922852 0.491720 
0.922756 0.488236 
0.920870 0.509494 
0.924287 0.501208 
0.922924 0.513448 
0.921075 0.528238 
0.918597 0.531960 
0.918210 0.546607 
0.915333 0.558926 
0.911882 0.568382 
0.897439 0.618576 
0.895547 0.619436 
0.895818 0.625802 
0.897645 0.625114 
0.906455 0.626631 
0.912107 0.623895 
0.910645 0.618412 
0.910564 0.624354 
0.912960 0.629699 
0.914360 0.629298 
0.910864 0.633059 
0.912433 0.641619 
0.903612 0.637392 
0.904067 0.644654 
0.902726 0.632722 
0.902545 0.644866 
0.917527 0.634005 
0.915351 0.634383 
0.920727 0.638028 
0.926531 0.642734 
0.922554 0.637528 
0.925020 0.652112 
0.931728 0.650056 
0.930824 0.655124 
0.933728 0.655593 
0.926779 0.655331 
0.924391 0.656597 
0.922013 0.653254 
0.922708 0.657791 
0.921316 0.656003 
0.912711 0.649462 
0.919196 0.646417 
0.911793 0.654283 
0.917554 0.652741 
0.906223 0.650328 
0.903276 0.660414 
0.899607 0.655333 
0.900941 0.651774 
0.902165 0.651284 
0.899725 0.660443 
0.904570 0.666450 
0.910009 0.658765 
0.913993 0.658801 
0.909762 0.664390 
0.911686 0.663234 
0.908986 0.668208 
0.910337 0.665206 
0.914783 0.661667 
0.916766 0.661427 
0.921363 0.659678 
0.920604 0.661160 
0.922293 0.659903 
0.922085 0.660731 
0.921359 0.658689 
0.919721 0.657268 
0.919971 0.655130 
0.921153 0.656606 
0.934643 0.655484 
0.932818 0.650069 
0.931382 0.659576 
0.934286 0.660754 
0.932276 0.662353 
0.935669 0.663333 
0.933975 0.667850 
0.927050 0.667579 
0.929797 0.668800 
0.925322 0.660351 
0.924975 0.657559 
0.927986 0.642419 
0.898623 0.661439 
0.898700 0.665498 
0.898932 0.669069 
0.897920 0.669819 
0.898125 0.671207 
0.903140 0.673803 
0.898845 0.674366 
0.898084 0.674918 
0.902208 0.677350 
0.908117 0.681741 
0.906400 0.688467 
0.907797 0.676084 
0.909226 0.677351 
0.909041 0.676454 
0.911597 0.684892 
0.902583 0.683790 
0.905938 0.689993 
0.911324 0.692005 
0.906787 0.692724 
0.910153 0.694244 
0.915510 0.696473 
0.913899 0.698234 
0.918533 0.700620 
0.914445 0.701783 
0.916127 0.703468 
0.912033 0.698364 
0.911196 0.698283 
0.909472 0.696289 
0.907089 0.694726 
0.911331 0.689942 
0.913074 0.691286 
0.915312 0.693036 
0.913153 0.688194 
0.914239 0.691860 
0.899349 0.630608 
0.900858 0.633020 
0.899104 0.633414 
0.902202 0.635328 
0.900466 0.635631 
0.901798 0.637667 
0.897573 0.631109 
0.927374 0.713199 
0.927636 0.713551 
0.928630 0.714215 
0.929460 0.714896 
0.930805 0.715073 
0.929478 0.711193 
0.930946 0.712560 
0.931485 0.713764 
0.930420 0.716068 
0.923286 0.707889 
0.927117 0.708529 
0.920383 0.704089 
0.920221 0.700648 
0.921016 0.702750 
0.909540 0.672599 
0.916121 0.694508 
0.923217 0.705707 
0.922307 0.704659 
0.909781 0.668900 
0.906884 0.670030 
0.931300 0.671947 
0.931691 0.669643 
0.931054 0.673192 
0.932055 0.674966 
0.931556 0.671071 
0.930099 0.674144 
0.932999 0.668379 
0.936403 0.661264 
0.935775 0.658523 
0.927563 0.241598 
0.931869 0.245218 
0.928492 0.224892 
0.920254 0.235034 
0.920393 0.222405 
0.926852 0.216523 
0.916031 0.207915 
0.926576 0.203225 
0.894305 0.240451 
0.888643 0.236024 
0.890164 0.220960 
0.886552 0.205157 
0.905948 0.241456 
0.900927 0.223702 
0.895605 0.202673 
0.903143 0.204933 
0.907907 0.221047 
0.907603 0.209431 
0.907878 0.202449 
0.913898 0.199545 
0.904992 0.197052 
0.898237 0.197065 
0.908783 0.191359 
0.905201 0.186192 
0.904750 0.177324 
0.895344 0.187812 
0.887611 0.181702 
0.897134 0.180680 
0.910628 0.165723 
0.914898 0.154822 
0.906647 0.155848 
0.913854 0.144813 
0.902348 0.162029 
0.908707 0.141720 
0.917376 0.133282 
0.919755 0.128713 
0.920109 0.120187 
0.921451 0.105809 
0.918275 0.110899 
0.910357 0.121247 
0.912714 0.110920 
0.918157 0.096480 
0.909294 0.105539 
0.923044 0.110223 
0.926993 0.108982 
0.924923 0.100647 
0.932158 0.094652 
0.929811 0.091064 
0.933119 0.086459 
0.934886 0.085939 
0.910804 0.100246 
0.916517 0.092095 
0.913550 0.091789 
0.919107 0.084714 
0.922021 0.084621 
0.910675 0.091216 
0.907990 0.090447 
0.903082 0.096082 
0.897069 0.117770 
0.896644 0.139695 
0.900363 0.136977 
0.905237 0.113880 
0.903070 0.108219 
0.899731 0.115398 
0.907962 0.098950 
0.915026 0.241323 
0.917457 0.244001 
0.911445 0.240823 
0.909422 0.240717 
0.908842 0.243104 
0.910540 0.242279 
0.912416 0.243216 
0.909304 0.074492 
0.912584 0.072180 
0.908066 0.083399 
0.911771 0.080991 
0.911994 0.087681 
0.916173 0.084649 
0.923550 0.072805 
0.936405 0.076508 
0.928884 0.087366 
0.932983 0.074545 
0.936525 0.071255 
0.935358 0.068889 
0.937804 0.068494 
0.930853 0.066996 
0.938737 0.070718 
0.933803 0.066539 
0.936574 0.066259 
0.920808 0.058071 
0.925060 0.065471 
0.914943 0.055652 
0.918317 0.061297 
0.916829 0.064913 
0.911095 0.018409 
0.914332 0.020070 
0.914392 0.010575 
0.916764 0.011186 
0.918323 0.008416 
0.919559 0.008922 
0.919414 0.006991 
0.924572 0.007029 
0.921514 0.004835 
0.920920 0.006587 
0.924497 0.009413 
0.932426 0.009271 
0.930125 0.006870 
0.928795 0.007409 
0.933071 0.006466 
0.934124 0.005119 
0.933157 0.005357 
0.935434 0.005251 
0.935279 0.004407 
0.935565 0.004342 
0.938234 0.005150 
0.938525 0.006904 
0.939112 0.005703 
0.941637 0.006944 
0.944949 0.009248 
0.943045 0.006927 
0.948874 0.006861 
0.946817 0.006941 
0.946294 0.008331 
0.948263 0.005929 
0.949312 0.009683 
0.950314 0.007169 
0.951929 0.007046 
0.949172 0.006170 
0.954437 0.009545 
0.951987 0.010017 
0.954744 0.011383 
0.957597 0.016199 
0.958876 0.012208 
0.956845 0.010112 
0.959017 0.011226 
0.955423 0.005153 
0.959165 0.006467 
0.959699 0.004782 
0.956730 0.000443 
0.959516 0.001267 
0.957679 0.000236 
0.961661 0.003348 
0.958560 0.001787 
0.960730 0.005000 
0.889472 0.195189 
0.957289 0.046938 
0.960232 0.042156 
0.959242 0.042013 
0.955676 0.040848 
0.953633 0.049100 
0.955072 0.049561 
0.946086 0.050397 
0.947560 0.053318 
0.941672 0.054556 
0.943336 0.055650 
0.932032 0.056043 
0.934165 0.057490 
0.938986 0.051082 
0.932529 0.052033 
0.932827 0.046770 
0.944349 0.042675 
0.944014 0.038620 
0.947862 0.041866 
0.954321 0.039777 
0.947523 0.040231 
0.953887 0.037066 
0.949927 0.035906 
0.954563 0.034407 
0.947291 0.036970 
0.939609 0.030144 
0.933641 0.038658 
0.945240 0.036763 
0.925915 0.040689 
0.935640 0.027800 
0.929434 0.031926 
0.935952 0.013091 
0.929958 0.025789 
0.943744 0.025021 
0.944035 0.021096 
0.940067 0.013719 
0.942362 0.009963 
0.940085 0.010804 
0.935728 0.009058 
0.930563 0.010519 
0.937948 0.011867 
0.925229 0.013087 
0.917785 0.033172 
0.917301 0.021136 
0.919971 0.037051 
0.926944 0.050397 
0.923811 0.052483 
0.917734 0.049203 
0.927258 0.057646 
0.932777 0.062052 
0.934717 0.063793 
0.914188 0.041172 
0.911980 0.028824 
0.916562 0.043240 
0.952930 0.027060 
0.954626 0.030544 
0.954682 0.032725 
0.953786 0.032374 
0.953875 0.034311 
0.950202 0.028902 
0.945224 0.038609 
0.946815 0.032269 
0.949065 0.024559 
0.920413 0.004600 
0.920403 0.005622 
0.960590 0.002165 
0.961229 0.001832 
0.959813 0.017191 
0.960972 0.011954 
0.958259 0.017792 
0.950630 0.014809 
0.952718 0.016730 
0.947150 0.011830 
0.943771 0.017802 
0.948515 0.020537 
0.946339 0.015448 
0.947021 0.016920 
0.957102 0.019851 
0.955271 0.022615 
0.951999 0.023983 
0.895929 0.163355 
0.901015 0.168122 
0.899312 0.161305 
0.904592 0.148712 
0.897680 0.150815 
0.898239 0.147459 
0.894226 0.153037 
0.888598 0.156627 
0.887462 0.170510 
0.891156 0.173212 
0.922154 0.067797 
0.958845 0.031839 
0.958326 0.032830 
0.960925 0.035982 
0.959356 0.029117 
0.958241 0.031433 
0.960046 0.029457 
0.958883 0.035160 
0.962046 0.038708 
0.957234 0.038010 
0.957138 0.036144 
0.980518 0.346026 
0.989496 0.347567 
0.990637 0.343629 
0.994709 0.349556 
0.985512 0.368678 
0.979690 0.357196 
0.979867 0.377065 
0.974949 0.360910 
0.968051 0.365294 
0.977392 0.349755 
0.971708 0.344740 
0.965738 0.355937 
0.978242 0.346330 
0.976619 0.343603 
0.973284 0.386677 
0.967327 0.382833 
0.960940 0.373539 
0.957487 0.369584 
0.959791 0.360710 
0.960103 0.351338 
0.964999 0.346486 
0.967524 0.386984 
0.962526 0.397200 
0.962191 0.386926 
0.956961 0.375562 
0.953634 0.404675 
0.957437 0.410335 
0.949282 0.390571 
0.962359 0.412365 
0.949348 0.408918 
0.942112 0.424762 
0.947355 0.430773 
0.946133 0.419105 
0.955223 0.417448 
0.942715 0.416420 
0.945628 0.413087 
0.941933 0.419159 
0.945374 0.401006 
0.958426 0.441454 
0.961737 0.426172 
0.963777 0.449973 
0.966472 0.437758 
0.953782 0.347483 
0.959379 0.346867 
0.954576 0.344051 
0.950585 0.343768 
0.946324 0.365385 
0.952330 0.363355 
0.955147 0.369536 
0.952002 0.368092 
0.952978 0.378437 
0.946955 0.375886 
0.949711 0.369578 
0.944063 0.375515 
0.967210 0.471965 
0.973535 0.498593 
0.973656 0.503306 
0.975559 0.506884 
0.973714 0.508072 
0.978734 0.523890 
0.973913 0.517374 
0.979303 0.541439 
0.965775 0.519799 
0.966884 0.531194 
0.969614 0.509975 
0.971716 0.509100 
0.964796 0.502678 
0.969045 0.496564 
0.971515 0.499837 
0.968635 0.492348 
0.966047 0.477266 
0.964616 0.482258 
0.962965 0.487009 
0.958798 0.478114 
0.962896 0.467381 
0.956563 0.489214 
0.952769 0.477499 
0.956154 0.500499 
0.958736 0.508091 
0.948668 0.487444 
0.950220 0.504890 
0.950650 0.497625 
0.948997 0.497711 
0.946969 0.473036 
0.947096 0.467619 
0.945114 0.467829 
0.947855 0.464575 
0.945909 0.465013 
0.954355 0.459640 
0.948243 0.461242 
0.948306 0.457529 
0.960243 0.455496 
0.941732 0.436990 
0.949426 0.446490 
0.944719 0.447565 
0.940672 0.438531 
0.943482 0.448908 
0.946676 0.458553 
0.946464 0.461943 
0.965288 0.534522 
0.961476 0.516163 
0.952332 0.512321 
0.953330 0.523186 
0.961919 0.539989 
0.951018 0.512190 
0.944964 0.473079 
0.978117 0.547289 
0.973849 0.547731 
0.965220 0.552869 
0.957891 0.563569 
0.955669 0.536254 
0.954033 0.535734 
0.956137 0.541410 
0.956307 0.543912 
0.975120 0.557677 
0.980543 0.549559 
0.986908 0.553212 
0.981699 0.556779 
0.991020 0.567681 
0.980619 0.561852 
0.987837 0.577432 
0.993357 0.575654 
0.993461 0.582342 
0.989160 0.583651 
0.993147 0.587840 
0.989861 0.587142 
0.984001 0.578310 
0.984046 0.576320 
0.983691 0.574443 
0.981777 0.572529 
0.984349 0.585799 
0.978836 0.580638 
0.985068 0.589574 
0.986374 0.588238 
0.982621 0.589329 
0.979415 0.588533 
0.982823 0.590488 
0.977501 0.591455 
0.974599 0.586447 
0.977020 0.584949 
0.973133 0.576245 
0.970858 0.566082 
0.973208 0.582518 
0.974496 0.584675 
0.970519 0.578191 
0.969818 0.574402 
0.971127 0.581359 
0.969196 0.582898 
0.970532 0.584375 
0.965424 0.586326 
0.967666 0.589175 
0.963101 0.588879 
0.960716 0.583583 
0.964369 0.582959 
0.967862 0.574764 
0.965469 0.560155 
0.961506 0.582296 
0.960087 0.578053 
0.960606 0.573194 
0.958188 0.578560 
0.952071 0.576870 
0.953960 0.562223 
0.950450 0.579691 
0.951506 0.580133 
0.948578 0.578705 
0.953332 0.582508 
0.950244 0.581305 
0.955687 0.584451 
0.953063 0.584136 
0.993033 0.558043 
0.993062 0.564567 
0.981307 0.593701 
0.980144 0.593969 
0.982376 0.593356 
0.986130 0.589252 
0.987110 0.585586 
0.988150 0.585604 
0.987436 0.587088 
0.988481 0.587165 
0.991181 0.589451 
0.990126 0.588458 
0.992427 0.591640 
0.992460 0.592284 
0.993670 0.593425 
0.995213 0.599550 
0.996008 0.605858 
0.964207 0.590338 
0.966615 0.592405 
0.967784 0.592272 
0.968767 0.590194 
0.970361 0.588604 
0.970795 0.587269 
0.970556 0.590734 
0.973324 0.584224 
0.948879 0.575673 
0.954574 0.548382 
0.953035 0.547486 
0.954567 0.543256 
0.992604 0.593653 
0.991487 0.592442 
0.959938 0.579640 
0.959795 0.581258 
0.766572 0.733150 
0.761938 0.734557 
0.763065 0.751060 
0.759404 0.757096 
0.758848 0.754744 
0.763534 0.766673 
0.766822 0.787867 
0.985411 0.072919 
0.983023 0.054274 
0.978313 0.047828 
0.982109 0.047078 
0.978726 0.035747 
0.982525 0.037591 
0.981449 0.026562 
0.977540 0.030212 
0.981499 0.021191 
0.972697 0.044744 
0.978605 0.053211 
0.978925 0.011410 
0.836925 0.821555 
0.837974 0.819917 
0.835346 0.818141 
0.837373 0.816126 
0.833841 0.817605 
0.836599 0.810951 
0.834301 0.809521 
0.839140 0.807682 
0.838193 0.805676 
0.837476 0.802493 
0.835137 0.806921 
0.834866 0.807965 
0.834988 0.804428 
0.835220 0.801938 
0.824223 0.776489 
0.824667 0.775846 
0.824863 0.774959 
0.825327 0.774116 
0.827727 0.772515 
0.825808 0.773296 
0.830863 0.773144 
0.828891 0.772893 
0.831236 0.773940 
0.831289 0.776350 
0.831806 0.778342 
0.831822 0.775744 
0.831431 0.774664 
0.831150 0.778488 
0.829266 0.780988 
0.829725 0.779937 
0.828203 0.780625 
0.825336 0.780617 
0.826431 0.780459 
0.824470 0.777216 
0.823961 0.778282 
0.825161 0.779504 
0.824657 0.778216 
0.822621 0.785972 
0.831367 0.782492 
0.828098 0.786712 
0.823823 0.789234 
0.825946 0.797663 
0.828115 0.791900 
0.820433 0.797140 
0.830716 0.817201 
0.831419 0.817393 
0.832097 0.818364 
0.831459 0.820061 
0.833101 0.818248 
0.832216 0.821099 
0.830703 0.819508 
0.830264 0.819088 
0.829896 0.822826 
0.830199 0.824175 
0.828861 0.820395 
0.829476 0.821782 
0.829598 0.820033 
0.826775 0.825460 
0.825743 0.822495 
0.823566 0.819287 
0.828010 0.818401 
0.828857 0.808565 
0.826099 0.809406 
0.828216 0.813703 
0.825232 0.815516 
0.823027 0.813918 
0.819947 0.810320 
0.818846 0.815520 
0.819231 0.810165 
0.819555 0.807616 
0.820443 0.806850 
0.824327 0.805154 
0.820618 0.802338 
0.822452 0.801101 
0.829488 0.801671 
0.828967 0.805026 
0.827525 0.799573 
0.820817 0.800445 
0.829957 0.793209 
0.819208 0.818236 
0.829630 0.798492 
0.820258 0.798442 
0.828854 0.817892 
0.833139 0.817303 
0.839686 0.793927 
0.837541 0.798915 
0.839218 0.790381 
0.836107 0.798078 
0.837123 0.794899 
0.840997 0.789169 
0.839373 0.786487 
0.838666 0.787294 
0.838798 0.784341 
0.837469 0.789924 
0.839249 0.784062 
0.518524 0.827722 
0.513996 0.827001 
0.516710 0.829599 
0.515423 0.829346 
0.515802 0.830016 
0.516825 0.830399 
0.519999 0.829822 
0.518392 0.831218 
0.516724 0.832461 
0.515563 0.832003 
0.520164 0.832688 
0.519374 0.832836 
0.515177 0.835310 
0.517285 0.839241 
0.514585 0.838119 
0.514815 0.843984 
0.515988 0.846010 
0.519596 0.845828 
0.521299 0.844486 
0.521033 0.846589 
0.521415 0.840758 
0.520936 0.834339 
0.513507 0.829300 
0.983869 0.804204 
0.986262 0.799058 
0.985873 0.801547 
0.979266 0.805139 
0.976526 0.797077 
0.976464 0.800390 
0.980141 0.806296 
0.982242 0.807535 
0.983541 0.806843 
0.984687 0.807716 
0.984586 0.807144 
0.983612 0.809740 
0.981250 0.809374 
0.983127 0.810829 
0.984827 0.810176 
0.984476 0.811344 
0.978727 0.809886 
0.979744 0.810923 
0.979253 0.811737 
0.980665 0.812509 
0.976606 0.813153 
0.980818 0.815855 
0.976153 0.814521 
0.978878 0.819056 
0.976131 0.811614 
0.976042 0.810548 
0.975621 0.809091 
0.976068 0.805894 
0.985595 0.811229 
0.985708 0.813107 
0.985817 0.818407 
0.981538 0.824414 
0.977319 0.822048 
0.976912 0.824699 
0.980444 0.827499 
0.985467 0.823650 
0.982392 0.830848 
0.984613 0.826972 
0.977484 0.829883 
0.978257 0.833097 
0.976538 0.824124 
0.985411 0.808816 
0.985330 0.808027 
0.986159 0.805253 
0.985432 0.806266 
0.979209 0.838053 
0.985853 0.832981 
0.983299 0.835061 
0.986335 0.835962 
0.985408 0.838805 
0.983254 0.839478 
0.986144 0.838150 
0.974391 0.237159 
0.971830 0.226264 
0.972167 0.234738 
0.969960 0.229940 
0.969818 0.224595 
0.967816 0.227042 
0.968526 0.233818 
0.969144 0.233652 
0.973623 0.238553 
0.969463 0.240519 
0.972092 0.240812 
0.971747 0.220750 
0.972284 0.212064 
0.970452 0.218316 
0.971961 0.223089 
0.974436 0.204159 
0.971545 0.207178 
0.972723 0.202912 
0.969034 0.210006 
0.968256 0.218831 
0.969436 0.206423 
0.968003 0.221180 
0.970205 0.221730 
0.967751 0.222989 
0.974714 0.197620 
0.970339 0.202190 
0.971271 0.200883 
0.971220 0.200092 
0.972529 0.197258 
0.971902 0.197807 
0.973532 0.194580 
0.974473 0.192601 
0.976175 0.192252 
0.974809 0.191924 
0.969832 0.241858 
0.861796 0.822611 
0.863891 0.822788 
0.862277 0.818873 
0.867257 0.824556 
0.866892 0.817602 
0.862816 0.810910 
0.861435 0.818566 
0.865405 0.810727 
0.867425 0.808659 
0.864884 0.807211 
0.868090 0.805663 
0.868073 0.804525 
0.869629 0.801605 
0.865358 0.804330 
0.866477 0.801385 
0.863226 0.802944 
0.863094 0.799192 
0.867673 0.793631 
0.864761 0.787777 
0.869812 0.788586 
0.868487 0.781716 
0.866160 0.781087 
0.871571 0.781894 
0.863358 0.805672 
0.863168 0.807538 
0.862218 0.809376 
0.861932 0.810939 
0.873569 0.778831 
0.872110 0.780755 
0.873000 0.779411 
0.869560 0.781405 
0.867919 0.780704 
0.866952 0.777191 
0.866911 0.776239 
0.866761 0.779200 
0.869403 0.798144 
0.873703 0.820247 
0.873607 0.819007 
0.873578 0.821979 
0.872399 0.823227 
0.872809 0.825471 
0.868454 0.827787 
0.872625 0.828325 
0.873309 0.829661 
0.873574 0.778349 
0.873548 0.778222 
0.873933 0.777032 
0.874130 0.775850 
0.872730 0.772828 
0.871613 0.772977 
0.870434 0.772494 
0.869618 0.773102 
0.868488 0.773344 
0.868076 0.774037 
0.768684 0.586123 
0.769060 0.595265 
0.767615 0.601139 
0.767391 0.604977 
0.769584 0.603751 
0.767966 0.607498 
0.766658 0.609032 
0.769951 0.607503 
0.769355 0.609458 
0.764888 0.607773 
0.767727 0.610738 
0.767071 0.614781 
0.769815 0.610383 
0.770288 0.616035 
0.768149 0.621622 
0.769252 0.626466 
0.772162 0.591585 
0.772369 0.588480 
0.769961 0.590628 
0.770625 0.586800 
0.772807 0.587841 
0.771545 0.632963 
0.773879 0.637038 
0.771442 0.636724 
0.774105 0.637789 
0.771854 0.586879 
0.771220 0.584018 
0.767710 0.646889 
0.766296 0.649410 
0.769641 0.647543 
0.767889 0.650494 
0.767656 0.653484 
0.767714 0.657438 
0.771112 0.651215 
0.771820 0.674181 
0.772995 0.673973 
0.768933 0.672891 
0.769836 0.667221 
0.765841 0.673963 
0.765508 0.650409 
0.772838 0.664656 
0.767291 0.664978 
0.771287 0.662065 
0.767493 0.662157 
0.766470 0.666584 
0.770150 0.659747 
0.770617 0.643470 
0.775036 0.653016 
0.775159 0.652334 
0.775159 0.655423 
0.972526 0.832881 
0.972799 0.829240 
0.972871 0.834870 
0.838027 0.834301 
0.774817 0.650001 
0.774891 0.651692 
0.964635 0.834684 
0.961934 0.830360 
0.596681 0.833567 
0.593320 0.836874 
0.597235 0.838252 
0.592381 0.834314 
0.595807 0.840271 
0.591660 0.835618 
0.596539 0.840777 
0.975956 0.187270 
0.977732 0.188930 
0.977235 0.190849 
0.977343 0.186561 
0.975578 0.181261 
0.974040 0.181497 
0.974724 0.151513 
0.972795 0.162491 
0.975702 0.156414 
0.976795 0.153134 
0.971105 0.158152 
0.971796 0.146481 
0.977352 0.150094 
0.976992 0.149141 
0.970060 0.163380 
0.969318 0.165667 
0.970787 0.165487 
0.973147 0.164172 
0.974880 0.163542 
0.974953 0.162564 
0.974060 0.165095 
0.974037 0.167088 
0.971586 0.171983 
0.974314 0.177332 
0.975117 0.175097 
0.974716 0.178652 
0.975500 0.169293 
0.974890 0.166505 
0.974877 0.165684 
0.975241 0.160865 
0.975974 0.244224 
0.973457 0.248102 
0.977620 0.247821 
0.976055 0.242488 
0.977035 0.243330 
0.972955 0.254196 
0.974833 0.255185 
0.977022 0.251630 
0.971704 0.278611 
0.973529 0.283139 
0.974848 0.282940 
0.974253 0.284029 
0.976710 0.282979 
0.975769 0.277905 
0.973623 0.277385 
0.974611 0.274445 
0.971819 0.273995 
0.970311 0.270779 
0.969875 0.267819 
0.971120 0.262655 
0.972313 0.266726 
0.974941 0.261155 
0.974950 0.265802 
0.972341 0.257501 
0.974140 0.257226 
0.973565 0.273399 
0.972251 0.271694 
0.974077 0.272671 
0.973714 0.271215 
0.973450 0.270584 
0.972569 0.269447 
0.974352 0.268482 
0.872560 0.836565 
0.874503 0.835490 
0.762665 0.840469 
0.761059 0.837014 
0.763281 0.835323 
0.762189 0.830497 
0.759773 0.830114 
0.763896 0.829410 
0.760162 0.826710 
0.764226 0.821265 
0.759430 0.821499 
0.759816 0.811233 
0.764912 0.805871 
0.764315 0.803853 
0.760672 0.812901 
0.760655 0.816223 
0.758888 0.817386 
0.762939 0.817297 
0.764239 0.817246 
0.758144 0.818815 
0.759244 0.819310 
0.757523 0.820152 
0.761672 0.818082 
0.761717 0.818975 
0.762968 0.818077 
0.764090 0.819136 
0.938740 0.672380 
0.976581 0.000000 
0.966178 0.027335 
0.977408 0.001065 
0.763534 0.694564 
0.763635 0.693327 
0.938584 0.674291 
0.966483 0.025786 
0.878659 0.837555 
0.878812 0.835641 
0.966686 0.024715 
0.967086 0.022784 
0.967426 0.021941 
0.879262 0.834572 
0.967999 0.828626 
0.520166 0.848143 
0.969894 0.828449 
0.971597 0.829008 
0.521323 0.846698 
0.754674 0.813654 
0.763949 0.689221 
0.764805 0.700265 
0.764805 0.700265 
0.764054 0.690928 
0.754642 0.817910 
0.767963 0.683746 
0.767963 0.683746 
0.874833 0.830668 
0.930616 0.716050 
0.930616 0.716050 
0.765056 0.698996 
0.875111 0.828891 
0.764859 0.686556 
0.765250 0.685360 
0.765250 0.685360 
0.559222 0.833954 
0.767168 0.683866 
0.927374 0.713199 
0.770575 0.686634 
0.925955 0.712605 
0.770062 0.684659 
0.984544 0.242230 
0.875620 0.833102 
0.918852 0.708784 
0.978659 0.263468 
0.979419 0.253730 
0.924134 0.708281 
0.958131 0.711703 
0.772401 0.677477 
0.922590 0.705467 
0.920383 0.704089 
0.922307 0.704659 
0.985196 0.165477 
0.772995 0.673973 
0.980016 0.175663 
0.960442 0.027289 
0.938430 0.668257 
0.935414 0.659600 
0.932818 0.650069 
0.476692 0.834930 
0.477285 0.835080 
0.982296 0.013134 
0.983615 0.018177 
0.985993 0.026706 
0.987930 0.034127 
0.988313 0.047136 
0.988339 0.053300 
0.986689 0.053410 
0.988818 0.058373 
0.985002 0.539212 
0.984276 0.532737 
0.983251 0.540025 
0.982465 0.533722 
0.987246 0.544584 
0.989147 0.546941 
0.993077 0.551367 
0.994840 0.559594 
0.521849 0.824326 
0.576082 0.822793 
0.932365 0.675768 
0.754310 0.828139 
0.932055 0.674966 
0.932055 0.674966 
0.936103 0.668487 
0.771700 0.792006 
0.947513 0.349100 
0.942628 0.365460 
0.940698 0.370916 
0.939932 0.378135 
0.941818 0.372383 
0.940086 0.382721 
0.940984 0.384572 
0.942351 0.396677 
0.942796 0.391142 
0.943291 0.385659 
0.942014 0.402157 
0.941830 0.407711 
0.941816 0.413404 
0.965192 0.711703 
0.942572 0.410599 
0.942622 0.404862 
0.251682 0.747626 
0.263149 0.751267 
0.883399 0.230300 
0.885143 0.234973 
0.884915 0.231090 
0.882515 0.214514 
0.882737 0.205022 
0.880985 0.191303 
0.883378 0.197549 
0.159182 0.740199 
0.757939 0.724631 
0.760228 0.720563 
0.761953 0.719233 
0.761655 0.722261 
0.939526 0.430976 
0.762271 0.713161 
0.938740 0.427849 
0.939580 0.420713 
0.941083 0.416023 
0.965193 0.713932 
0.940320 0.423977 
0.942879 0.399213 
0.943306 0.393543 
0.943838 0.387886 
0.942673 0.383548 
0.941919 0.381582 
0.943754 0.380399 
0.944411 0.382393 
0.940962 0.379790 
0.757233 0.727419 
0.756222 0.730163 
0.758454 0.729109 
0.755929 0.734501 
0.758410 0.733493 
0.759279 0.726330 
0.883685 0.159791 
0.880158 0.185109 
0.880146 0.179823 
0.881956 0.184909 
0.879790 0.174211 
0.881571 0.179213 
0.880784 0.172468 
0.882668 0.169039 
0.882834 0.163612 
0.131617 0.718519 
0.757969 0.738036 
0.758822 0.745664 
0.756398 0.746473 
0.755403 0.751332 
0.757675 0.750378 
0.758614 0.762967 
0.759858 0.768087 
0.765389 0.781291 
0.764748 0.774081 
0.888528 0.139611 
0.892069 0.126583 
0.886778 0.152207 
0.885960 0.161147 
0.884234 0.163436 
0.884163 0.173778 
0.881834 0.175595 
0.883693 0.168624 
0.899995 0.098042 
0.897791 0.104070 
0.904347 0.081948 
0.903582 0.088613 
0.907537 0.073847 
0.910536 0.063024 
0.765062 0.790088 
0.899482 0.105153 
0.905964 0.082718 
0.882487 0.190763 
0.947983 0.575228 
0.948625 0.564700 
0.949109 0.555512 
0.950584 0.555496 
0.950436 0.553246 
0.909452 0.018083 
0.909846 0.015752 
0.910557 0.015856 
0.910849 0.012750 
0.841866 0.824233 
0.840653 0.817906 
0.841532 0.810075 
0.912678 0.010777 
0.774371 0.802611 
0.911514 0.010608 
0.907792 0.029179 
0.908049 0.041260 
0.910505 0.047551 
0.908766 0.046771 
0.908908 0.050262 
0.911720 0.059609 
0.913624 0.060266 
0.910664 0.050987 
0.763550 0.800173 
0.762497 0.801638 
0.952129 0.552699 
0.764339 0.802611 
0.912261 0.063709 
0.842517 0.802618 
0.841817 0.803664 
0.841896 0.794141 
0.842603 0.796936 
0.773583 0.834377 
0.842859 0.784062 
0.842585 0.787020 
0.996110 0.356765 
0.997688 0.348367 
0.990590 0.374036 
0.993077 0.358078 
0.938210 0.239382 
0.986040 0.383100 
0.983289 0.384252 
0.982360 0.387913 
0.987612 0.375492 
0.979912 0.388477 
0.974559 0.393230 
0.972255 0.389543 
0.970209 0.395270 
0.969487 0.403408 
0.968157 0.401291 
0.968566 0.406748 
0.969206 0.412527 
0.967675 0.410253 
0.967807 0.420160 
0.969542 0.422707 
0.970114 0.433334 
0.968296 0.430527 
0.972379 0.454347 
0.971998 0.447244 
0.971166 0.440214 
0.969319 0.437106 
0.970137 0.443838 
0.970601 0.450645 
0.970571 0.457385 
0.973144 0.465264 
0.971229 0.467623 
0.977065 0.500599 
0.977222 0.505591 
0.978979 0.509294 
0.977421 0.510533 
0.980640 0.522802 
0.982309 0.521709 
0.989180 0.072712 
0.961259 0.711703 
0.899995 0.544195 
0.935780 0.227316 
0.933597 0.218937 
0.933244 0.209208 
0.931096 0.210312 
0.928773 0.197310 
0.926217 0.190541 
0.923514 0.190443 
0.924137 0.193280 
0.917178 0.190769 
0.921587 0.193091 
0.920680 0.195808 
0.917787 0.197888 
0.917787 0.197888 
0.920477 0.198387 
0.921811 0.195327 
0.917385 0.194311 
0.916410 0.197294 
0.916043 0.193668 
0.916939 0.187486 
0.916339 0.184542 
0.902464 0.544614 
0.924023 0.118543 
0.928699 0.108429 
0.986294 0.093463 
0.961265 0.714975 
0.923672 0.122739 
0.915868 0.179276 
0.914236 0.184715 
0.915250 0.187344 
0.915748 0.190334 
0.915526 0.168060 
0.913288 0.179766 
0.917189 0.153960 
0.921152 0.135219 
0.918952 0.139767 
0.919275 0.136208 
0.921898 0.123753 
0.926287 0.113382 
0.963400 0.711968 
0.924484 0.114157 
0.987060 0.058590 
0.989180 0.040847 
0.987623 0.040258 
0.986417 0.033914 
0.984632 0.026584 
0.981286 0.013097 
0.521254 0.824356 
0.914783 0.661667 
0.957839 0.027899 
0.956654 0.029084 
0.960127 0.025616 
0.960965 0.023004 
0.959545 0.025007 
0.909239 0.667021 
0.961490 0.020387 
0.960278 0.022605 
0.961205 0.018981 
0.996900 0.590249 
0.998067 0.597578 
0.996214 0.594609 
0.996766 0.587438 
0.516334 0.825471 
0.955371 0.031079 
0.997080 0.597931 
0.999985 0.601891 
0.915312 0.693036 
0.987665 0.547530 
0.985684 0.545258 
0.991086 0.549276 
0.989626 0.549777 
0.991607 0.551868 
0.875990 0.828144 
0.875787 0.828829 
0.995798 0.590721 
0.755372 0.829100 
0.755372 0.829100 
0.774757 0.640852 
0.755327 0.831742 
0.774739 0.639176 
0.771807 0.789805 
0.963400 0.715200 
0.983487 0.076331 
0.985595 0.086492 
0.985459 0.075973 
0.983267 0.067971 
0.983198 0.062562 
0.981133 0.063464 
0.978986 0.061778 
0.981131 0.060679 
0.978858 0.058974 
0.976574 0.060345 
0.967751 0.056257 
0.915379 0.009935 
0.771320 0.804244 
0.990343 0.719085 
0.767453 0.803816 
0.988445 0.718901 
0.986369 0.717589 
0.986369 0.717589 
0.977620 0.286278 
0.766647 0.802724 
0.977732 0.148310 
0.756140 0.803096 
0.874347 0.817089 
0.976090 0.147981 
0.947302 0.007710 
0.947302 0.007710 
0.948565 0.006443 
0.774540 0.589891 
0.772713 0.589519 
0.764496 0.649796 
0.976526 0.797077 
0.953469 0.009125 
0.977567 0.019610 
0.977493 0.014706 
0.977135 0.024269 
0.975808 0.024609 
0.974055 0.032762 
0.971837 0.039096 
0.973215 0.038697 
0.970750 0.049738 
0.878351 0.833305 
0.874782 0.833245 
0.477359 0.823093 
0.479322 0.822793 
0.482569 0.824297 
0.512317 0.827827 
0.482176 0.824706 
0.875275 0.838378 
0.878351 0.837471 
0.940085 0.010804 
0.968990 0.050243 
0.975990 0.057389 
0.968427 0.054339 
0.511879 0.827147 
0.877312 0.839099 
0.877162 0.837184 
0.476644 0.827136 
0.967273 0.712384 
0.967272 0.714658 
0.767367 0.763241 
0.765920 0.768763 
0.765174 0.763547 
0.766426 0.755408 
0.766554 0.744161 
0.763909 0.744477 
0.767542 0.739896 
0.764953 0.740287 
0.768999 0.737406 
0.766531 0.737854 
0.770133 0.734613 
0.770951 0.731509 
0.768269 0.723641 
0.765278 0.716480 
0.763720 0.714769 
0.763631 0.717858 
0.766400 0.724908 
0.768810 0.732373 
0.767832 0.735257 
0.769020 0.780768 
0.768727 0.789777 
0.770920 0.789827 
0.768466 0.773337 
0.766566 0.773625 
0.770890 0.795430 
0.768102 0.798998 
0.958229 0.561522 
0.986489 0.550779 
0.772526 0.639946 
0.768532 0.639599 
0.770393 0.580715 
0.867066 0.830881 
0.869785 0.833120 
0.974062 0.579226 
0.874370 0.833790 
0.871736 0.833986 
0.874525 0.831023 
0.874525 0.831023 
0.822285 0.825908 
0.828713 0.831705 
0.960716 0.583583 
0.841778 0.830631 
0.838903 0.829165 
0.841424 0.828578 
0.835467 0.826022 
0.832836 0.827179 
0.831698 0.827072 
0.832927 0.825615 
0.771220 0.580671 
0.768358 0.640957 
0.770981 0.639944 
0.774396 0.642303 
0.774051 0.644638 
0.773949 0.645240 
0.774714 0.646737 
0.773481 0.656775 
0.773848 0.652819 
0.772406 0.656561 
0.818954 0.821725 
0.874474 0.828141 
0.874047 0.824031 
0.871262 0.832764 
0.765951 0.798792 
0.768575 0.795294 
0.773723 0.646633 
0.772898 0.645287 
0.983594 0.717112 
0.984807 0.735367 
0.774818 0.646178 
0.774807 0.644507 
0.871201 0.838556 
0.596681 0.833567 
0.974726 0.242162 
0.974461 0.242760 
0.597575 0.834545 
0.973781 0.829760 
0.974320 0.830596 
0.973454 0.244467 
0.830502 0.778779 
0.974281 0.833957 
0.596539 0.840777 
0.775110 0.666149 
0.774715 0.664617 
0.824452 0.777507 
0.598453 0.836520 
0.592914 0.840929 
0.775110 0.663195 
0.598414 0.838640 
0.974163 0.190283 
0.820433 0.797140 
0.971640 0.289429 
0.970181 0.290443 
0.970850 0.290224 
0.970336 0.144963 
0.969040 0.284503 
0.969040 0.284503 
0.969316 0.288146 
0.969119 0.154601 
0.969815 0.148589 
0.970530 0.148771 
0.969797 0.154560 
0.968177 0.165177 
0.829959 0.791282 
0.970067 0.287793 
0.983811 0.723814 
0.834866 0.807965 
0.848403 0.835553 
0.848403 0.835553 
0.771224 0.795689 
0.774294 0.799917 
0.848865 0.834239 
0.771303 0.796962 
0.774294 0.799917 
0.987453 0.750776 
0.774094 0.801996 
0.848347 0.836323 
0.771273 0.795118 
0.771735 0.794645 
0.516682 0.833210 
0.487613 0.835540 
0.575308 0.839814 
0.574304 0.837862 
0.773100 0.596114 
0.983541 0.806843 
0.770346 0.609343 
0.983221 0.811484 
0.983127 0.810829 
0.984476 0.811344 
0.975005 0.220785 
0.974161 0.222102 
0.974608 0.220248 
0.975588 0.212321 
0.774755 0.636019 
0.773786 0.631621 
0.878826 0.825002 
0.975368 0.226199 
0.866410 0.836544 
0.975775 0.227912 
0.867746 0.836666 
0.974949 0.226607 
0.870915 0.810741 
0.872878 0.819694 
0.874274 0.777817 
0.874525 0.776234 
0.874220 0.774094 
0.873419 0.773670 
0.875360 0.827933 
0.764036 0.710063 
0.961178 0.837206 
0.872150 0.821315 
0.765369 0.591345 
0.765326 0.599950 
0.766144 0.591379 
0.763626 0.604278 
0.764485 0.600305 
0.764564 0.611223 
0.863099 0.797613 
0.973332 0.835467 
0.872999 0.779498 
0.774729 0.655396 
0.973340 0.836272 
0.774714 0.653818 
0.775159 0.652334 
0.838990 0.831705 
0.839121 0.833848 
0.764841 0.601825 
0.975663 0.147041 
0.973340 0.829947 
0.960203 0.835899 
0.875311 0.827172 
0.774786 0.607042 
0.775025 0.650836 
0.875339 0.825195 
0.868424 0.773233 
0.772278 0.638456 
0.775064 0.649012 
0.771442 0.636724 
0.838442 0.838638 
0.774714 0.647804 
0.770884 0.635665 
0.839090 0.836457 
0.769434 0.608141 
0.769434 0.608141 
0.772369 0.588480 
0.765335 0.648898 
0.877470 0.823187 
0.766292 0.647226 
0.766944 0.645086 
0.979348 0.285100 
0.979111 0.280106 
0.978479 0.280463 
0.982085 0.283627 
0.963967 0.828580 
0.961967 0.828675 
0.960505 0.830768 
0.960196 0.833609 
0.964014 0.837339 
0.763583 0.709315 
0.962025 0.837440 
0.597939 0.839751 
0.754124 0.831582 
0.775097 0.665364 
0.973389 0.833454 
0.872056 0.834818 
0.755671 0.811817 
0.755943 0.806966 
0.756407 0.804354 
0.755403 0.813268 
0.974060 0.165095 
0.756288 0.817743 
0.756288 0.817743 
0.975448 0.168298 
0.766419 0.843196 
0.765683 0.843802 
0.765193 0.813340 
0.765731 0.824010 
0.765853 0.817814 
0.765543 0.819006 
0.761717 0.818975 
0.987105 0.731610 
0.987105 0.731610 
0.988944 0.731526 
0.767226 0.815957 
0.767226 0.815957 
0.767226 0.815957 
0.767734 0.820195 
0.769280 0.827446 
0.768979 0.833871 
0.771801 0.802158 
0.772505 0.814306 
0.772505 0.814306 
0.769288 0.814607 
0.769288 0.814607 
0.770304 0.815330 
0.773063 0.815366 
0.773063 0.815366 
0.772164 0.800097 
0.848248 0.834954 
0.848248 0.834954 
0.770954 0.796340 
0.986313 0.243697 
0.984856 0.177059 
0.986927 0.175756 
0.986934 0.245305 
0.987240 0.250008 
0.984776 0.262356 
0.982584 0.153754 
0.981851 0.153213 
0.979884 0.154109 
0.771439 0.789771 
0.755060 0.833820 
0.948358 0.345356 
0.946595 0.352770 
0.943626 0.362628 
0.940698 0.370916 
0.941818 0.372383 
0.939932 0.378135 
0.940086 0.382721 
0.940984 0.384572 
0.943291 0.385659 
0.942796 0.391142 
0.942351 0.396677 
0.942014 0.402157 
0.941830 0.407711 
0.941816 0.413404 
0.965192 0.711703 
0.942572 0.410599 
0.941083 0.416023 
0.965193 0.713932 
0.942622 0.404862 
0.883399 0.230300 
0.882515 0.214514 
0.884915 0.231090 
0.885254 0.238730 
0.882737 0.205022 
0.880985 0.191303 
0.883378 0.197549 
0.757939 0.724631 
0.760228 0.720563 
0.759387 0.716069 
0.761953 0.719233 
0.761655 0.722261 
0.939526 0.430976 
0.762271 0.713161 
0.938740 0.427849 
0.939580 0.420713 
0.940320 0.423977 
0.942879 0.399213 
0.943306 0.393543 
0.943838 0.387886 
0.942673 0.383548 
0.941919 0.381582 
0.943754 0.380399 
0.944411 0.382393 
0.940962 0.379790 
0.757233 0.727419 
0.758454 0.729109 
0.756222 0.730163 
0.758410 0.733493 
0.755929 0.734501 
0.759279 0.726330 
0.160788 0.716152 
0.887487 0.146043 
0.890083 0.133086 
0.883685 0.159791 
0.880158 0.185109 
0.880146 0.179823 
0.881956 0.184909 
0.879790 0.174211 
0.881571 0.179213 
0.880784 0.172468 
0.757969 0.738036 
0.755518 0.739059 
0.757359 0.742426 
0.756398 0.746473 
0.758822 0.745664 
0.757675 0.750378 
0.761611 0.767290 
0.763013 0.774689 
0.084631 0.679291 
0.885960 0.161147 
0.884234 0.163436 
0.882834 0.163612 
0.882668 0.169039 
0.884163 0.173778 
0.881834 0.175595 
0.883693 0.168624 
0.125791 0.695500 
0.897791 0.104070 
0.904347 0.081948 
0.903582 0.088613 
0.908549 0.071025 
0.910536 0.063024 
0.765258 0.786000 
0.764748 0.774081 
0.899482 0.105153 
0.905964 0.082718 
0.882487 0.190763 
0.947983 0.575228 
0.843100 0.830025 
0.841866 0.824233 
0.948847 0.561414 
0.949109 0.555512 
0.950436 0.553246 
0.950584 0.555496 
0.909846 0.015752 
0.840697 0.821753 
0.840937 0.824455 
0.840581 0.819323 
0.840811 0.816199 
0.908209 0.025876 
0.907482 0.036887 
0.908974 0.020917 
0.908766 0.046771 
0.908049 0.041260 
0.910505 0.047551 
0.911720 0.059609 
0.908908 0.050262 
0.910664 0.050987 
0.913624 0.060266 
0.762497 0.801638 
0.952129 0.552699 
0.764884 0.793546 
0.912261 0.063709 
0.005530 0.614422 
0.842207 0.793234 
0.842859 0.784062 
0.841845 0.783554 
0.996110 0.356765 
0.998577 0.344136 
0.993077 0.358078 
0.990590 0.374036 
0.938808 0.243298 
0.982360 0.387913 
0.986040 0.383100 
0.983289 0.384252 
0.987612 0.375492 
0.978897 0.392213 
0.979912 0.388477 
0.975608 0.390039 
0.974559 0.393230 
0.970209 0.395270 
0.972255 0.389543 
0.968157 0.401291 
0.969542 0.422707 
0.970114 0.433334 
0.968296 0.430527 
0.971998 0.447244 
0.971166 0.440214 
0.969319 0.437106 
0.970137 0.443838 
0.970601 0.450645 
0.972379 0.454347 
0.970571 0.457385 
0.973144 0.465264 
0.974277 0.483744 
0.975088 0.492552 
0.977065 0.500599 
0.975466 0.502006 
0.978979 0.509294 
0.977421 0.510533 
0.982309 0.521709 
0.979396 0.514141 
0.980640 0.522802 
0.989180 0.072712 
0.988818 0.058373 
0.987338 0.072706 
0.987571 0.086565 
0.987571 0.086565 
0.987862 0.090166 
0.988365 0.093600 
0.936714 0.231396 
0.933244 0.209208 
0.933597 0.218937 
0.931096 0.210312 
0.930248 0.201006 
0.926217 0.190541 
0.915445 0.480313 
0.923514 0.190443 
0.920680 0.195808 
0.919120 0.198299 
0.921587 0.193091 
0.920477 0.198387 
0.921811 0.195327 
0.917385 0.194311 
0.916410 0.197294 
0.917178 0.190769 
0.916043 0.193668 
0.961259 0.711703 
0.928699 0.108429 
0.986294 0.093463 
0.961265 0.714975 
0.921417 0.131577 
0.923672 0.122739 
0.924484 0.114157 
0.921152 0.135219 
0.916339 0.184542 
0.915868 0.179276 
0.914236 0.184715 
0.916939 0.187486 
0.915250 0.187344 
0.915748 0.190334 
0.913288 0.179766 
0.915526 0.168060 
0.917189 0.153960 
0.918597 0.531960 
0.919275 0.136208 
0.921898 0.123753 
0.926287 0.113382 
0.963400 0.711968 
0.984276 0.532737 
0.983251 0.540025 
0.982465 0.533722 
0.985002 0.539212 
0.986689 0.053410 
0.987060 0.058590 
0.988339 0.053300 
0.988313 0.047136 
0.987030 0.047074 
0.996092 0.559197 
0.993077 0.551367 
0.994840 0.559594 
0.987623 0.040258 
0.987930 0.034127 
0.989180 0.040847 
0.985993 0.026706 
0.986417 0.033914 
0.983615 0.018177 
0.997046 0.566673 
0.997160 0.576530 
0.960965 0.023004 
0.956654 0.029084 
0.516766 0.824775 
0.516334 0.825471 
0.955371 0.031079 
0.518115 0.824654 
0.519815 0.823137 
0.521966 0.822793 
0.521254 0.824356 
0.982426 0.018017 
0.981286 0.013097 
0.984632 0.026584 
0.997064 0.581791 
0.996278 0.577640 
0.997626 0.585334 
0.996766 0.587438 
0.996607 0.586125 
0.996900 0.590249 
0.995798 0.590721 
0.962473 0.011812 
0.999195 0.603289 
0.774131 0.668319 
0.913153 0.688194 
0.914239 0.691860 
0.989147 0.546941 
0.987246 0.544584 
0.987665 0.547530 
0.991086 0.549276 
0.989626 0.549777 
0.991607 0.551868 
0.928630 0.714215 
0.920221 0.700648 
0.962147 0.015481 
0.921700 0.704404 
0.961205 0.018981 
0.961205 0.018981 
0.961205 0.018981 
0.931300 0.671947 
0.919755 0.128713 
0.963400 0.715200 
0.985489 0.082877 
0.929811 0.091064 
0.983487 0.076331 
0.985459 0.075973 
0.983267 0.067971 
0.981133 0.063464 
0.978986 0.061778 
0.981131 0.060679 
0.983198 0.062562 
0.976574 0.060345 
0.978858 0.058974 
0.919414 0.006991 
0.919414 0.006991 
0.977732 0.148310 
0.977732 0.148310 
0.874347 0.817089 
0.976090 0.147981 
0.974804 0.238883 
0.948874 0.006861 
0.948874 0.006861 
0.946294 0.008331 
0.946294 0.008331 
0.773528 0.589227 
0.951929 0.007046 
0.774300 0.590471 
0.955423 0.005153 
0.959516 0.001267 
0.977533 0.020642 
0.977493 0.014706 
0.975808 0.024609 
0.977135 0.024269 
0.974055 0.032762 
0.973215 0.038697 
0.968990 0.050243 
0.512317 0.827827 
0.967751 0.056257 
0.973599 0.056746 
0.975990 0.057389 
0.514422 0.824163 
0.513285 0.826345 
0.511879 0.827147 
0.512653 0.825701 
0.832186 0.816573 
0.967273 0.712384 
0.967272 0.714658 
0.952002 0.368092 
0.973714 0.508072 
0.766426 0.755408 
0.765920 0.768763 
0.767367 0.763241 
0.765174 0.763547 
0.767542 0.739896 
0.764953 0.740287 
0.768999 0.737406 
0.766531 0.737854 
0.770133 0.734613 
0.770951 0.731509 
0.765278 0.716480 
0.768269 0.723641 
0.763631 0.717858 
0.766400 0.724908 
0.768810 0.732373 
0.767832 0.735257 
0.768466 0.773337 
0.769020 0.780768 
0.766566 0.773625 
0.763909 0.744477 
0.770920 0.789827 
0.768727 0.789777 
0.770951 0.793593 
0.770890 0.795430 
0.772526 0.639946 
0.984046 0.576320 
0.869785 0.833120 
0.874525 0.831023 
0.838903 0.829165 
0.841424 0.828578 
0.861845 0.825145 
0.766115 0.584270 
0.771220 0.580671 
0.769783 0.638456 
0.770903 0.638534 
0.770981 0.639944 
0.773949 0.645240 
0.818954 0.821725 
0.874047 0.824031 
0.841778 0.830631 
0.768102 0.798998 
0.768575 0.795294 
0.773723 0.646633 
0.772898 0.645287 
0.959938 0.579640 
0.598414 0.838640 
0.974683 0.190175 
0.824667 0.775846 
0.591837 0.834707 
0.598254 0.839653 
0.774784 0.647524 
0.974574 0.191176 
0.975012 0.191924 
0.871310 0.834948 
0.974726 0.242162 
0.752437 0.834405 
0.774807 0.644507 
0.597217 0.833771 
0.753582 0.836314 
0.974282 0.242795 
0.974297 0.831567 
0.597575 0.834545 
0.973781 0.829760 
0.974242 0.834983 
0.774819 0.666726 
0.595728 0.841263 
0.774996 0.665380 
0.593807 0.841388 
0.824470 0.777216 
0.775208 0.583459 
0.592914 0.840929 
0.774834 0.585833 
0.592208 0.839912 
0.775205 0.584473 
0.973045 0.287819 
0.971640 0.289429 
0.970181 0.290443 
0.970850 0.290224 
0.969316 0.288146 
0.968917 0.283119 
0.969119 0.154601 
0.969797 0.154560 
0.969153 0.157396 
0.968145 0.158491 
0.967802 0.163291 
0.968177 0.165177 
0.970067 0.287793 
0.836107 0.798078 
0.516825 0.830399 
0.977225 0.236110 
0.773100 0.596114 
0.975368 0.226199 
0.983127 0.810829 
0.974757 0.223383 
0.974161 0.222102 
0.974608 0.220248 
0.975327 0.214832 
0.774755 0.636019 
0.977639 0.193800 
0.878876 0.827849 
0.870872 0.813949 
0.871221 0.804471 
0.874111 0.782811 
0.874415 0.779043 
0.874525 0.776234 
0.874220 0.774094 
0.973317 0.829088 
0.876764 0.828125 
0.873419 0.773670 
0.875360 0.827933 
0.973089 0.828449 
0.961178 0.837206 
0.765826 0.587119 
0.764485 0.600305 
0.766144 0.591379 
0.765326 0.599950 
0.774751 0.656053 
0.973332 0.835467 
0.873000 0.779411 
0.973332 0.834402 
0.774714 0.653818 
0.774771 0.652431 
0.775159 0.659867 
0.775051 0.663195 
0.839121 0.835226 
0.775091 0.661479 
0.839090 0.836457 
0.973314 0.143417 
0.873548 0.778222 
0.973337 0.833208 
0.973320 0.830831 
0.775025 0.650836 
0.875311 0.827172 
0.875339 0.825195 
0.764587 0.706819 
0.964932 0.837018 
0.772027 0.637668 
0.838237 0.838355 
0.772091 0.638404 
0.769355 0.609458 
0.769355 0.609458 
0.772369 0.588480 
0.770625 0.586800 
0.877577 0.822434 
0.839010 0.837495 
0.766016 0.647827 
0.766944 0.645086 
0.963967 0.828580 
0.774714 0.659933 
0.838990 0.831705 
0.973340 0.836272 
0.961120 0.829278 
0.960159 0.832884 
0.960564 0.836524 
0.960505 0.830768 
0.964014 0.837339 
0.763583 0.709315 
0.962025 0.837440 
0.752810 0.835880 
0.775251 0.643025 
0.973389 0.833454 
0.974200 0.835781 
0.775110 0.666149 
0.759802 0.841793 
0.974060 0.165095 
0.755815 0.817331 
0.757347 0.829844 
0.756763 0.818168 
0.977022 0.251630 
0.974253 0.284029 
0.765886 0.810307 
0.765623 0.821724 
0.765880 0.814099 
0.980180 0.007814 
0.980180 0.007814 
0.935604 0.661196 
0.934922 0.666130 
0.978856 0.007015 
0.978621 0.004338 
0.966023 0.021688 
0.967751 0.021241 
0.519596 0.845828 
0.481109 0.843921 
0.516523 0.845586 
0.480201 0.843667 
0.963360 0.022776 
0.765003 0.702378 
0.764805 0.700265 
0.927374 0.713199 
0.763879 0.702124 
0.562612 0.834390 
0.983714 0.242889 
0.875080 0.832428 
0.923877 0.711988 
0.921526 0.710223 
0.980301 0.252312 
0.980852 0.250012 
0.982165 0.247033 
0.959292 0.712677 
0.979258 0.257939 
0.979258 0.257939 
0.766715 0.668749 
0.979676 0.254717 
0.924134 0.708281 
0.957714 0.712560 
0.916006 0.704051 
0.957901 0.713904 
0.957901 0.713904 
0.920120 0.703372 
0.773740 0.672757 
0.958469 0.715657 
0.978628 0.162913 
0.978200 0.165788 
0.985078 0.244555 
0.984544 0.242230 
0.984250 0.246559 
0.985476 0.166982 
0.981014 0.255813 
0.985196 0.165477 
0.984390 0.255709 
0.772128 0.676782 
0.772995 0.673973 
0.958827 0.714450 
0.929478 0.711193 
0.909439 0.696973 
0.978506 0.266413 
0.514815 0.843984 
0.481944 0.842526 
0.961976 0.024546 
0.477760 0.839923 
0.961548 0.037654 
0.963123 0.034246 
0.936065 0.660149 
0.935775 0.658523 
0.935250 0.657375 
0.961273 0.039220 
0.959496 0.034979 
0.475862 0.831425 
0.958845 0.031839 
0.987030 0.047074 
0.987897 0.051037 
0.996092 0.559197 
0.574492 0.823530 
0.521230 0.826839 
0.573678 0.823817 
0.577151 0.823501 
0.975684 0.013300 
0.476907 0.833540 
0.476792 0.832531 
0.972398 0.830221 
0.971984 0.832953 
0.754310 0.828139 
0.971984 0.832953 
0.755248 0.826783 
0.967103 0.835276 
0.763761 0.696847 
0.969865 0.837279 
0.754495 0.833171 
0.765117 0.698019 
0.969865 0.837279 
0.878797 0.839419 
0.879587 0.837616 
0.966341 0.831377 
0.966677 0.829913 
0.970815 0.832904 
0.759387 0.716069 
0.758822 0.745664 
0.755518 0.739059 
0.763013 0.774689 
0.761611 0.767290 
0.842348 0.826903 
0.843100 0.830025 
0.840937 0.824455 
0.840588 0.819999 
0.841133 0.813297 
0.840858 0.811084 
0.840750 0.807496 
0.774828 0.813666 
0.774655 0.810242 
0.774474 0.804141 
0.774684 0.806056 
0.774703 0.817055 
0.774937 0.815015 
0.842257 0.804080 
0.841896 0.794141 
0.843033 0.789137 
0.774717 0.826630 
0.774060 0.832364 
0.774537 0.824129 
0.774521 0.821964 
0.842015 0.797775 
0.842190 0.800989 
0.773632 0.827819 
0.772115 0.798166 
0.774791 0.798400 
0.774272 0.798752 
0.774272 0.798752 
0.842301 0.789147 
0.978897 0.392213 
0.975608 0.390039 
0.974277 0.483744 
0.975466 0.502006 
0.987338 0.072706 
0.987385 0.079307 
0.988365 0.093600 
0.521966 0.822793 
0.519335 0.823867 
0.516766 0.824775 
0.515065 0.825358 
0.995943 0.571238 
0.997383 0.583699 
0.515001 0.824463 
0.575809 0.833556 
0.575857 0.831302 
0.575928 0.838904 
0.576862 0.829256 
0.979013 0.141727 
0.962473 0.011812 
0.980262 0.140523 
0.961918 0.016612 
0.999497 0.605690 
0.999195 0.603289 
0.998782 0.607269 
0.774570 0.663218 
0.978582 0.150841 
0.977861 0.152565 
0.978322 0.152200 
0.764192 0.700255 
0.981065 0.177312 
0.878406 0.828245 
0.981783 0.177901 
0.979697 0.172419 
0.979054 0.171183 
0.978295 0.154841 
0.978146 0.167646 
0.521966 0.844940 
0.577173 0.840617 
0.831355 0.816052 
0.974763 0.286857 
0.831868 0.816683 
0.986369 0.717589 
0.765755 0.802911 
0.761673 0.803087 
0.758898 0.803400 
0.756908 0.803378 
0.975473 0.238747 
0.874368 0.816783 
0.975548 0.238036 
0.977305 0.237184 
0.985874 0.798127 
0.977999 0.237336 
0.982301 0.797811 
0.978695 0.796838 
0.774752 0.590770 
0.773823 0.592294 
0.764859 0.651227 
0.983484 0.283512 
0.984174 0.283051 
0.986678 0.283197 
0.981948 0.141105 
0.985083 0.141421 
0.987356 0.280494 
0.985283 0.145860 
0.984894 0.273954 
0.982639 0.149246 
0.981738 0.151029 
0.984537 0.152404 
0.984595 0.151500 
0.985353 0.152505 
0.984207 0.269886 
0.976651 0.015084 
0.478036 0.823530 
0.479073 0.823364 
0.514422 0.824163 
0.513285 0.826345 
0.477696 0.828231 
0.770903 0.638534 
0.768662 0.579315 
0.866736 0.829522 
0.865435 0.828280 
0.972466 0.139836 
0.823456 0.825991 
0.835355 0.827630 
0.838856 0.827822 
0.831045 0.831411 
0.831721 0.828546 
0.862814 0.825216 
0.861845 0.825145 
0.766926 0.584159 
0.767739 0.642056 
0.769801 0.639889 
0.772530 0.641188 
0.772788 0.660632 
0.822194 0.824686 
0.819884 0.822089 
0.970911 0.142207 
0.973340 0.141280 
0.869304 0.831861 
0.868020 0.830738 
0.773380 0.642272 
0.826939 0.829483 
0.983594 0.717112 
0.983817 0.730455 
0.983922 0.732969 
0.753595 0.832017 
0.975012 0.191924 
0.871310 0.834948 
0.753082 0.832667 
0.871235 0.836632 
0.973924 0.243544 
0.972630 0.247018 
0.974200 0.835781 
0.974242 0.834983 
0.972012 0.185872 
0.973573 0.188902 
0.970289 0.183095 
0.970171 0.252898 
0.969289 0.256683 
0.969752 0.175058 
0.973045 0.287819 
0.971977 0.289948 
0.985122 0.716068 
0.829476 0.821782 
0.971045 0.292110 
0.968750 0.277682 
0.968145 0.158491 
0.969153 0.157396 
0.967802 0.163291 
0.968125 0.270285 
0.968170 0.273821 
0.968818 0.266699 
0.968896 0.259609 
0.968451 0.268705 
0.969321 0.166948 
0.969462 0.168276 
0.984116 0.736881 
0.984959 0.745066 
0.985030 0.748308 
0.984063 0.725243 
0.983478 0.726920 
0.986081 0.748999 
0.987158 0.750185 
0.572453 0.824931 
0.571093 0.824873 
0.487276 0.827686 
0.570820 0.828996 
0.572295 0.827462 
0.488397 0.833124 
0.487456 0.831250 
0.573195 0.832516 
0.486964 0.835328 
0.484442 0.841040 
0.484716 0.826436 
0.485595 0.825678 
0.773823 0.592294 
0.867615 0.833986 
0.771171 0.605228 
0.771651 0.607006 
0.770346 0.609343 
0.771285 0.610059 
0.771330 0.611952 
0.975588 0.212321 
0.772547 0.616585 
0.771158 0.622341 
0.771446 0.626194 
0.975028 0.205925 
0.772258 0.601369 
0.977999 0.199131 
0.879587 0.824913 
0.977288 0.194419 
0.878876 0.827849 
0.878825 0.826045 
0.974390 0.224742 
0.866410 0.836544 
0.974757 0.223383 
0.974684 0.225675 
0.975687 0.228998 
0.867706 0.835020 
0.977225 0.236110 
0.974299 0.208148 
0.866426 0.837245 
0.870515 0.808216 
0.870309 0.810803 
0.870146 0.814294 
0.873537 0.817441 
0.870524 0.820235 
0.871931 0.797168 
0.871794 0.800446 
0.872919 0.792082 
0.873385 0.788988 
0.871682 0.802711 
0.871221 0.804471 
0.873931 0.779749 
0.876764 0.828125 
0.871004 0.821368 
0.765926 0.586087 
0.764137 0.609072 
0.765537 0.618138 
0.766518 0.626161 
0.765522 0.612635 
0.765896 0.614212 
0.767906 0.629824 
0.769852 0.633989 
0.763402 0.606384 
0.973334 0.144352 
0.972915 0.143471 
0.973332 0.834402 
0.774809 0.607953 
0.774912 0.608689 
0.878915 0.822357 
0.875513 0.823396 
0.979989 0.284423 
0.978064 0.275834 
0.982148 0.284005 
0.982085 0.283627 
0.978192 0.267735 
0.977986 0.271496 
0.961120 0.829278 
0.965606 0.831608 
0.966160 0.835886 
0.964916 0.829296 
0.764587 0.706819 
0.763870 0.707639 
0.763856 0.708443 
0.597575 0.836717 
0.775077 0.647369 
0.598321 0.833336 
0.775251 0.643025 
0.775202 0.645326 
0.974574 0.191176 
0.874452 0.833986 
0.759802 0.841793 
0.873827 0.834684 
0.758045 0.832319 
0.758286 0.835002 
0.755685 0.816306 
0.756288 0.817743 
0.757903 0.826554 
0.757021 0.821420 
0.757021 0.821420 
0.756109 0.814224 
0.766234 0.842087 
0.765464 0.835828 
0.873863 0.839380 
0.871207 0.839322 
0.765424 0.831034 
0.765886 0.810307 
0.765193 0.813340 
0.766103 0.804087 
0.765841 0.827061 
0.765459 0.828592 
0.765416 0.817247 
0.761297 0.843529 
0.767453 0.803816 
0.767477 0.808359 
0.767231 0.813989 
0.768328 0.822726 
0.768713 0.824768 
0.769118 0.832743 
0.769238 0.830650 
0.982853 0.177700 
0.984764 0.177775 
0.984581 0.259953 
0.951959 0.712881 
0.954477 0.715440 
0.983902 0.256701 
0.954653 0.712405 
0.984414 0.266749 
0.764914 0.698996 
0.755403 0.751332 
0.758614 0.762967 
0.759858 0.768087 
0.841295 0.812269 
0.840858 0.811084 
0.841305 0.809604 
0.840919 0.806650 
0.912678 0.010777 
0.911514 0.010608 
0.842517 0.802618 
0.841817 0.803664 
0.842015 0.797775 
0.841896 0.794141 
0.843033 0.789137 
0.842910 0.784884 
0.842301 0.789147 
0.910557 0.015856 
0.970209 0.395270 
0.969487 0.403408 
0.969206 0.412527 
0.967675 0.410253 
0.967807 0.420160 
0.971229 0.467623 
0.924137 0.193280 
0.982296 0.013134 
0.521230 0.826839 
0.521849 0.824326 
0.995943 0.571238 
0.996129 0.567331 
0.959545 0.025007 
0.961490 0.020387 
0.960278 0.022605 
0.957839 0.027899 
0.956654 0.029084 
0.515001 0.824463 
0.515065 0.825358 
0.999985 0.601891 
0.997080 0.597931 
0.999497 0.605690 
0.773740 0.672757 
0.774611 0.669143 
0.774714 0.665996 
0.998782 0.607269 
0.774570 0.663218 
0.985684 0.545258 
0.521966 0.844940 
0.979796 0.008209 
0.980413 0.010404 
0.977620 0.286278 
0.831126 0.815854 
0.974763 0.286857 
0.760262 0.804246 
0.756908 0.803378 
0.935677 0.004610 
0.974804 0.238883 
0.873728 0.817048 
0.977305 0.237184 
0.985874 0.798127 
0.977999 0.237336 
0.983714 0.797641 
0.982301 0.797811 
0.978695 0.796838 
0.977071 0.796610 
0.774519 0.591535 
0.774752 0.590770 
0.773528 0.589227 
0.764496 0.649796 
0.764859 0.651227 
0.976651 0.015084 
0.971837 0.039096 
0.970750 0.049738 
0.832186 0.816573 
0.977034 0.010353 
0.766554 0.744161 
0.770393 0.580715 
0.768358 0.640957 
0.768662 0.579315 
0.768275 0.580707 
0.865435 0.828280 
0.869304 0.831861 
0.871736 0.833986 
0.874370 0.833790 
0.874525 0.831023 
0.823456 0.825991 
0.826939 0.829483 
0.827130 0.830695 
0.831045 0.831411 
0.835355 0.827630 
0.838856 0.827822 
0.832927 0.825615 
0.835467 0.826022 
0.862814 0.825216 
0.766926 0.584159 
0.767739 0.642056 
0.769801 0.639889 
0.773380 0.642272 
0.772530 0.641188 
0.774051 0.644638 
0.774714 0.646737 
0.772710 0.653958 
0.772788 0.660632 
0.822194 0.824686 
0.819884 0.822089 
0.970911 0.142207 
0.972466 0.139836 
0.874277 0.826674 
0.873965 0.828109 
0.973340 0.141280 
0.871262 0.832764 
0.764339 0.802611 
0.765951 0.798792 
0.828713 0.831705 
0.828549 0.830499 
0.973573 0.188902 
0.871235 0.836632 
0.871207 0.839322 
0.973594 0.244557 
0.972630 0.247018 
0.973924 0.243544 
0.974281 0.833957 
0.972711 0.187244 
0.598453 0.837663 
0.969840 0.179911 
0.970936 0.250920 
0.969462 0.168276 
0.971977 0.289948 
0.971765 0.293384 
0.971045 0.292110 
0.968750 0.277682 
0.970530 0.148771 
0.968125 0.270285 
0.968170 0.273821 
0.969014 0.261657 
0.970170 0.146046 
0.968325 0.267009 
0.969321 0.166948 
0.838798 0.784341 
0.977045 0.233379 
0.773823 0.592294 
0.867039 0.834113 
0.867706 0.835020 
0.867098 0.836185 
0.771651 0.610354 
0.771330 0.611952 
0.771216 0.608861 
0.771242 0.607707 
0.770970 0.606244 
0.772116 0.602393 
0.771432 0.622854 
0.772179 0.619730 
0.974293 0.208887 
0.975606 0.205729 
0.772322 0.628113 
0.774029 0.630961 
0.771158 0.622341 
0.974390 0.224742 
0.974684 0.225675 
0.975687 0.228998 
0.975775 0.227912 
0.867746 0.836666 
0.878915 0.822357 
0.977575 0.200013 
0.977572 0.196853 
0.878825 0.826045 
0.977288 0.194419 
0.866410 0.836544 
0.870515 0.808216 
0.870146 0.814294 
0.870524 0.820235 
0.872878 0.819694 
0.872546 0.791995 
0.871794 0.800446 
0.873206 0.788539 
0.871682 0.802711 
0.871221 0.804471 
0.873463 0.784317 
0.873887 0.782090 
0.873931 0.779749 
0.871004 0.821368 
0.765369 0.591345 
0.764137 0.609072 
0.765522 0.612635 
0.766272 0.624773 
0.768451 0.631271 
0.763402 0.606384 
0.763626 0.604278 
0.764841 0.601825 
0.769064 0.633109 
0.770884 0.635665 
0.974629 0.146180 
0.973532 0.145171 
0.765335 0.648898 
0.875513 0.823396 
0.877470 0.823187 
0.764036 0.710063 
0.966086 0.835627 
0.965606 0.831608 
0.964916 0.829296 
0.763870 0.707639 
0.763856 0.708443 
0.775251 0.646815 
0.597781 0.838832 
0.598433 0.835256 
0.874452 0.833986 
0.873827 0.834684 
0.759093 0.839426 
0.758575 0.833915 
0.755801 0.810051 
0.756525 0.807148 
0.756407 0.804354 
0.756140 0.803096 
0.756173 0.816714 
0.756073 0.815791 
0.757713 0.827880 
0.757900 0.831206 
0.757147 0.822388 
0.756375 0.819567 
0.756763 0.818168 
0.756109 0.814224 
0.766419 0.843196 
0.766147 0.839636 
0.872578 0.839477 
0.874523 0.839242 
0.765643 0.843290 
0.765294 0.831884 
0.765464 0.835828 
0.766402 0.805669 
0.765193 0.813340 
0.765815 0.826185 
0.765465 0.829759 
0.765161 0.814914 
0.765470 0.816227 
0.761297 0.843529</float_array>
          <technique_common>
            <accessor count="4738" source="#_21642-uv0-array" stride="2">
              <param name="S" type="float" />
              <param name="T" type="float" />
            </accessor>
          </technique_common>
        </source>
        <vertices id="_21642-vertices">
          <input semantic="POSITION" source="#_21642-positions" />
        </vertices>
        <triangles count="5746" material="material-0">
          <input offset="0" semantic="VERTEX" source="#_21642-vertices" />
          <input offset="0" semantic="NORMAL" source="#_21642-normals" />
          <input offset="0" semantic="TEXCOORD" source="#_21642-uv0" set="0" />
          <p>2 0 1 3 2 1 6 4 5 4 7 5 7 2991 8 10 9 2997 10 11 9 9 11 12 14 12 13 14 9 12 16 15 3006 18 17 16 16 19 18 17 15 16 22 20 21 22 23 20 24 21 20 25 21 24 22 21 26 23 22 27 22 28 27 3010 29 3015 3015 29 30 31 3015 30 32 3012 4122 32 4122 33 34 33 4122 3026 25 24 26 21 25 4126 26 25 3011 35 36 3014 35 3011 37 3023 3011 36 37 3011 37 3024 3023 3025 38 3027 3027 38 3016 39 3031 3017 39 40 3031 3031 40 3029 38 39 3017 39 41 42 44 41 43 39 43 41 42 40 39 43 38 45 3025 46 38 46 37 47 37 46 3025 47 37 36 46 45 38 49 44 48 50 49 48 51 48 44 52 48 51 51 44 53 44 54 53 55 4129 4130 55 3030 4129 3034 56 4130 56 55 4130 3034 57 58 56 3034 58 59 56 58 60 55 56 61 60 56 56 62 61 63 61 62 56 59 62 4141 64 62 65 62 64 65 4144 62 65 66 4144 67 4144 66 68 4127 3032 68 4133 4127 69 4132 4133 70 69 4133 68 70 4133 71 69 70 69 4131 4132 72 4138 69 73 72 69 71 73 69 3036 69 4138 72 4135 4138 69 3036 4131 74 4142 4140 3038 74 4140 74 4134 4142 4134 75 4142 55 3028 3030 3028 55 76 38 43 39 43 54 44 44 3039 41 44 4156 3039 49 4156 44 3044 49 50 50 48 4145 77 4145 48 79 78 4137 48 4137 78 61 3042 60 43 45 54 4118 4120 80 80 4120 81 81 82 80 83 4114 4113 85 84 4114 85 2992 84 4114 83 85 4113 86 83 4113 4109 86 4110 87 86 86 87 88 89 86 88 90 86 89 86 91 92 83 86 92 94 93 4166 93 4167 4166 2993 4167 93 96 93 95 93 94 95 95 97 3046 3046 96 95 3046 4164 96 4164 4121 96 3001 2998 96 2993 96 2998 4115 3002 96 4121 4115 96 3002 4115 3003 3003 4115 4116 99 98 3048 3048 98 100 103 101 102 102 104 103 103 104 105 108 106 107 106 109 107 106 110 109 112 110 111 110 113 111 106 113 110 116 114 115 114 117 115 117 118 115 118 117 119 120 118 119 121 117 114 121 114 122 125 123 124 125 124 126 127 125 126 124 104 126 102 128 104 131 129 130 132 131 130 133 129 128 128 102 133 101 100 102 129 134 130 98 135 133 4112 136 99 99 4111 4112 99 3048 4111 137 4166 4171 4166 137 4172 4172 138 4174 138 4172 139 96 2993 93 96 3002 3001 142 140 141 145 143 144 143 145 2995 2995 2996 146 146 143 2995 4197 4196 2999 3000 147 2999 3004 147 3000 147 4197 2999 4185 148 3008 3008 148 3007 148 3005 3007 149 3005 148 4199 3005 149 4192 4190 149 148 4185 149 4185 4186 149 4199 149 4198 149 4190 4198 3074 2 150 3047 6 150 3 3047 150 5 150 6 5 3074 150 2 3 150 2992 2994 84 153 151 152 154 153 152 155 153 154 156 155 154 155 156 157 157 156 158 160 159 157 159 161 162 164 161 163 167 165 166 168 167 166 169 168 166 162 165 167 165 170 166 162 161 164 172 171 159 171 157 159 171 155 157 155 171 173 174 155 173 174 153 155 153 174 175 151 153 175 173 176 174 171 177 173 177 178 173 171 172 177 180 177 179 180 178 177 178 180 181 181 182 178 182 181 183 184 182 183 182 184 185 182 185 186 186 173 182 176 173 186 186 187 188 185 187 186 189 187 185 190 189 185 189 190 191 192 189 191 192 191 193 194 192 193 195 194 193 196 194 195 196 195 197 198 3093 194 3092 199 193 190 200 3092 200 190 185 184 200 185 201 193 199 195 193 201 3092 200 199 200 202 199 184 202 200 203 201 199 202 203 199 204 201 203 204 203 202 206 205 202 202 207 204 205 207 202 184 183 202 206 183 181 206 208 209 211 210 179 211 212 210 208 179 210 211 179 213 214 211 213 216 214 215 214 213 215 213 217 215 218 214 216 221 219 220 223 222 3101 220 219 222 224 220 222 216 219 218 226 225 216 227 226 215 228 227 215 229 226 227 215 168 228 167 168 215 225 219 216 216 215 226 215 217 167 217 162 167 162 217 172 179 217 213 179 172 217 177 172 179 179 208 180 208 181 180 206 181 208 162 230 165 231 162 164 232 164 163 161 233 163 161 234 233 233 235 163 235 236 163 161 159 160 237 160 157 238 221 220 240 238 239 221 238 240 242 241 240 220 243 238 240 241 221 221 244 218 218 219 221 246 245 244 245 247 244 246 244 221 247 245 248 250 249 248 249 251 248 252 247 248 253 247 252 218 244 254 214 254 211 254 212 211 209 210 212 212 255 209 208 210 209 257 256 209 256 257 258 258 257 259 260 258 259 257 261 259 261 262 259 261 257 263 257 209 263 209 255 263 255 253 263 264 261 263 264 263 265 266 265 263 252 263 253 252 266 263 248 251 252 253 244 247 253 254 244 255 254 253 255 212 254 173 178 182 221 241 267 241 268 267 269 221 267 3136 270 271 271 269 3136 273 271 272 275 273 274 276 275 274 278 276 277 279 276 278 280 279 278 281 280 278 282 276 279 282 275 276 284 283 282 275 282 283 273 285 286 285 287 286 283 287 285 283 288 287 287 289 286 289 273 286 269 273 289 269 289 290 289 287 290 246 269 290 269 246 221 290 245 246 288 245 290 287 288 290 248 245 250 245 291 250 293 250 292 249 250 293 249 293 294 251 249 294 295 251 294 251 296 266 264 297 298 297 264 265 252 251 266 299 265 266 245 300 291 302 300 301 303 302 301 304 303 301 303 305 302 305 306 302 300 288 304 300 304 301 308 307 303 309 308 303 304 309 303 283 309 304 307 310 303 310 305 303 288 283 304 307 308 311 312 307 311 283 284 313 309 313 311 308 309 311 309 283 313 312 311 313 313 284 314 314 315 313 315 312 313 314 284 316 317 282 279 317 279 280 318 317 280 285 275 283 273 275 285 271 273 269 250 319 292 302 291 300 302 319 291 306 319 302 319 250 291 319 320 292 319 306 320 321 310 307 245 288 300 254 214 218 172 159 162 209 256 206 256 205 206 205 258 322 205 256 258 206 202 183 325 323 324 325 326 323 324 327 328 324 323 327 327 329 328 327 330 329 332 331 329 333 330 327 327 323 333 335 334 323 336 335 323 323 326 336 337 336 326 336 338 339 336 337 338 337 340 338 342 341 340 337 343 344 343 326 345 346 343 345 346 347 343 349 348 347 348 343 347 348 349 350 349 351 350 351 352 350 355 353 354 353 356 354 354 350 355 357 350 354 350 352 355 357 358 359 362 360 361 360 363 361 361 363 364 344 361 364 344 348 361 348 362 361 348 350 357 359 362 357 362 348 357 335 339 365 339 338 365 335 336 339 335 365 334 365 366 334 366 367 368 334 369 370 369 334 368 334 370 333 372 371 370 373 369 368 375 374 373 373 368 376 374 369 373 314 371 372 314 316 377 284 317 316 282 317 284 317 377 316 379 378 318 379 380 378 380 332 330 332 329 330 380 381 332 333 371 330 323 334 333 368 334 366 370 371 333 371 378 330 380 330 378 371 377 317 378 371 317 378 317 318 377 371 314 370 369 372 369 374 372 374 315 314 374 314 372 382 315 374 385 383 384 386 384 358 386 356 385 388 387 385 385 389 388 385 356 389 356 353 389 356 386 354 358 357 386 357 354 386 390 388 389 385 384 386 393 391 392 391 394 392 396 395 392 397 396 392 395 393 392 395 396 398 387 393 395 399 387 395 398 399 395 387 399 383 400 393 387 383 385 387 400 401 393 387 402 400 388 402 387 391 393 401 396 397 403 394 404 392 397 404 405 404 406 405 406 407 405 406 404 408 404 394 408 409 408 394 404 397 392 337 364 342 337 344 364 343 348 344 326 325 345 337 326 343 342 340 337 412 410 411 410 413 411 414 413 410 411 415 412 415 416 412 417 415 411 415 417 418 421 419 420 422 414 420 423 414 422 423 422 424 414 423 413 417 411 413 417 413 425 423 426 413 426 425 413 426 427 425 417 425 428 430 429 428 417 428 431 427 430 428 427 432 430 432 433 430 427 428 425 432 434 435 437 434 436 439 438 434 438 436 434 438 440 436 439 434 441 441 442 439 427 442 441 427 443 442 444 439 442 444 445 439 434 432 441 448 446 447 446 449 447 451 449 450 452 451 450 439 449 451 438 439 451 449 446 450 446 453 450 446 454 453 455 454 446 454 455 456 455 446 448 459 457 458 460 457 459 458 461 459 461 455 459 461 462 455 463 461 458 455 448 459 458 457 464 466 457 465 457 467 465 457 460 467 467 468 465 468 469 465 470 469 468 467 471 468 472 470 468 473 472 468 468 474 473 468 471 474 473 474 475 474 476 475 476 477 475 474 478 476 478 479 476 478 480 479 474 471 481 471 482 481 471 483 482 485 484 482 487 486 481 482 487 481 486 478 481 478 474 481 480 478 486 487 116 486 486 116 115 115 480 486 487 488 116 490 489 488 490 484 491 488 484 490 487 482 484 488 487 484 492 491 485 493 492 485 485 494 493 483 495 482 495 496 482 498 496 497 499 498 497 500 499 497 501 459 497 502 3238 497 448 447 502 459 448 502 497 459 502 460 459 501 467 460 501 495 467 501 495 501 497 496 495 497 467 495 483 471 467 483 422 503 424 503 504 424 420 503 422 419 504 503 420 419 503 504 505 424 423 424 506 424 507 506 424 505 507 505 508 507 507 509 506 509 510 506 426 423 506 510 426 506 426 510 511 426 511 427 511 510 509 443 427 511 441 432 427 443 511 509 513 443 512 514 513 512 515 514 512 443 509 512 513 514 516 514 517 516 514 518 517 518 519 520 519 521 520 519 518 522 523 518 520 524 523 520 523 517 518 525 517 523 517 526 516 526 527 516 516 528 513 529 516 527 529 528 516 513 528 443 528 444 443 444 442 443 445 444 528 445 528 447 531 530 494 531 3238 502 531 532 500 500 532 499 3259 498 499 3259 485 498 498 485 482 498 482 496 532 531 494 494 533 493 493 534 492 535 491 492 485 3259 494 536 493 533 534 493 536 537 533 494 530 537 494 530 538 537 530 539 538 539 540 541 528 540 447 540 530 447 530 540 539 540 528 541 528 529 541 542 529 527 543 542 527 526 544 527 517 545 526 529 542 541 542 546 541 542 547 546 546 539 541 546 538 539 546 548 538 548 549 538 549 537 538 537 549 533 549 548 533 548 550 533 548 551 550 551 552 550 550 553 533 553 536 533 555 534 554 492 534 555 449 439 445 449 445 447 484 485 491 530 502 447 530 531 502 113 116 111 116 488 111 556 112 111 118 480 115 113 106 114 114 106 122 106 123 122 123 106 124 106 108 124 113 114 116 557 124 108 104 557 105 557 104 124 105 557 558 559 103 105 560 101 103 100 101 561 101 3049 561 562 129 131 563 562 131 566 564 565 565 567 566 569 566 568 571 569 570 573 570 572 573 574 128 571 570 573 576 574 575 574 573 572 571 566 569 571 573 564 562 573 129 573 128 129 573 562 564 576 128 574 575 577 576 577 126 576 104 576 126 128 576 104 572 578 575 579 572 570 578 572 580 572 579 580 579 581 580 583 582 580 579 570 3286 578 580 582 585 584 3292 588 586 587 589 588 587 591 588 590 592 591 590 577 575 592 591 592 575 584 578 3292 586 591 593 584 593 591 591 586 588 567 565 594 568 566 595 566 567 595 98 102 100 133 102 98 4170 4169 3048 100 4170 3048 4168 4111 3048 598 596 597 596 599 600 599 596 598 601 136 598 597 601 598 136 601 98 99 136 98 135 98 601 134 133 135 134 129 133 566 571 564 575 574 572 602 586 593 604 593 603 604 602 593 584 603 593 584 605 603 605 584 585 606 602 604 587 586 602 607 589 587 608 587 602 609 608 602 610 608 609 606 611 609 4160 611 64 612 611 606 64 611 65 613 65 611 614 611 4160 609 611 614 602 606 609 606 615 612 612 615 616 613 611 612 615 617 616 618 612 616 618 613 612 606 604 615 619 121 122 620 117 121 123 621 122 621 622 122 123 125 621 125 623 621 624 4124 4159 4159 625 624 627 626 625 625 626 624 626 3019 624 628 3020 626 630 629 4159 4139 630 4159 65 613 3304 66 65 3304 3040 630 3037 4144 67 3041 589 631 588 591 578 584 591 575 578 3072 632 633 600 3073 3070 600 632 3073 599 598 136 634 599 136 599 632 600 633 599 634 633 632 599 635 136 3074 635 634 136 3074 136 4112 638 636 637 636 639 3240 3203 637 3239 3239 637 636 3239 636 3240 3240 639 640 641 3243 640 3243 3242 640 3242 3240 640 3242 3243 3241 3243 3252 3246 3243 642 3252 641 642 3243 3252 3253 3246 3253 3248 3246 3248 3245 3246 3249 3253 3252 3243 3246 3244 644 3095 643 3095 3096 643 3094 643 3096 643 645 644 646 645 643 646 643 647 645 646 647 643 3094 647 3094 3097 647 3097 648 647 648 645 647 649 644 645 650 649 645 652 651 649 650 652 649 651 653 649 654 650 645 645 648 654 654 652 650 656 652 655 657 656 655 658 652 656 642 641 3250 3252 642 3251 641 659 3250 659 3255 3250 659 660 3255 657 660 659 660 3256 3255 3256 3254 3255 657 659 641 656 641 658 657 641 656 661 657 655 652 654 655 657 661 660 660 3267 3268 3268 3256 660 3247 3256 3268 3257 3268 3267 660 662 3267 3267 3266 3258 3267 662 3266 662 3270 3266 3270 3265 3266 662 663 664 663 660 661 662 660 663 666 665 661 665 663 661 665 666 667 665 667 668 3130 668 3163 3132 668 3130 3132 3130 3129 3131 3152 3132 3133 3152 3131 3128 3130 3163 668 669 665 669 664 665 669 670 664 668 671 669 663 665 664 662 664 672 3270 662 672 664 673 672 674 672 673 3269 672 674 676 675 673 675 677 673 677 674 673 678 674 677 678 3271 674 3271 3269 674 3273 3271 678 3273 678 679 3274 3273 679 677 680 678 680 681 678 681 679 678 681 682 679 682 683 679 683 3274 679 3274 683 3272 683 3275 3272 683 682 3275 685 681 684 682 681 685 681 680 684 686 684 680 3260 685 3278 682 685 3260 3264 3275 3260 3275 682 3260 685 687 3278 687 688 3278 688 3276 3278 687 3261 688 690 687 689 691 690 689 692 690 691 694 693 690 692 694 690 693 687 690 693 3261 687 687 695 689 695 684 696 695 685 684 685 695 687 686 697 696 684 686 696 697 698 696 699 695 696 3161 3154 700 3147 3161 701 703 702 701 686 704 705 680 704 686 704 703 705 706 686 705 703 706 705 706 703 701 3161 706 701 707 686 706 707 706 3161 707 3161 700 697 707 700 686 707 697 708 636 638 710 639 709 639 710 658 710 652 658 711 653 651 711 651 712 710 709 651 652 710 651 640 639 658 641 640 658 709 639 636 709 636 708 714 713 712 709 714 712 709 715 714 708 715 709 651 709 712 3158 3162 3156 3191 3158 3159 717 3162 716 717 716 718 700 717 718 3154 717 700 3154 3157 717 3157 3162 717 718 697 700 716 719 718 719 697 718 698 719 720 697 719 698 720 721 698 723 698 722 725 724 723 692 691 723 695 699 689 699 691 689 691 698 723 722 725 723 725 726 727 722 726 725 729 728 726 730 729 721 731 730 721 733 732 731 735 734 3185 3191 3184 3185 734 3191 3185 736 733 735 3181 3186 3182 736 3186 3181 3186 736 735 737 3180 3179 3169 738 3179 3171 3169 3170 3169 3171 739 3176 3172 3178 742 740 741 745 743 744 745 746 743 747 743 746 748 747 746 747 748 749 749 750 747 751 750 749 750 751 752 752 753 754 756 753 755 753 756 754 756 757 754 758 757 756 760 758 759 759 761 760 761 762 760 762 761 763 765 764 763 767 766 765 768 767 765 768 769 767 770 766 767 3346 770 767 770 771 766 763 768 765 771 770 772 773 769 768 774 771 772 775 771 774 777 771 776 777 778 771 771 775 776 781 779 780 3351 782 781 782 783 781 782 784 783 784 785 783 787 785 786 785 784 786 788 786 784 648 3098 789 3097 3098 648 3098 3100 789 654 648 790 648 789 790 789 666 790 667 789 3100 666 789 667 667 3100 3163 668 667 3163 3100 3099 3163 655 654 790 666 655 790 661 655 666 793 791 792 794 793 792 793 795 796 791 793 796 796 797 791 797 796 798 799 797 798 800 799 798 802 799 801 799 803 804 802 803 799 799 804 797 806 805 804 804 805 797 805 807 797 809 808 791 810 809 791 811 809 810 810 812 813 814 813 812 814 815 813 807 816 812 810 807 812 807 810 797 810 791 797 805 806 817 806 818 817 806 804 803 803 819 806 819 820 806 820 818 806 820 821 822 823 822 821 825 824 822 824 818 822 826 822 823 828 826 827 763 764 762 760 757 758 754 750 752 750 754 823 829 750 823 754 757 823 757 827 823 757 3369 827 760 3369 757 747 750 829 830 823 821 826 823 827 3369 760 762 833 831 832 802 834 831 833 802 831 834 802 801 831 732 832 736 832 732 735 733 734 733 736 732 737 832 736 3179 835 737 3179 738 835 837 836 738 739 738 3169 838 830 739 830 838 747 837 821 839 835 832 737 839 832 835 833 832 839 839 819 833 732 730 731 732 840 730 841 732 831 834 841 831 840 729 730 3291 3294 3290 3295 3293 3294 842 3291 3287 3287 3288 842 3291 3289 3287 3288 3301 843 845 844 843 814 812 846 846 812 847 817 848 849 817 818 848 818 847 848 816 847 812 816 848 847 818 846 847 846 818 850 824 850 818 820 822 818 3185 3183 735 3183 3186 735 742 838 739 742 739 3331 739 3176 3331 3176 739 3172 738 739 837 836 839 835 836 835 738 3181 3180 737 736 3181 737 839 836 837 830 837 739 821 837 830 829 830 747 743 747 838 4255 780 4253 780 779 4253 851 780 4255 851 4255 852 853 851 852 4255 3295 852 854 778 853 778 777 853 777 780 853 780 851 853 766 855 3344 766 771 855 771 778 855 778 856 855 856 3345 855 857 764 3345 857 3345 856 762 764 857 828 762 857 822 826 825 858 825 826 858 826 857 856 858 857 826 828 857 854 858 778 858 856 778 824 825 859 825 860 859 825 858 860 860 854 859 854 852 859 854 853 852 861 824 852 852 824 859 3295 3294 852 3294 3291 852 842 861 852 842 862 861 824 861 850 781 780 777 777 3351 781 829 823 830 3171 3172 739 839 821 820 839 820 819 819 803 833 803 802 833 664 676 673 676 664 670 864 863 676 676 863 675 863 865 675 865 866 675 866 867 675 867 677 675 677 867 868 867 866 868 866 703 868 866 702 703 703 704 868 680 677 868 704 680 868 702 869 3146 3146 3147 702 702 3147 701 3148 3146 870 869 863 870 3146 869 870 863 869 865 869 866 865 869 702 866 3149 3148 870 863 864 870 870 864 3149 671 3150 3149 864 671 3149 3151 671 668 3152 3151 668 3132 3152 668 671 3151 3134 3153 671 3134 669 671 670 864 676 670 670 671 864 3269 3270 672 3153 3135 3150 671 3153 3150 3127 3149 3150 3155 3154 3161 720 871 734 733 720 734 720 733 731 720 731 721 729 726 721 726 722 721 722 698 721 716 871 720 3162 3158 871 716 3162 871 3191 734 871 3158 3191 871 719 716 720 742 741 838 741 743 838 4172 137 872 4172 872 873 791 137 792 872 137 808 137 791 808 850 844 846 845 846 844 843 862 3288 843 844 862 844 861 862 844 850 861 862 842 3288 858 854 860 852 3291 842 699 696 698 691 699 698 876 874 875 3199 3202 875 3200 3199 875 877 3202 3207 3202 3201 3207 3207 3204 3205 3208 3205 3206 878 3202 877 875 3202 878 876 875 878 879 876 878 878 877 880 879 880 881 881 880 882 880 879 878 877 3207 883 4235 883 3208 4234 4235 3208 4235 3210 883 3209 3210 4235 883 3205 3208 3207 3205 883 883 884 877 880 884 882 886 885 882 886 887 885 888 881 885 881 882 885 883 889 884 3210 889 883 3210 3211 890 3211 3213 890 3213 891 890 891 892 890 892 889 890 886 889 892 887 886 892 893 887 892 892 891 893 894 893 891 896 895 893 3213 897 891 3216 3217 897 894 891 897 893 894 896 900 898 899 3112 900 899 901 3112 899 3090 902 898 898 902 899 902 896 899 902 895 896 901 899 903 905 904 903 896 905 903 906 901 903 899 896 903 906 903 904 3218 3220 907 3217 3218 907 905 3217 907 897 3214 3216 897 3213 3214 3213 3212 3214 3217 3216 3215 897 905 894 897 3217 905 908 905 907 905 908 904 896 894 905 910 909 888 909 911 888 910 888 912 888 885 912 885 913 912 893 895 914 887 893 914 913 887 914 914 895 915 916 914 915 916 913 914 912 913 916 916 915 917 910 912 916 3077 916 917 3077 910 916 3077 918 910 3118 917 3119 917 915 3119 915 3115 3119 3119 3115 3085 895 3114 3115 3113 3114 895 895 902 3091 3091 902 3087 902 3090 3087 898 3088 3090 3113 895 3091 3086 3113 3091 3083 3114 3113 3114 3084 3115 919 909 918 909 910 918 920 881 888 3077 3076 918 917 3080 3077 3078 3077 3080 3080 917 3079 917 3120 3079 917 3117 3120 3117 917 3118 3117 3118 3116 3117 3082 3120 3082 3081 3120 890 889 3210 889 886 884 3224 907 3220 3219 3224 3220 3225 3224 3223 907 3224 908 3224 921 908 921 922 908 922 904 908 922 923 904 923 906 904 925 922 924 3227 925 924 3221 3227 924 3226 3221 924 3229 925 3227 921 3226 924 922 921 924 921 3225 3226 3225 3222 3226 3224 3225 921 3229 3227 3228 926 925 3229 4236 926 3229 927 926 4236 4237 927 4236 928 927 4237 928 4237 3231 4237 3230 3231 929 928 3231 3233 929 3231 929 930 928 931 929 3233 3234 931 3233 3232 3234 3233 932 930 929 931 932 929 3235 3061 3234 934 933 932 933 935 932 932 936 930 932 935 936 935 937 936 938 936 937 938 937 939 940 938 939 927 938 940 927 936 938 937 941 939 941 942 939 942 943 939 925 926 943 941 944 942 944 945 942 946 943 942 946 925 943 944 947 948 941 947 944 950 949 948 951 944 948 949 951 948 949 952 951 951 945 944 948 947 937 953 948 937 941 937 947 948 954 950 948 953 954 956 955 954 956 957 955 953 956 954 955 950 954 955 958 950 949 950 958 949 958 959 958 960 959 961 949 959 962 961 959 963 949 961 963 961 964 967 965 966 923 967 968 901 906 969 906 968 969 968 970 969 969 971 901 971 972 901 969 973 971 3106 3112 901 972 3106 901 3106 3108 3112 900 3112 3109 3110 900 3109 970 973 969 970 966 974 970 968 966 966 968 967 968 906 923 965 975 966 963 976 965 880 877 884 886 882 884 887 913 885 915 895 3115 923 922 952 952 965 967 952 963 965 952 922 946 946 945 952 946 942 945 922 925 946 952 967 923 952 945 951 949 963 952 943 940 939 926 927 940 943 926 940 935 977 937 935 933 977 980 978 979 981 977 979 977 981 937 978 982 981 979 978 981 982 956 981 956 953 981 983 956 982 953 937 981 936 928 930 927 928 936 934 931 984 934 932 931 3063 3062 931 3234 3063 931 3234 3061 3063 3062 3306 931 3060 3306 3062 3306 984 931 985 933 934 986 977 933 977 987 979 977 986 987 987 988 989 988 990 991 3306 992 984 3306 993 992 3406 984 992 3406 994 984 984 994 995 995 994 996 996 4245 997 4246 998 997 998 999 997 998 1000 999 1001 996 997 1004 1002 1003 1002 1004 1005 1007 1004 1006 1008 1007 1006 1010 1007 1009 1005 1007 1010 1012 1011 1010 1005 1013 1002 1014 1003 1002 1015 1003 1014 1017 1002 1016 1018 1017 1016 1017 3412 1014 985 1014 1019 1021 1019 1020 1022 1019 1021 1025 1023 1024 1026 1025 1024 1025 1026 1027 1027 1028 985 1027 1029 1028 1029 1027 1030 1031 1028 1029 1033 1031 1032 1036 1034 1035 1038 1037 1034 1039 1035 1037 1037 1035 1034 1040 1036 1035 1032 1041 1038 1038 1041 1042 1044 1043 1042 1045 1044 1042 1043 1037 1042 1037 1038 1042 1044 1046 1043 997 4245 4246 3067 4245 996 3067 4177 4245 1047 3067 996 996 994 1047 994 3308 1047 3308 3309 1047 3309 3067 1047 3066 3067 3309 3307 3309 3308 3308 3305 3065 3308 3406 3305 993 3306 3305 3306 3064 3305 994 3406 3308 1011 1013 1005 1011 1005 1010 1004 1007 1005 997 999 1001 1003 996 1001 1049 1048 1012 1049 1012 1010 1009 1007 1050 1007 1051 1050 1007 1008 1051 999 1008 1006 999 1006 1001 1052 1008 999 1006 1004 1001 1004 1003 1001 1000 1053 999 1055 998 1054 1056 1054 3312 1057 1056 3312 1058 1057 3312 3312 3298 1058 3303 3302 3297 1059 3302 3303 3298 3302 1060 3302 1059 1060 1059 3303 4257 1061 4256 4258 1061 1062 4256 1062 1059 4256 1059 4257 4256 1025 1019 1022 1025 1027 1019 985 1019 1027 1023 1063 1024 1064 1063 1023 1065 1064 1023 1025 1066 1023 1025 1022 1066 1067 1023 1066 3412 1019 1014 1068 1019 3412 1068 1020 1019 1020 1068 1016 1068 1018 1016 1069 1020 1016 1002 1070 1016 1002 1013 1070 1013 1071 1070 1002 1017 1014 1038 1034 1032 1034 1033 1032 1034 1072 1033 1034 3189 1072 3167 1034 1036 3189 1034 3167 3167 1036 3165 3166 3167 3165 3168 3189 3167 1033 1072 1073 1072 3189 1073 991 1073 988 1073 3189 988 985 1074 986 995 934 984 996 1015 995 1003 1015 996 1015 934 995 985 934 1015 985 1015 1014 1028 1074 985 1028 1031 1074 1031 990 1074 990 1031 991 3405 1033 1073 1031 1033 3405 998 4246 3299 1054 998 3299 3299 3312 1054 3296 3312 3299 1036 3164 3165 986 933 985 990 986 1074 986 990 988 987 986 988 3189 989 988 3189 1075 989 1076 987 989 3298 1060 1058 1077 1057 1058 1078 1056 1057 1055 1000 998 1079 1055 1054 1032 1029 1041 1032 1031 1029 1026 3419 1027 3378 3111 3089 3377 3378 3089 3394 3104 4201 3393 3394 4201 3392 3394 3393 3394 3105 3104 3105 3103 3104 3107 3393 4201 1080 3105 3395 3105 3394 3395 3394 3391 3395 3396 3395 3390 1080 3395 3396 3397 1080 3396 3397 3396 3389 3126 3105 1080 3102 3105 3126 3126 1080 3123 1080 1081 3123 1081 3122 3123 3125 3122 1081 3121 3126 3123 1080 3388 1081 1080 3397 3388 3388 3386 1081 3388 3385 3386 3397 3387 3388 3386 1082 1081 1083 3137 1082 1082 3125 1081 3124 3125 1082 3137 3124 1082 3384 1082 3386 1083 1082 3384 3384 3386 3383 3138 1083 3384 3382 3138 3384 3381 3382 3379 3142 3140 3141 3142 3141 4205 3143 3142 4205 1085 1084 4205 1084 4204 4205 3381 1084 1085 3381 3380 1084 3141 1085 4205 3382 3381 1085 3138 1085 3141 3138 3382 1085 1084 3145 4204 1084 3380 3145 3380 3402 3145 3398 3402 3401 3402 3398 3145 3442 3399 3400 3403 3442 3400 3442 3160 3399 3441 3442 3404 3442 3441 3187 3441 3190 3187 3190 3188 3187 3442 3187 3160 3399 3160 3144 3398 3399 3144 3145 3398 3144 3137 1083 4203 4203 1083 4202 3138 3141 3139 3322 3323 4238 3323 3279 4238 3322 4238 4239 3321 3322 4239 3321 4239 4240 3262 3321 4240 3236 4238 3059 4238 3279 3059 1086 3058 3279 3058 1086 1087 3058 1087 4176 4176 1087 4175 3281 3282 3055 3281 1088 3282 1088 3054 3282 3054 1088 1089 1087 1090 1088 1091 1090 1087 1090 1092 1088 1092 1089 1088 91 3283 1089 3054 1089 3283 1092 91 1089 3354 91 1092 3355 3354 3356 3354 1092 3356 1090 3358 3356 1092 1090 3356 1090 1093 3358 3359 3357 3358 3359 3358 1093 3372 3359 1093 3370 3359 3372 1090 1094 1093 1094 3372 1093 1094 3330 3372 3371 3330 1094 1091 3371 1094 3328 3371 1091 3326 3328 3327 3329 3371 3328 3328 1086 3327 1091 1086 3328 1086 3324 3327 3324 3325 3327 1086 3279 3324 3324 3279 3323 3323 3322 3320 1094 1090 1091 3354 3352 91 3053 3283 91 3281 3280 3056 4175 3281 3056 1088 3281 1087 1087 1086 1091 1087 3281 4175 3057 3058 4176 91 86 3284 90 3284 86 90 3052 3284 91 3352 3353 92 91 3353 92 3353 4306 4182 92 4306 3263 3237 3277 3319 3263 3277 4319 3422 3421 3422 4206 4207 3420 3422 4207 3422 4319 4208 4208 4319 1095 4318 3423 1095 3423 1096 1095 1096 1097 1095 3174 1097 1098 1097 3174 4209 4208 1097 4209 1098 1099 1100 1098 4210 3174 4211 1100 1101 4211 1101 4212 1104 1102 1103 1105 3193 1103 1102 1105 1103 1106 1105 1102 1108 1106 1107 1105 1106 1108 4227 1105 1108 4227 3193 1105 1103 3193 4219 4227 3192 3193 1104 1103 4212 4211 4212 3175 4211 4210 1100 4210 1098 1100 1111 1109 1110 1111 1110 1112 1110 1113 1112 1113 1114 1112 1114 1115 1116 1119 1117 1118 1117 1120 1118 1120 3457 1118 1123 1121 1122 3457 1120 1122 1121 1123 1124 1127 1125 1126 1127 1128 1125 1128 1129 3462 1130 1127 1126 1130 1126 1124 1123 1130 1124 1131 1123 1122 1132 1122 1120 1132 1131 1122 1131 1132 1133 1134 1131 1133 1137 1135 1136 1137 1136 1138 1130 1138 1136 1131 1134 1138 1130 1131 1138 4273 4275 1139 4275 1140 1139 4275 1141 1140 1142 1141 4275 1142 1143 1141 1143 1144 1141 1144 1143 1145 1147 1146 1145 1146 4358 1145 1146 1148 4358 4358 1148 1149 1151 1150 1145 1151 3425 1150 1151 1145 1143 3426 1151 1143 3426 3425 1151 3418 4321 4320 3425 4321 3418 1150 3418 4336 1150 3425 3418 4317 4329 1147 4329 4317 3417 4330 1152 4329 1152 1153 1154 1155 1152 1154 1156 1152 1155 1158 1157 1155 1160 1159 1158 1159 1161 1162 1159 1160 1161 1154 1160 1158 1164 1159 1163 1166 1164 1165 1166 1165 1167 1167 1168 1166 1167 1169 1168 1170 1168 1169 1172 1137 1171 1175 1173 1174 1173 1134 1174 1137 1134 1173 1138 1134 1137 3481 1134 1133 1155 1154 1158 1153 1160 1154 4330 1153 1152 1153 4330 3437 1137 1173 1171 1171 1176 1169 1171 1173 1176 1176 1173 1175 1131 1130 1123 1168 1158 1164 1170 1157 1168 1157 1158 1168 1165 1172 1167 1171 1167 1172 1169 1167 1171 1164 1166 1168 1158 1159 1164 1177 1137 1172 1137 1177 3468 1156 1146 1152 1152 1146 4329 1146 1156 1148 1156 1178 1148 4329 1146 1147 4336 4317 1147 1150 4336 1147 1145 1150 1147 1097 1096 1098 1098 1096 1099 1096 1143 1099 1143 1142 1099 3423 3426 1096 3426 1143 1096 3424 3425 3426 4226 4227 1108 1179 4226 1108 1108 1180 1179 3194 1179 1180 1180 1108 1181 1108 1182 1181 1107 1182 1108 1181 1182 1183 1181 3194 1180 3198 4233 1181 1184 3198 1181 1181 4233 3194 3195 1179 4220 4226 1179 3195 4212 1101 1104 1187 1185 1186 1101 1185 1187 1104 1101 1187 1188 1187 1186 1188 1104 1187 1104 3484 1102 1100 1099 1185 1101 1100 1185 1103 4219 4212 3194 4233 4221 1181 1183 1184 1189 1184 1183 1190 3198 1184 1190 1191 1192 3197 1190 1192 3198 1190 3197 1194 1193 1190 1193 1191 1190 1184 1194 1190 4206 4208 3173 3422 4208 4206 1095 1097 4208 4319 4318 1095 4179 3285 3068 4242 1195 3300 4243 4242 3300 1195 1196 3300 1196 4244 3300 3285 4179 4242 4179 1197 4242 1200 1198 1199 1198 1201 1199 1202 1200 1199 1202 1203 1200 1204 3497 1199 3497 1204 1205 1204 1206 1205 1208 1205 1207 1205 1206 1207 1206 4162 1207 1206 4119 4162 1209 4117 1206 3009 4117 1209 4271 3009 1209 1206 4117 4119 4241 3285 4242 1206 1210 1209 1206 1204 1210 1195 4242 1197 1198 1195 1197 1200 1195 1198 1200 1211 1196 1195 1200 1196 3365 1196 1211 4310 3365 3373 1196 3365 4310 1196 4310 4244 4244 4310 4309 4247 4244 4309 4285 1212 4287 1213 4288 4287 1213 3350 4288 1213 4287 1214 4287 1212 1214 1212 1215 1214 1214 1215 1216 1215 1217 1216 1214 1216 1218 1220 1218 1219 1222 1221 1219 1225 1223 1224 1221 1226 1223 1223 1226 1224 1226 1227 1224 1228 1227 1226 1221 1228 1226 1228 1229 1227 1229 1228 1230 1231 3504 1230 1232 1216 3505 1230 1222 1232 1230 1232 3505 1230 1228 1222 1222 1228 1221 1218 1216 1232 1218 1232 1222 1218 1222 1219 1233 3504 1231 3504 1233 1234 1234 1233 1235 1237 1234 1236 1238 1237 1236 1234 1237 1224 1234 1224 1227 3504 1234 1227 1239 1225 1224 1224 1240 1239 1224 1237 1240 1243 1241 1242 1243 1242 1244 1242 1245 1244 1244 1245 1239 1240 1244 1239 1246 1245 1242 1241 1247 1246 1241 1243 1248 1246 1242 1241 1220 1249 1218 1249 1214 1218 1214 1249 1213 1243 1237 1238 1237 1243 1240 1243 1244 1240 1241 1248 1250 1248 1251 1250 1247 1241 1250 1253 1247 1252 1253 1254 1247 1254 1246 1247 1250 1252 1247 1250 1251 1252 1252 1251 1255 1251 1256 1255 1253 1255 1257 1253 1252 1255 1255 1256 1258 1216 1259 3505 1260 1259 1216 3506 3505 1259 1260 1261 1259 1215 1262 1263 3502 1215 1263 1262 1215 1264 1215 1212 1264 1212 4285 1264 1243 1265 1248 1238 1265 1243 4283 1266 4284 4414 4284 1266 4286 4284 4414 1267 4412 4414 1267 1268 4412 3516 4412 1268 1269 3516 1268 3518 1268 1270 4411 3518 1270 4411 3514 3518 1268 1267 1270 1271 1270 1267 1274 1272 1273 1274 1271 1272 1272 1271 1267 1275 1272 1267 1278 1276 1277 4283 4281 1278 1277 1279 1278 1279 1266 1278 1266 4283 1278 1266 1279 1267 1275 1267 1277 4414 1266 1267 1267 1279 1277 1282 1280 1281 1283 3509 3508 1283 1281 3509 3509 3507 3508 1281 3510 3509 1281 1284 3510 4415 1284 4401 1286 4401 1285 4401 1284 1285 1284 1287 1285 1281 1287 1284 1281 1280 1287 1288 1285 1287 1289 1282 1281 1289 1281 1283 3508 1270 1283 1270 1271 1283 1271 1274 1290 1283 1271 1290 1289 1283 1290 1270 4410 4408 1270 3508 4410 4411 1270 4408 4415 4397 1284 1291 1285 1288 1286 4403 4401 1285 1291 1286 1291 1292 1286 1286 1293 1294 4405 1286 1294 1286 1292 1293 1294 1295 1296 1296 4405 1294 4403 1286 4405 1298 1277 1297 1277 1276 1297 4315 4322 1299 4322 1300 1299 4322 4323 1300 1302 1301 1300 1304 1302 1303 1299 1300 1305 4419 4421 1305 1301 1305 1300 1307 1306 1301 1308 1307 1301 1311 1309 1310 1309 1311 1312 1309 4423 4426 1309 4422 4423 4418 1306 4417 1301 1306 4418 1305 1301 4418 4418 3519 1305 3519 4419 1305 1315 1313 1314 1317 1316 1314 1314 1318 1319 1318 1314 1313 1313 1320 1321 1312 1320 1313 1318 1313 3535 1319 1317 1314 1322 1317 1319 1323 1317 1322 1323 1324 1317 1324 1325 1317 4425 1316 1325 1325 4428 4425 1316 1317 1325 1325 1326 1327 1329 1324 1328 1324 1323 1328 1329 1325 1324 1325 1329 1326 1323 1330 1328 1330 1323 1331 1331 1323 1322 4422 1316 4424 4422 1314 1316 1316 4425 4424 1309 4426 1310 1306 1310 4427 1306 1332 1310 1332 1306 1307 1308 1333 1307 1332 1311 1310 1302 1308 1301 1308 1302 1304 4417 1306 4427 1310 4426 4427 1315 1312 1313 1309 1312 1315 4422 1309 1315 1314 4422 1315 1335 3520 1334 1336 3520 1335 3520 4420 1334 4420 3342 1334 4420 4282 3342 1336 1335 1337 1337 3439 1336 4430 3528 1338 1299 4430 1338 1299 4421 4430 3528 1336 1338 1338 1339 1299 1339 1338 1340 1339 1340 1341 4314 1339 1341 3415 3440 1341 1340 1336 3439 1338 1336 1340 3439 3438 1340 3438 1341 1340 3438 3416 1341 3440 3413 3414 3440 3415 3413 4333 3440 3411 1341 3440 4333 4334 1341 4333 4334 4314 1341 1305 4421 1299 4315 1299 1339 4315 1339 4314 3520 1336 3528 3521 1325 1327 3521 4428 1325 3521 3537 1342 3523 3522 1342 1344 3524 1343 1345 1344 1343 1347 1346 1345 1349 1348 3552 1349 1350 1348 1346 1347 1349 3524 3523 1342 3522 3521 1342 4334 3410 4314 3529 4431 3531 4431 1351 3531 1351 1352 3531 1352 3530 3531 3544 3530 1352 3533 3530 3544 1352 4402 1353 4392 1353 4402 3544 1352 3532 1352 1353 3532 1353 4439 3532 4439 1354 4432 4432 1354 3534 1354 4435 3534 4436 4435 1354 1355 4436 1354 1356 1355 1354 1355 4396 1357 1355 3503 4395 4396 1355 4395 1357 4436 1355 4434 4433 1358 4433 4436 1358 4437 1358 4400 3512 4437 4400 1358 4399 4400 1358 1357 4399 1357 4398 4399 1357 4396 4398 1360 1359 1351 1359 1361 1351 3348 3347 1361 1359 3348 1361 1361 3347 4390 4289 4290 3347 1362 1361 4390 1362 4402 1352 3501 4402 1362 1354 4439 1353 1353 1356 1354 1353 4392 3560 4392 4393 3561 4393 4394 3561 3503 1355 3561 4436 1357 1358 4434 1358 4437 3558 4438 3512 3555 3558 3512 4438 4437 3512 3512 3511 1363 3555 3512 1363 3553 3555 1363 1365 1364 1360 1364 3562 1360 1361 1362 1351 1352 1351 1362 1366 1364 1365 3409 1366 1365 4324 3409 1365 4431 4324 1365 1351 4431 1365 1360 1351 1365 4313 3409 4324 1366 3409 3427 4390 3501 1362 4413 4409 4391 3515 4413 3517 4416 3515 3517 1367 3563 3565 1368 3563 1367 1370 1369 1367 3443 1371 1370 3443 3435 1371 1370 1371 1372 3436 1371 3435 3436 3435 3434 3435 3443 3433 1370 1367 1373 1370 1373 3443 3349 1374 4291 3349 1368 1374 3563 1368 3349 1368 1375 1374 48 78 77 1376 4259 77 78 1376 77 4328 4259 1377 1377 4259 1376 1376 1378 1377 1372 1371 1379 1379 1377 1378 1376 78 1378 79 1378 78 1377 1379 1371 4145 4157 50 1377 1371 4328 1371 3436 4328 3443 3444 3432 3444 4335 3431 3431 4335 3430 3444 3443 1373 3444 1373 1380 1373 1367 1380 1367 3565 1380 1380 3565 3566 4335 3444 1381 4327 4335 1381 3429 3407 4327 3444 1380 1381 3566 4325 1380 4325 3428 1380 3408 4326 3428 3428 1381 1380 4326 1381 3428 1381 3429 4327 4326 3429 1381 3429 4326 4312 3564 4445 3513 1382 3513 4407 4406 1382 4407 4406 4429 1382 3564 3513 1382 3513 4404 4407 3551 3564 1382 3548 3551 1382 4446 3564 3551 4429 3548 1382 4429 3525 3548 3541 1383 3540 1383 1384 3540 1384 3538 3540 3536 1385 4442 3536 3539 1385 4442 1385 1386 3546 4442 1386 1387 3559 3556 3542 3543 1387 3559 1387 3543 3549 4444 4443 3557 3554 1388 1389 1388 3550 4457 4459 4458 3526 3576 4459 1390 4455 3575 1390 3575 3577 3577 3527 1390 1391 3571 4454 1390 1391 4454 4456 4454 3571 1391 3573 4453 1391 4453 3572 3571 1391 3572 3574 3573 1391 3574 1391 1390 3547 3574 1390 3527 3547 1390 4455 1390 4454 1394 1392 1393 1394 3464 1392 1396 3464 1395 1395 3459 1396 3464 1394 1395 1394 3453 1395 3450 3453 1394 1394 1397 3450 1393 1397 1394 4348 4347 3581 3458 4348 3581 3581 3454 3455 3458 3581 3455 4460 3466 3578 3466 4460 3463 4460 4462 3463 4340 4343 3579 4463 4464 3448 4464 3447 3448 4461 3447 4464 4465 3467 1398 4341 4465 1398 3467 4350 1398 4350 1399 1398 1399 1400 1398 4350 1401 1402 4351 1403 4349 1403 4350 4349 1399 4350 1402 1406 1404 1405 1407 1404 1406 1406 1405 1408 3479 1409 1408 1407 1406 1410 1410 1406 1409 1411 1410 1409 1410 3343 1412 3343 3340 1412 1407 1410 1412 1411 3343 1410 3343 1411 3545 1411 4440 3545 4440 3472 4441 4440 1411 3472 4441 3472 4331 3472 1411 3478 3477 3472 3478 3478 1409 3479 1408 4362 3479 4362 3476 3479 3480 4363 1413 1413 1414 3480 4369 3480 1414 1413 1408 1405 1408 1413 4362 1413 4361 4362 1415 1405 1404 1415 1413 1405 1416 1414 1415 1417 1414 1416 4369 1414 1418 1414 3587 1418 1418 1419 4370 1419 1420 1421 1423 1422 1421 1421 1422 1419 1419 4354 4370 1422 4354 1419 1401 1422 1423 1422 1403 4351 1422 1401 1403 1401 4350 1403 1414 1413 1415 1423 1421 1424 3590 1420 3587 1420 1418 3587 1419 1418 1420 1421 1420 3590 1408 1409 1406 1411 1409 3478 1422 4351 4354 1413 4363 4361 4370 4369 1418 1416 1415 1425 4332 4441 4331 4332 4331 4316 3456 4345 1426 1426 1427 3456 1427 1426 1428 1428 1429 1427 4345 3452 1426 3451 1430 3452 1430 1426 3452 1429 1431 1432 1432 1427 1429 1427 4346 3456 4346 1427 1433 1436 1434 1435 1438 1437 1434 1437 1435 1434 3482 3473 1439 3474 1436 1439 1440 1439 1435 1436 1435 1439 1440 4355 3482 1439 1440 3482 1440 1435 1441 1437 1441 1435 4355 1440 4274 3469 3482 4355 3471 3482 3469 3471 3469 4356 3470 3482 3471 4359 3471 4356 1441 4274 1440 1441 3338 4274 1442 4365 4364 1434 4365 1442 4364 4368 1442 1443 4368 4366 4366 4367 1444 1445 1443 1444 1445 1446 1447 1446 1448 1447 1446 1431 1448 1449 1446 1444 1446 1445 1444 1444 4367 4353 1444 4353 1449 3482 3475 3473 4360 1436 3474 4360 4365 1434 1434 1436 4360 1442 1450 1434 1442 1451 1450 1442 1443 1451 4368 1443 1442 1443 4366 1444 1443 1445 1452 1452 1451 1443 1434 1450 1438 1427 1432 1433 1433 4352 4346 1446 1449 1432 1449 1433 1432 4353 1433 1449 1431 1446 1432 1433 4353 4352 3465 3580 3461 3580 3460 3461 4344 1453 3449 4344 4342 1453 1453 4479 3449 4480 3449 4479 1453 1454 4479 1454 1453 4468 1454 4468 4466 1453 3582 4468 1453 4342 3582 4477 3592 1455 4488 1455 3592 1455 4488 4467 3592 4477 3591 1455 4478 4477 1456 4478 1455 4481 1456 1457 1456 4470 1457 4467 4470 1455 1457 4469 4473 1458 1457 4473 1460 1458 1459 4481 1458 1460 4481 1457 1458 1459 1458 1461 1462 1459 1461 1458 4473 1461 1463 1461 4473 1463 4473 4474 1464 3583 3584 3585 1464 3584 3585 4279 1464 1465 1464 4279 1465 4484 4482 3585 4280 4279 3341 4280 3585 1467 1465 1466 4476 3586 1467 1467 1464 1465 1467 1468 4476 1466 1469 1468 1467 1466 1468 1469 1470 1468 1472 1471 3593 4487 1472 3593 1466 4483 1471 4482 1466 1465 4482 4483 1466 1459 1462 3594 1462 3596 3594 1459 3594 4485 4486 1459 4485 1460 1459 4486 4469 1457 4470 4481 4478 1456 1460 4486 4481 1455 4470 1456 1468 4471 4476 4471 1468 3588 1468 1470 3588 3589 1470 1473 3589 1473 1474 1473 1470 1475 1473 1475 1476 1475 1477 3597 1475 1469 1477 1469 1471 1477 1474 1473 1476 1470 1469 1475 1477 1478 3597 1478 1462 3597 1478 3596 1462 1471 1478 1477 1472 3596 1478 1471 1472 1478 1462 1479 3597 1462 1461 1479 1479 1474 1476 1461 1463 1479 1466 1471 1469 3596 4487 3595 3596 1472 4487 1467 3586 3583 1464 1467 3583 1474 1463 4475 1479 1463 1474 4475 4472 1474 1465 4279 4278 4277 1465 4278 1465 4277 4484 4277 3339 4484 1480 3445 3336 3335 1480 3337 1481 3445 1480 3335 1482 1480 3335 3333 1482 3333 1483 1482 1481 1480 1482 1482 1483 1481 3483 1481 4374 4375 4374 1484 1481 1483 1484 1484 4338 4375 1485 4339 4338 1484 1486 1485 1484 1485 4338 1485 3446 4339 1485 1487 3446 1485 1486 1487 1486 1488 3598 1488 1489 3599 3600 1490 1487 1487 1490 3446 4371 1491 4372 1492 4372 1491 1491 1493 1494 1491 1490 1493 1490 1491 3446 1488 1486 1484 1483 1488 1484 1481 1484 4374 3446 1491 4371 1492 1495 4372 1495 4376 4372 4377 4376 1495 1492 1496 1495 1494 1497 1492 1492 1491 1494 1492 1497 1498 1496 1492 1498 1499 4377 1495 1499 3492 4377 4376 4377 4373 4337 4357 4276 1481 3483 3445 1495 1496 1499 3332 1500 3334 4215 3332 3177 3332 4215 1501 3332 1501 1500 1500 1501 4490 4489 1500 4490 4215 4216 1501 4216 1502 1501 1502 1503 1501 1504 1503 1502 1505 1503 1504 1506 1503 1505 1506 3610 3601 4491 1506 3601 3611 1507 3602 1507 1508 3603 1509 1508 1507 3608 1509 3612 1505 3609 3612 1511 4218 1510 3613 4213 4218 3613 1504 4213 4218 4217 1510 1508 3614 1510 1512 1508 1510 3614 1509 3608 3614 1508 1509 1510 4217 1512 1513 1512 4224 1513 1514 4492 4492 1514 4493 3604 1512 4492 1512 1513 4492 3603 1508 3604 1512 3604 1508 1503 1506 4491 1501 1503 4491 4490 1501 4491 4214 1504 1502 1502 4216 4214 4213 1504 4214 4222 1513 4224 4228 1513 4222 3605 4493 1514 1514 1515 3605 1515 4495 3605 4495 1515 1516 4494 4495 1516 3606 4494 1517 1516 3196 1517 3196 1516 4223 4228 4223 1515 4223 1516 1515 1515 1514 4228 1517 4494 1516 1514 1513 4228 4225 4224 1512 4217 4225 1512 1518 3615 4229 3493 3607 1518 3607 3615 1518 4231 3488 1518 4229 4231 1518 3485 3494 3616 3486 3617 3489 3487 3495 3496 3487 3490 3618 4230 3491 4232 4123 4125 4263 3021 3013 4263 3018 3311 1519 3022 3311 3018 3311 1520 1519 1519 4128 3018 1522 1519 1521 1523 1522 1521 1523 1524 1522 1519 1520 1521 1520 3311 4265 3311 3310 4265 3033 1519 1522 4128 1519 3033 4496 3620 4497 4496 4266 4264 3045 4496 4264 1525 4496 3045 1525 3620 4496 1525 1526 3620 1526 3621 3620 1525 1527 1526 1528 3043 1527 1529 1525 3045 4267 4268 1529 1527 1529 4270 1529 4268 4270 1529 3045 4267 1530 4270 4148 1531 1530 4148 1534 1532 1533 1536 1535 1533 1531 1534 1537 1534 1533 1537 1533 1535 1537 1528 1531 1537 1538 3043 1537 3043 1528 1537 4152 1527 4154 1527 4152 1526 4295 1539 4252 4254 4295 4252 1539 4295 4298 4298 4295 4296 1532 1540 1541 1542 1540 1532 1543 1541 1540 1541 1536 1533 1533 1532 1541 1541 1543 4304 4304 1543 3625 4304 3625 4302 3625 3626 4302 3626 4260 4301 3626 4262 4260 1539 4301 4260 4300 4301 1539 4298 4300 1539 4252 1539 4260 4261 1544 4269 3627 1532 4269 4262 3626 1544 1542 1532 3627 1534 4147 4269 1534 4269 1532 1525 1529 1527 4148 4147 1531 4147 1534 1531 1528 1527 1530 1527 4270 1530 1531 1528 1530 3626 4301 4303 4261 4262 1544 4150 3619 4149 3619 3622 4149 4151 3623 71 4149 3622 4151 3622 3623 4151 3568 3569 4448 1546 1545 3568 1546 3568 4448 3567 3568 1545 4447 3567 1545 1546 1547 1545 3570 4293 4292 4449 3570 4292 3570 1545 4293 1545 1547 4293 4297 1547 4299 1546 1548 4299 4452 1548 1546 4448 4452 1546 1547 1546 4299 1545 4450 4447 1550 4503 1549 1549 1551 1550 1551 4153 1550 4503 1550 3624 1550 4498 3624 1550 4501 4498 4153 4501 1550 4155 4501 4153 1551 4136 4153 3035 4136 1551 4161 3035 1551 4161 1551 1549 4161 1549 4451 1549 1552 4451 4503 4305 1552 4305 1548 1552 1549 4503 1552 4451 1552 4452 1552 1548 4452 1548 4305 4299 1547 4297 4294 1547 4294 4293 4158 4146 4143 4502 4500 4499 1554 1553 3051 1555 1553 1554 3051 4183 1554 4183 4184 1554 4184 4173 1554 4311 1554 4173 4311 1556 1555 3376 1556 4311 1556 4388 1555 4388 4380 1555 1555 4384 1553 1553 4384 4386 4386 4384 3498 4384 4383 3498 4163 1553 4387 3051 1553 4165 1553 4163 4165 4183 3051 3050 1555 4380 4384 4307 3376 3362 4307 4308 3376 3376 4308 1556 4308 3363 3364 3366 4308 3364 3366 1556 4308 3366 4389 1556 1556 4389 4388 1554 4311 1555 4387 1553 4386 4385 4249 4248 4248 3500 4385 4249 4385 4381 4249 1557 4251 4249 4382 1557 1557 4181 4251 1557 3069 4181 4178 3069 1557 1557 4180 4178 4180 1557 4378 1557 4382 4378 4378 4382 4379 4381 4382 4249 4250 4272 3499 3499 3500 4250 3500 4248 4250 1558 3315 3317 3628 3318 3075 4187 4189 3313 3316 4193 3071 3316 3629 4193 3314 3316 3071 4504 4191 4194 4200 4188 4195 3360 3368 3375 3374 3367 3375 3367 3361 3375 3361 3360 3375 1561 1559 1560 1561 1560 1562 1563 1561 1562 1563 1562 1564 1566 1564 1565 1565 1567 1568 1570 1567 1569 1570 1571 1567 1573 1571 1572 1572 1571 1574 1570 1574 1571 1575 1574 1570 1576 1575 1570 1576 1570 1577 1576 1577 1578 1576 1578 1579 1577 1580 1578 1576 1581 1575 1569 1567 1582 1567 1564 1582 1567 1565 1564 1583 1582 1564 1583 1564 1562 1583 1562 1584 1582 1583 1585 1582 1585 1586 1586 1587 1582 1586 1588 1587 1582 1587 1569 1590 1589 1588 1592 1590 1591 1592 1593 1594 1593 1592 1595 1592 1591 1595 1596 1593 1595 1595 1597 1596 1595 1591 1597 1591 1590 1586 1591 1586 1598 1586 1585 1598 1598 1597 1591 1585 1599 1598 1599 1600 1597 1599 1597 1598 1603 1601 1602 1603 1604 1601 1605 1601 1604 1605 1604 1606 1604 1603 1607 1604 1607 1608 1596 1597 1608 1597 1609 1608 1593 1596 1608 1607 1594 1593 1607 1593 1608 1610 1603 1602 1603 1594 1607 1610 1602 1611 1613 1610 1612 1610 1611 1614 1610 1614 1612 1610 1594 1603 1610 1613 1594 1615 1592 1613 1618 1616 1617 1618 1589 1616 1621 1619 1620 1620 1622 1621 1624 1623 1622 1622 1623 1625 1626 1622 1625 1626 1625 1627 1625 1623 1628 1626 1621 1622 1626 1629 1621 1629 1630 1621 1619 1621 1631 1631 1621 1630 1619 1631 1632 1619 1632 1580 1632 1631 1633 1631 1630 1633 1580 1577 1619 1577 1569 1619 1577 1570 1569 1619 1569 1618 1569 1587 1618 1589 1618 1587 1589 1587 1588 1590 1592 1615 1589 1590 1615 1589 1615 1616 1575 1634 1574 1572 1574 1635 1573 1572 1636 1637 1571 1573 1637 1638 1571 1573 1639 1637 1573 1640 1639 1568 1567 1571 1565 1568 1641 1642 1623 1624 1644 1642 1643 1642 1624 1643 1646 1643 1645 1642 1647 1623 1648 1645 1643 1624 1649 1650 1652 1651 1650 1652 1653 3680 3680 1653 1654 1652 1650 1649 1655 1650 1651 1655 1651 1656 1655 1656 1657 1655 1657 1624 1657 1648 1624 1657 1658 1648 1651 1659 1656 1657 1656 1658 1651 1654 1659 1655 1624 1650 1661 1660 1659 1661 1662 1660 1660 1662 1663 1661 1664 1662 1661 1665 1664 1661 1659 1654 1661 1654 1665 1665 1654 1653 1666 1653 1652 1666 1652 1649 1620 1624 1622 1620 1649 1624 1667 1620 1619 1619 1618 1667 1620 1668 1649 1667 1618 1617 1617 1669 1667 1617 1670 1669 1667 1669 1668 1670 1617 1616 1671 1669 1670 1670 1672 1671 1672 1670 1616 1616 1615 1672 1615 1613 1672 1672 1613 1673 1674 1672 1673 1674 1673 1675 1674 1676 1672 1674 1677 1676 1671 1672 1676 1671 1676 1678 1679 1671 1678 1680 1671 1679 1679 1665 1680 1666 1680 1653 1666 1649 1668 1666 1669 1671 1666 1668 1669 1666 1671 1680 1653 1680 1665 1590 1588 1586 1648 1643 1624 1682 1681 1645 1682 1645 1648 1648 1683 1682 1648 1684 1683 1684 1685 1683 1684 1686 1687 1689 1686 1688 1690 1689 1688 1690 1688 1691 1693 1692 1690 1693 1690 1691 1695 1694 1693 1695 1696 1694 1696 1697 1694 1695 1693 1691 1698 1695 1691 1698 1699 1695 1699 1700 1695 1698 1701 1699 1698 1702 1701 1698 1688 1703 1703 1688 1686 1703 1704 1702 1704 1686 1684 1648 1704 1684 1658 1704 1648 1658 1702 1704 1658 1656 1702 1703 1702 1698 1660 1656 1659 1705 1656 1660 1705 1706 1656 1656 1706 1702 1705 1663 1707 1705 1660 1663 1708 1662 1664 1710 1709 1664 1710 1679 1711 1713 1712 1678 1711 1679 1678 1711 1678 1712 1710 1664 1665 1710 1665 1679 1710 1711 1714 1705 1715 1706 1716 1706 3706 1716 3706 1717 1716 1717 1718 1719 1716 1718 1719 1720 1701 1701 1720 1699 1716 1701 1706 1719 1701 1716 1720 1700 1699 1722 1719 1721 1720 1719 1722 1723 1720 1722 1723 1722 1724 1723 1697 1725 1723 1726 1697 1723 1725 1700 1723 1700 1720 1725 3698 1700 1696 1700 3698 1696 1695 1700 1727 1726 1723 1727 1723 1724 1727 1728 1726 1727 1729 1728 1729 1730 1728 1726 1728 1731 1728 1730 1731 1727 1724 1729 1697 1726 1731 1731 1732 1694 1732 1693 1694 1693 1732 1733 1731 1694 1697 1698 1691 1688 1704 1703 1686 1705 1717 1715 1717 1707 1734 1718 1717 1734 1717 1705 1707 1735 1734 1707 1735 1707 1663 1735 1718 1734 1719 1718 1721 1722 1721 1736 1706 1701 1702 1620 1667 1668 1612 1673 1613 1737 1673 1612 1592 1594 1613 1740 1738 1739 1740 1741 1738 1740 1742 1741 1742 1743 1741 1743 1744 1741 1745 1743 1742 1745 1746 1743 1745 1747 1746 1743 1748 1744 1744 1748 1749 1744 1738 1741 1744 1750 1738 1750 1744 1749 1738 1751 1739 1738 1750 1752 1753 1752 1750 1751 1738 1752 1739 1751 1754 1739 1754 1755 1758 1756 1757 1759 1758 1757 1759 1760 1758 1759 1761 1760 1759 1762 1761 1764 1763 1762 1762 1759 1764 1764 1765 1766 1766 1767 1764 1766 1765 1768 1765 1759 1769 1765 1764 1759 1769 1759 1757 1751 1769 1757 1770 1769 1751 1772 1771 1770 1772 1770 1773 1770 1774 1773 1769 1770 1771 1769 1771 1765 1768 1765 1771 1749 1775 1750 1749 1776 1775 1750 1775 1777 1750 1777 1753 1780 1778 1779 1780 1781 1778 1780 1776 1781 1776 1782 1781 1776 1749 1782 1785 1783 1784 1785 1784 1730 1785 1786 1781 1785 1781 1782 1783 1785 1782 1748 1783 1782 1778 1781 1787 1778 1787 1788 1787 1786 1789 1787 1781 1786 1730 1784 1731 1790 1732 1731 1743 1746 1791 1791 1746 1792 1782 1749 1748 1748 1793 1783 1743 1793 1748 1791 1790 1743 1743 1790 1793 1791 1794 1790 1794 1732 1790 1784 1793 1790 1784 1783 1793 1790 1731 1784 1730 1786 1785 1730 1729 1795 1730 1795 1786 1798 1796 1797 1796 1798 1799 1800 1798 1797 1801 1800 1797 1802 1797 1796 1803 1802 1796 1804 1802 1803 1804 1763 1802 1767 1802 1763 1767 1763 1764 1802 1767 1797 1766 1797 1767 1801 1797 1766 1801 1766 1768 1807 1805 1806 1806 1808 3743 1809 1796 1799 1806 1810 1796 1806 1796 1808 1811 1810 1806 1810 1803 1796 1811 1806 1812 1806 1805 1812 1814 1813 1807 1813 1805 1807 1805 1815 1816 1805 1813 1815 1812 1805 1817 1805 1816 1817 1816 1818 1819 1815 1818 1816 1820 1817 1816 1820 1821 1817 1809 1808 1796 1770 1751 1774 1754 1751 1756 1751 1757 1756 1753 1774 1752 1774 1751 1752 1753 1822 1774 1774 1822 1773 1825 1823 1824 1824 1823 1826 1825 1827 1823 1825 1828 1827 1827 1829 1830 1827 1828 1829 1828 1831 1829 1832 1830 1829 1832 1833 1830 1834 1824 1826 1834 1835 1824 1834 1836 1837 1834 1826 1836 1838 1826 1823 1839 1838 1823 1823 1827 1839 1839 1827 1830 1839 1830 1833 1838 1840 1841 1838 1841 1826 1838 1842 1840 1839 1842 1838 1839 1833 1842 1840 1842 1843 1840 1844 1841 1840 1843 1845 1847 1843 1846 1847 1846 1848 1849 1846 1833 1833 1846 1842 1843 1842 1846 1847 1850 1851 1847 1852 1850 1851 1850 1853 1847 1851 1843 1854 1853 1850 1854 1855 1853 1857 1855 1856 1857 1858 1855 1855 1858 1853 1857 1859 1858 1857 1860 1859 1862 1858 1861 1862 1863 1864 1862 1864 1853 1863 1865 1864 1862 1861 1866 1862 1853 1858 1867 1866 1861 1867 1868 1869 1868 1859 1870 1868 1858 1859 1868 1861 1858 1868 1871 1869 1867 1869 1872 1874 1873 1869 1877 1875 1876 1872 1877 1878 1877 1876 1879 1877 1879 1878 1872 1880 1877 1880 1873 1881 1877 1880 1882 1877 1882 1875 1880 1872 1873 1872 1869 1873 1883 1876 1875 1883 1884 1876 1884 1879 1876 1885 1879 1884 1885 1886 1879 1879 1886 1887 1886 1888 1889 1889 1888 1890 1891 1889 1890 1891 1887 1889 1889 1887 1886 1891 1892 1887 1887 1892 1893 1892 1891 1894 1892 1895 1893 1892 1896 1895 1898 1897 1895 1899 1897 1898 1893 1900 1901 1900 1902 1901 1893 1903 1900 1903 1904 1900 1893 1895 1903 1905 1895 1897 1895 1905 1903 1905 1904 1903 1905 1897 1906 1907 1904 1905 1907 1905 1908 1907 1909 1910 1911 1907 1910 1911 1912 1904 1911 1913 1912 1911 1914 1913 1904 1912 1900 1912 1913 1902 1912 1902 1900 1911 1910 1915 1911 1915 1914 1911 1904 1907 1914 1915 1916 1914 1916 1917 1914 1917 1918 1914 1918 1919 1920 1893 1901 1920 1921 1878 1878 1922 1923 1878 1923 1872 1923 1867 1872 1923 1866 1867 1878 1879 1887 1878 1887 1920 1893 1920 1887 1836 1924 1837 1841 1925 1836 1836 1925 1926 1836 1926 1924 1836 1826 1841 1925 1841 1844 1925 1927 1926 1925 1844 1928 1928 1844 1929 1844 1840 1845 1929 1844 1845 1929 1845 1865 1864 1865 1845 1864 1851 1853 1864 1845 1851 1845 1843 1851 1929 1930 1931 3796 1930 1932 1929 1865 1930 1933 1932 1930 1934 1932 1933 1937 1935 1936 1937 1938 1935 1939 1936 1935 1937 1936 1940 1937 1940 1941 1936 1934 1940 1940 1934 1942 1940 1942 1943 1934 1933 1944 1863 1933 1865 1865 1933 1930 1863 1866 1945 1863 1945 1946 1863 1946 1944 1933 1863 1944 1863 1862 1866 1947 1945 1922 1945 1923 1922 1922 1948 1947 1901 1919 1921 1920 1901 1921 1901 1902 1919 1918 1949 1921 1949 1948 1921 1918 1950 1949 1949 1950 1951 1949 1951 1948 1917 1952 1918 1917 1953 1952 1917 1916 1953 1918 1921 1919 1955 1950 1954 1954 1950 1956 1950 1918 1956 1957 1951 1955 1958 1951 1957 1958 1959 1951 1948 1951 1959 1948 1922 1921 1921 1922 1878 1947 1946 1945 1960 1944 1946 1960 1961 1962 1946 1961 1960 1960 1963 1944 1960 1964 1963 1963 1942 1934 1963 1965 1942 1963 1934 1944 1947 1961 1946 1947 1966 1961 1966 1967 1961 1966 1968 1967 1959 1966 1947 1966 1969 1968 1959 1970 1966 1966 1970 1969 1959 1947 1948 1958 3824 1959 1958 1971 3824 3824 1971 1969 1958 1957 1971 1955 1954 1972 1973 1956 1918 1973 1918 1952 1867 1861 1868 1914 1919 1913 1919 1902 1913 1934 1936 1932 1945 1866 1923 1951 1950 1955 1976 1974 1975 1976 1977 1974 1906 1974 1977 1908 1905 1978 1908 1979 1980 1979 1908 1981 1981 1982 1983 1984 1982 1978 1982 1981 1978 1987 1985 1986 1985 1988 1986 1987 1986 1989 1992 1990 1991 1991 1984 1992 1992 1993 1994 1996 1993 1995 1996 1995 1997 1997 1998 1996 1999 1997 1995 1995 2000 1999 1995 2001 2000 2003 2002 2001 1995 2004 2001 2005 1995 1993 2004 2006 2007 2006 2004 2008 2006 2008 2009 2010 2009 2008 2012 2011 2010 2010 2008 2012 2009 2010 2013 2009 2014 2015 2015 2016 2006 2017 2015 2014 2017 2018 2015 2015 2018 2016 2017 2014 2019 2017 2019 2020 2021 2016 2018 2021 2022 2016 2025 2023 2024 2025 2024 2026 2022 2024 2023 2023 2027 2028 2022 2023 2028 2007 2022 2028 2007 2028 2029 2001 2029 2003 2003 2029 2030 2004 2007 2001 2032 1996 2031 2031 1996 1998 1997 2033 1998 2033 2034 1998 2033 2035 2034 2037 2036 2035 2039 2035 2038 2038 2035 2040 2033 2040 2035 2033 1999 2040 1999 2041 2040 1997 1999 2033 1999 2000 2041 2002 2000 2001 2005 1987 2004 1995 2005 2004 2005 1993 1992 1985 1992 1984 1985 2005 1992 2005 1985 1987 1987 2008 2004 2008 1987 2012 1993 1996 2042 2001 2007 2029 2007 2006 2016 2007 2016 2022 2015 2006 2009 2044 2013 2043 2013 2044 2009 2045 2009 2044 2047 2045 2046 2045 2014 2009 2045 2048 2014 2047 2049 2045 2049 2050 2051 2052 2048 2051 2052 2051 2053 2055 2054 2052 2055 2056 2054 2057 2055 2052 2053 2051 2058 2060 2053 2059 2060 2061 2062 2062 2063 2060 2062 2064 2063 2064 2065 2063 2067 2064 2066 2066 2064 2068 2062 2068 2064 2062 2069 2068 2070 2062 2061 2071 2070 2061 2059 2061 2060 2060 2072 2053 2073 2072 2060 2073 2060 2074 2073 2075 2072 2073 2076 2075 2073 2074 3872 2074 2060 2063 3871 2057 2072 2072 2052 2053 2072 2057 2052 1982 1984 1991 1988 1985 1984 1984 1978 1988 2078 1988 2077 2078 2077 2079 2077 1988 1905 1988 1978 1905 2078 2080 1988 2078 2081 2080 2080 1986 1988 2080 2082 1986 1906 2077 1905 1908 1978 1981 1906 2083 2077 1906 1977 2083 1906 1897 1974 2086 2084 2085 2088 3879 2087 2090 2089 2088 2090 2088 2091 3879 2088 2084 2087 2092 2088 2094 2093 2084 2094 2084 2089 2089 2084 2088 2065 2064 2095 2096 2063 2065 2097 2065 2095 3880 2065 2097 2067 2095 2064 2052 2054 2048 2098 2054 2056 2045 2049 2048 2051 2048 2049 2099 2074 2063 2099 2063 2096 2093 2094 2100 2101 2093 2100 2095 3882 2097 2070 2069 2062 2051 2050 2058 2019 2098 2102 2019 2014 2103 2019 2103 2098 2014 2048 2103 2098 2103 2054 2103 2048 2054 2037 2035 2039 2105 2039 2104 2104 2039 2106 2108 3886 2107 3886 2106 2107 2107 2106 2109 2038 2109 2106 2039 2038 2106 2037 2039 2110 2039 2105 2110 2111 2034 2036 2036 2034 2035 2111 2112 2034 2112 1998 2034 2114 3790 2113 3790 2115 2113 2114 3751 3790 2115 2116 2113 2115 3790 3792 2118 2117 2115 2118 2115 3792 2118 2119 2117 2118 2120 2119 2118 3793 2120 3791 3794 3793 2120 3793 3794 2118 3792 3793 3801 2120 3794 3801 2119 2120 3801 4528 3802 4528 3800 3802 4528 3797 3800 3801 3802 3798 3801 3794 4528 3794 3795 4528 2122 3652 2121 2122 3651 3652 2122 3650 3651 3651 3650 3649 3650 2122 2123 2124 3653 3650 3650 2123 2124 2123 2122 2121 2121 2125 2126 2123 2121 2126 2123 2126 2127 2130 2128 2129 2130 2119 2131 2119 2130 2117 3799 2119 3801 3799 2132 2119 3799 3804 2132 3804 3806 2132 3804 3803 3806 2131 2119 2132 2130 2131 2128 2128 2133 2134 2128 2131 2133 2135 2131 2132 2135 2133 2131 2135 3820 3819 2135 3806 3820 2135 2132 3806 3806 3805 3820 3819 3820 3818 3815 3817 3819 3817 2135 3819 3817 3816 3821 3821 2135 3817 2137 2136 3821 3821 2136 2135 2136 2133 2135 2136 2134 2133 2138 2134 2136 2138 2139 3716 3685 3686 3688 3686 2139 3688 3686 3716 2139 3688 3704 3687 3687 3704 3689 3716 3686 3684 2140 2136 2137 2139 2138 2140 2138 2136 2140 2141 2137 3821 2141 3821 3822 2141 3822 2142 2142 3822 3823 2141 2142 2143 2142 2144 2143 2143 2145 2141 2144 2142 3825 2142 3823 3825 2144 2146 2143 2144 3825 2147 2147 3825 2148 2147 2146 2144 3811 2148 3825 3811 3825 3814 3811 3826 3887 2146 2147 2149 2149 2147 3887 2151 2149 2150 2149 2152 2146 2149 2153 2152 2149 2151 2153 2151 2154 2153 2153 2154 2155 3813 2156 2149 2156 2150 2149 3813 2149 3826 3813 3826 3812 2149 3887 3826 3813 3827 2157 3813 2157 2158 3813 2158 2156 2156 2158 2150 2159 2157 3808 2160 2157 2159 2160 2159 2161 2159 2162 2161 2160 2158 2157 2154 2151 2150 2164 2163 2154 2154 2163 2155 2164 2165 2163 2164 2166 2165 2154 2150 2167 2168 2163 2165 2168 2169 2170 2171 3714 3682 2171 2172 2173 2174 2152 2153 2152 2174 2173 2174 2175 2176 2174 2176 2173 2174 2153 2155 2174 2155 2175 2171 2173 2176 2171 2176 3714 2170 2175 2177 2175 2155 2177 2170 3714 2175 2175 3714 2176 2168 2170 2177 2168 2177 2163 2177 2155 2163 2179 2116 2178 2179 2113 2116 2180 2178 2116 2180 2116 2129 2126 2129 2128 2129 2126 2125 2129 2125 2181 2129 2116 2117 2117 2130 2129 2116 2115 2117 2181 2125 2182 2181 2183 2180 2180 2184 2178 2181 2180 2129 3708 3715 2185 3708 2185 3710 3710 2185 2186 3710 3742 3711 2187 2185 3715 2188 2187 2169 2169 2187 2170 2187 3709 2170 2169 2168 2189 2168 2165 2189 2187 3715 3709 2188 2169 2189 2188 2189 2190 2188 2190 2186 2188 2186 2185 2188 2185 2187 2189 2165 2190 2166 2190 2165 2191 2166 2167 2167 2166 2164 2166 2191 2190 2193 2161 2192 2193 2192 2194 2194 2192 2195 2193 3890 2161 2160 2193 2158 2158 2193 2167 2158 2167 2150 2193 2194 2167 2195 2196 2194 2197 2196 2195 2196 2198 2194 2195 2192 2199 2196 2200 2198 2196 2201 2200 2198 2167 2194 2198 2202 2203 2205 2202 2204 2205 2204 3738 2205 3738 2206 3738 3735 2206 2206 3735 3742 3737 3738 2204 3737 2204 3734 3732 3737 3734 3724 3731 2207 3724 2207 4521 2207 3731 2208 4513 4521 4512 4512 4521 2207 2209 4512 2207 2209 2210 2211 2213 2211 2212 2216 2214 2215 2216 2217 2214 2220 2218 2219 2214 2217 2220 2221 2219 2218 2221 2222 2223 2221 2223 2219 2225 2222 2224 2225 2224 2226 2222 2221 2224 2227 4558 2224 2227 2224 2228 2228 2229 2227 2230 2229 2228 2230 2231 2232 2235 2233 2234 2235 2234 2232 2236 2234 3907 2238 3908 2237 2238 2237 2239 2240 3908 2238 2242 2241 3912 2242 2243 2241 2243 2244 2245 2243 2245 2246 2245 2247 2246 2246 2241 2243 2246 2248 2241 2246 2249 2248 2249 2250 2248 3914 2250 2251 2251 2252 2253 2255 2250 2254 2254 2250 2256 2250 2255 2251 2124 3655 3653 2124 2123 2127 2127 2257 2124 2257 3655 2124 2127 2126 2128 3716 2257 2138 3716 3654 3655 3716 3655 2257 2138 2257 2134 2128 2134 2127 2134 2257 2127 2260 2258 2259 2261 2258 2260 2261 2262 2258 2262 2263 2258 2265 2262 2264 2266 2265 2264 2265 2266 2267 2266 2268 2269 2270 2268 2266 2270 2271 2268 2270 2272 2271 2270 2273 2272 2272 2273 2274 2270 2264 2275 2270 2266 2264 2270 2275 2273 2262 2261 2264 2275 2276 2277 2275 2261 2276 2278 2277 2276 2277 2278 2279 2278 2280 2279 2277 2279 2281 2274 2282 2283 2282 2274 2284 2283 2272 2274 2283 2285 2272 2283 2286 2285 2286 2287 2285 2286 2283 2282 2286 2288 2289 2286 2290 2291 2294 2292 2293 2294 2293 2230 2230 2293 2231 2235 2232 2231 2295 2224 2221 2221 2218 2295 2295 2228 2224 2288 2218 2296 2288 2295 2218 2288 2297 2295 2297 2294 2295 2295 2294 2228 2296 2218 2217 2217 2218 2220 2296 2298 2288 2298 2289 2288 2297 2288 2292 2294 2297 2292 2230 2228 2294 2300 2299 2289 2299 2301 2287 2287 2301 2285 2303 2271 2302 2303 2268 2271 2204 2202 2304 2198 2305 2202 2198 2306 2305 2198 2307 2306 2303 2202 2305 2303 2305 2268 2198 2200 2307 2304 3734 2204 2304 3733 3734 2304 2308 3733 2308 3730 3733 3730 2309 3729 2309 2299 2208 2309 2208 3729 2209 2207 2208 3730 2308 2309 2304 2310 2308 2302 2310 2304 2301 2308 2310 2285 2301 2310 2302 2285 2310 2303 2302 2304 2303 2304 2202 2261 2275 2264 3849 4536 4534 4535 3883 4536 4538 4537 2311 3850 2311 2312 2312 3853 3850 2315 2313 2314 2315 2279 2280 2315 2316 2279 2317 2284 2274 2318 2284 2281 2282 2318 2316 2284 2318 2282 2316 2318 2279 2279 2318 2281 2314 2316 2315 2316 2319 2290 2282 2316 2290 3737 3736 3738 2321 2215 2320 2321 3900 2216 2321 2216 2215 2212 2216 3901 2212 2210 2217 2212 2217 2216 2298 2217 2210 2300 2209 2208 2301 2299 2308 2299 2309 2308 3729 2208 3731 2299 2300 2208 2298 2210 2300 2210 2209 2300 2300 2289 2298 2298 2296 2217 3915 2255 2322 3915 2322 2323 2252 2251 2255 2324 3881 3868 2324 3868 2325 2325 2247 2245 2324 2325 2245 2324 2244 2326 2324 2326 3884 2324 3885 3881 2243 2327 2244 2244 2327 2328 2244 2328 2326 2324 2245 2244 2327 2243 2329 2329 2243 2242 2237 2242 3912 2237 3908 3909 2237 2329 2242 2237 3910 2329 2288 2330 2292 2286 2330 2288 2330 2286 2291 2330 2291 2331 2332 2292 2330 2293 2332 2329 2293 2329 2231 2231 2329 3910 2293 2292 2332 2327 2329 2332 2327 2332 2328 2331 2333 2330 2333 2332 2330 2331 2334 2333 2334 2326 2328 2333 2334 2328 4536 2334 2335 4536 3883 2334 3883 2326 2334 2335 2336 4537 2335 4537 4534 2336 2335 2331 2331 2335 2334 2290 2319 2291 2336 2291 2319 2336 2331 2291 2287 2286 2289 2271 2272 2285 2302 2271 2285 2339 2337 2338 2339 2338 2145 2145 2338 2141 2338 2137 2141 2339 2145 2340 2340 2145 2143 2340 2143 2146 2340 2341 2339 2340 2342 2341 2342 2343 2341 2341 2343 2339 2340 2146 2342 2146 2173 2342 2173 2172 2342 2146 2152 2173 2172 3682 3681 3682 2172 2171 2342 2172 2343 2344 3681 3699 2339 2343 2337 2344 2337 2343 2344 2343 2172 3681 2344 2172 2345 2344 3699 2345 3699 3700 2139 2345 3703 2139 3703 3704 2139 3704 3688 3702 3703 3705 3705 3703 2345 3701 3705 2345 3701 2345 3700 2345 2139 2346 2337 2346 2338 2346 2140 2338 2346 2139 2140 2338 2140 2137 2337 2344 2346 2344 2345 2346 3700 3699 3683 2170 3707 3714 2170 3709 3707 2203 2202 2205 2203 2205 2206 2198 2203 2191 2191 2347 2190 2191 2203 2347 2203 2206 2347 2186 2347 2206 2206 3710 2186 2206 3742 3710 2347 2186 2190 2299 2287 2289 2212 2211 2210 2350 2348 2349 2348 2351 2352 2348 2353 2351 2354 2350 2349 2355 2350 2260 2260 2350 2354 2260 2354 2356 2260 2356 2261 2356 2354 2357 2316 2311 2319 2316 2314 2311 2311 2314 2312 2311 2336 2319 2336 2311 4537 2290 2286 2282 2333 2328 2332 2335 4534 4536 2191 2167 2198 2167 2164 2154 2360 2358 2359 2359 2361 3748 2359 3749 2361 3749 3747 2361 2361 3747 3748 2359 2362 3749 2362 3750 3749 2359 2363 2362 2359 2358 2363 3755 3750 2362 3755 2362 2364 3755 2364 3753 3752 3754 3757 2366 2364 2365 2363 2365 2362 2363 2367 2365 2366 2368 2369 2371 2367 2370 2358 2370 2367 2358 2367 2363 2371 2368 2367 2365 2367 2368 2366 2365 2368 2364 2362 2365 2364 3754 3753 2372 3754 2364 2372 3758 3757 3757 3758 3756 3758 2372 3759 2372 3761 3759 2372 3757 3754 2373 2364 2366 2366 2374 2373 2374 2366 2369 2369 2375 2374 2369 2376 2375 2369 2377 2376 2369 2378 2377 2369 2368 2378 2379 4522 3761 2379 2380 3760 2379 2381 2380 2379 2373 2381 2374 2381 2373 2381 2374 2382 2381 2382 2383 2383 2380 2381 2383 2384 2380 2383 2382 2385 2380 2384 2386 2380 2386 3762 2380 3762 3760 2387 2383 2385 2390 2388 2389 2390 2389 2391 2393 2392 2390 2393 3645 2392 2390 2392 2394 2390 2394 2388 2390 2387 2393 2393 2387 2395 2393 2395 3645 2396 2391 2389 2391 2396 2397 2398 2397 2396 2398 2399 2397 3765 4526 2397 4524 4525 4526 4525 3762 2386 4525 4523 3762 4525 2386 4526 2397 4526 2386 2386 2391 2397 3765 2397 2399 2386 2384 2391 2384 2387 2391 2384 2383 2387 2391 2387 2390 2401 2400 2377 2401 2377 2378 2377 2400 2376 2401 2402 2400 2403 3631 2400 2403 3630 3631 3631 2404 2405 2405 2406 2400 2405 2407 2406 2405 2404 3934 2405 2400 3631 2375 2376 2406 2406 2376 2400 2375 2382 2374 2382 2408 2385 2408 2407 2385 2382 2406 2408 2406 2407 2408 2375 2406 2382 2409 2385 2407 2410 2409 2407 2409 2411 3671 2410 3934 2404 3672 2409 3671 3672 3668 2409 3638 3668 3672 2395 3667 3666 3668 2395 2385 3642 3645 3648 3648 3645 2395 3645 3643 2392 3648 2395 3666 3648 3666 3641 3666 3667 3640 2387 2385 2395 3668 3639 3667 2404 3634 2409 2404 2409 2410 3634 2411 2409 3634 3632 3633 3634 2404 3632 2404 3631 3632 3635 3673 3634 3673 2411 3634 3669 3671 2411 3669 2411 3670 3673 3670 2411 3673 3637 3670 3673 3636 3637 2379 3761 2373 3765 3763 4526 3765 2399 3768 3765 3768 3764 3767 3768 2399 3767 2399 3769 3772 2398 2412 3772 3771 3770 3772 2412 4527 3772 4527 3773 3772 3770 2398 3770 3769 2398 3770 3766 3769 2398 3769 2399 4527 2412 3774 3775 2413 3777 3777 2413 2414 2415 3777 2414 3776 3777 2415 2415 2414 2416 3776 2415 3779 2415 3935 3779 3779 2417 3781 3779 3781 3778 3779 3935 2418 3779 2418 2417 2417 2418 2419 2417 3782 3781 2417 3831 3782 2417 2419 3831 3782 3831 3780 2422 2420 2421 2421 2418 2422 2422 2418 2423 2423 2418 3935 2422 2424 2420 2425 2424 2422 2425 2422 2426 2425 2426 3775 2427 2425 3775 3775 2426 2413 2427 2424 2425 2428 3774 2412 2428 2429 2427 2429 2430 2427 2428 2431 2429 2428 2432 2431 2428 2412 2432 2431 2433 2429 2433 2430 2429 2433 2431 2434 2430 2433 2435 2430 2435 2436 2430 2436 2424 2427 2430 2424 2437 2435 2433 2435 2438 2436 2437 2439 2435 2435 2439 2438 2439 2440 2438 2441 2437 2434 2441 2434 2442 2441 2442 2443 2442 2434 2444 2445 2442 2444 2447 2444 2446 2447 2446 2448 2448 2446 2449 2449 2396 2389 2389 2450 2451 2450 2389 2388 3665 3663 3661 3661 2450 2388 3661 2388 3665 3665 2388 3646 2388 2394 3646 2453 2452 2450 2451 2450 2452 2454 2448 2452 2452 2448 2451 2389 2451 2449 2449 2451 2448 2447 2448 2455 2447 2456 2444 2364 2373 2372 2373 3761 2372 2395 3668 3667 3668 2385 2409 2396 2449 2398 2432 2449 2446 2432 2398 2449 2432 2412 2398 2432 2446 2431 2431 2444 2434 2446 2444 2431 2428 2427 3774 2427 3775 3774 2420 2457 2421 2457 2420 2458 2458 2420 2424 2461 2459 2460 2458 2424 2436 2459 2461 2458 2459 2458 2436 2459 2438 2462 2459 2436 2438 2423 2416 2414 2422 2423 2426 2423 2414 2413 2423 2413 2426 2437 2433 2434 2441 2463 2437 3664 3665 3646 2419 3830 3831 3831 3829 3780 3830 4549 3832 2421 2419 2418 2465 2464 2421 2461 2466 2457 2461 2457 2458 2466 2465 2457 2457 2465 2421 2466 2461 2467 2468 2461 2460 2468 2460 2469 2468 2470 2461 2470 2471 2461 2471 2467 2461 2465 2472 2464 2419 2473 3830 2473 4549 3830 2473 2474 4549 2419 2421 2464 2473 2419 2464 2475 2474 2473 2475 2476 2474 2475 2477 2476 2478 2476 2477 2478 2479 2476 2479 2478 2480 2480 2478 2481 2480 2481 2482 2481 2483 2482 2478 2484 2481 2478 2485 2484 2478 2486 2485 3961 2486 2487 2489 2488 2484 2488 2490 2491 2492 2490 2488 2492 2488 2493 2494 2492 2493 2495 2494 2493 2495 2493 2496 2496 2493 2497 2489 2498 2497 2477 2472 2499 2477 2499 2489 2501 2497 2500 2500 2497 2498 2503 2502 2500 2504 2500 2502 2504 2505 2506 2508 2506 2507 2510 2509 2507 2511 2510 2507 2511 2512 2513 2514 2511 2513 2514 2510 2511 2516 2515 2514 2516 2514 2513 2517 2516 2467 2519 2518 2467 2521 2518 2520 2520 2518 2522 2521 2523 2518 2521 2524 2523 2521 2520 2524 2523 2525 2517 2526 2525 2523 3861 3862 2480 3862 2479 2480 2479 3862 3848 2479 3848 4532 2528 4533 2527 2528 2474 2476 2528 2527 2474 2527 4533 3847 2476 2479 4532 4533 2476 4532 2528 2476 4533 2527 3877 2474 2527 3878 3877 3878 2527 3839 2527 3840 3839 3877 3878 3876 3873 2474 3877 3873 3875 2474 3875 4549 2474 3875 3874 4549 3847 3838 3840 3847 3840 2527 2489 2497 2488 2488 2497 2493 3961 2487 2489 2487 2477 2489 2478 2477 2486 2477 2487 2486 2495 2529 2494 2495 2530 2529 2531 2494 2529 2490 2532 2491 2488 2491 2533 2484 2533 2534 2484 2488 2533 2533 2491 2535 2489 2484 3961 2481 2484 2534 2534 2536 2483 2534 2483 2481 2537 3867 2482 2537 2482 2538 3867 3864 2482 3867 2537 2539 3867 2539 2540 3867 2540 2541 2541 2542 4542 4541 4542 2542 3869 4541 2542 4547 4543 2543 2542 2543 4543 4543 3869 2542 2512 2499 2513 2505 2511 2507 2502 2511 2505 2504 2502 2505 2503 2512 2502 2499 2512 2503 2499 2498 2489 2512 2511 2502 2509 2544 2508 2544 2545 2546 2547 2544 2546 2508 2544 2547 2508 2547 2548 2508 2548 2549 2508 2549 2506 2547 2550 2548 2499 2503 2498 2500 2498 2503 2501 2500 2551 2501 2496 2497 2517 2467 2518 2517 2518 2523 2518 2519 2552 3723 3740 3722 3721 3720 3723 3723 2519 3740 2467 2553 2519 2519 2553 3740 2471 2553 2467 2466 2467 2513 2473 2464 2475 2475 2464 2477 2472 2477 2464 2472 2466 2499 2513 2499 2466 2513 2467 2516 3861 2480 3865 3861 3865 3863 3865 2480 2482 3865 2482 3864 3864 3867 3866 2552 2522 2518 3717 2552 3720 3720 2552 3723 3723 2552 2519 2472 2465 2466 2553 2554 3740 2471 2555 2553 2541 4542 3867 2541 2540 2556 2540 2539 2557 2538 2482 2483 2505 2507 2506 2508 2507 2509 2517 2558 2515 2516 2517 2515 2514 2515 3980 2514 3980 2559 3644 3647 3933 3644 3933 3932 3658 3659 3948 3658 3948 3662 3659 3947 3948 3662 3948 3946 3659 3660 3947 3659 3657 3660 3949 3947 3660 3945 3949 3950 3950 3949 2560 3944 3950 2560 3944 2560 3951 3949 3660 3679 3679 3660 3656 3675 3949 3679 3675 2561 3949 3949 2561 2560 3675 3676 3677 3675 3679 3674 2561 3675 3677 3943 2560 2561 3943 3951 2560 2561 3941 3943 3941 3940 3943 3943 3942 3951 3677 3690 2561 2561 3690 3692 2561 3692 3941 3677 3678 3690 4578 3941 3955 3955 3941 3692 3955 3694 2562 3955 2562 3936 3936 2562 3939 3938 3936 3939 2564 2563 2562 2563 2565 2562 2562 2565 3939 2564 4506 2563 2564 4505 4506 2564 3695 4505 2564 2562 3695 2565 2563 4506 3696 2565 4506 3696 4506 4507 2565 3937 3939 3697 2565 3696 3697 3713 2565 3713 3937 2565 3713 3954 3937 3952 3954 3953 3953 3954 2566 3713 2566 3954 3957 3953 2566 3956 3957 3977 3956 3977 3958 3957 2566 3977 3958 3977 3959 3977 2566 4615 3976 3977 4615 3741 4614 4615 3741 3739 4614 3741 4615 2566 3712 3741 2566 3712 2566 3713 3691 3692 3690 3694 3955 3692 3693 3695 3694 3695 2562 3694 3785 2567 3892 3783 3784 3785 3785 3897 2567 3786 3785 3892 3786 3892 3889 3787 3889 3809 3787 3809 3788 3789 3788 3809 3784 3834 3785 3834 3897 3785 3834 2568 3897 3834 3833 2568 2570 2569 3925 2570 2571 2569 2571 2570 2572 3842 3845 3841 3845 2572 3841 3845 3860 2572 3841 2572 2570 3845 3844 3860 2573 2572 3860 2573 2571 2572 2573 2574 2571 2573 3919 2574 2573 2575 3919 3918 2574 3919 3918 3920 2574 3920 3921 2574 3921 2571 2574 2576 2571 3921 2576 2569 2571 2576 3925 2569 2576 4574 4575 2576 4575 3925 2576 3921 4574 3925 4575 3924 3924 4575 3922 2577 3925 3926 2570 3925 2577 2570 2577 2568 2570 2568 3833 3899 2568 2577 3899 2577 3926 3896 3899 3895 3899 3926 3898 3899 3896 2568 3896 3894 3897 3896 3897 2568 3893 2567 3897 3891 2567 3893 3891 3892 2567 3858 2575 3846 3858 2578 2575 2578 3916 2575 2575 3916 3919 2575 2573 3860 3860 3846 2575 3841 3836 3843 3841 3837 3836 3841 2570 3837 3833 3837 2570 3835 3837 3833 4577 3917 2578 4577 4573 3917 4577 2578 4551 4552 4551 2578 2578 3858 3859 2578 3917 3916 2578 3859 4552 3859 4529 4552 3828 3807 3810 3828 3810 3888 3964 3965 4593 3718 3965 3975 2579 4595 4593 4593 4595 4592 2580 3725 3727 2582 2581 2580 2583 2581 2582 2583 2584 2585 2582 2584 2583 2580 3728 2582 2582 3728 4508 3727 3728 2580 2582 4509 2584 4509 2586 2584 4515 2587 4511 2587 2586 4511 2588 2587 4515 2587 2589 2590 2587 2591 2589 2587 2588 2591 2591 2588 2592 2588 4515 4514 4510 4511 2586 4510 2586 4509 4509 2582 4508 2595 2593 2594 2598 2596 2597 2600 2599 2597 2600 2601 2599 2604 2602 2603 2605 2602 2604 2606 2603 2602 2608 2607 2606 2609 2607 2608 2611 2610 2609 2609 2610 2607 2614 2612 2613 2612 2593 2613 4004 2594 2593 2615 3983 4004 2613 2616 2610 2614 2613 2610 2611 2614 2610 2618 2617 2607 2603 2607 2617 2603 2606 2607 2621 2619 2620 2620 2619 2622 2619 2616 2622 2616 2619 2618 2619 2621 2618 2597 2596 2600 4554 2623 2624 4576 4554 2624 2625 3931 2624 2625 2624 2623 2626 2625 2623 2626 2627 2625 2626 2628 2627 2629 2626 2623 2630 2629 2623 2629 2631 2626 2632 2626 2631 2635 2633 2634 2628 2626 2632 2632 4594 2628 4591 4594 2632 4617 4591 2632 4617 4616 4591 4589 4617 2632 4590 4617 4589 2636 4589 2632 4588 4589 2636 4588 2636 4606 2638 4607 2637 2638 2637 2639 2642 2640 2641 2642 2641 2643 2644 2643 2641 2644 2645 2646 2647 2646 2645 2648 2645 2644 2649 2648 2644 2651 2649 2650 2650 2652 2651 2650 2653 2652 2650 2654 2653 2653 2655 2652 2656 2655 2620 2621 2620 2657 2657 2617 2618 2657 2618 2621 2638 2644 2658 2644 2646 2658 2639 2643 2638 2638 2643 2644 4607 2638 2658 4606 2637 4607 3973 4607 2658 2620 2659 2657 2655 2659 2620 2655 2653 2659 2618 2607 2610 2618 2610 2616 2641 2650 2649 2654 2650 2641 2654 2641 2640 2656 2652 2655 2641 2649 2644 2656 2651 2652 2660 2656 2620 2622 2660 2620 2643 2639 2642 2639 2633 2661 2639 2637 2633 2633 2637 2634 2637 2631 2634 2636 2631 2637 2636 2637 4606 2636 2632 2631 2580 2579 3725 2579 2580 2581 2579 2581 2627 2579 2627 2628 2627 2581 2583 2627 2583 2662 2579 4594 4595 2579 2628 4594 4514 4516 2588 4516 4517 2663 2663 2664 4516 2663 3744 2665 2666 2664 2663 2666 2663 2667 2592 2664 4023 2592 2588 2664 2588 4516 2664 2667 2663 2665 3744 4520 2665 3744 2663 4517 2590 2586 2587 2590 2584 2586 2590 2585 2584 4518 4520 3744 2668 4520 4519 2668 2665 4520 2668 4519 2669 2670 2668 2669 2672 2670 2671 2672 2665 2670 2670 2665 2668 2672 2667 2665 2670 2669 4641 2673 4519 3746 2669 4519 2673 4519 3745 3746 2669 2673 4641 3726 2579 4593 3726 4593 3965 3719 3726 3718 3718 3726 3965 3726 3725 2579 4531 3857 4530 3854 3857 3855 3852 3854 3851 3852 2674 3854 3852 2675 2674 3852 4540 2675 3854 2674 3857 2674 4530 3857 2677 2676 2674 2676 2678 2679 2679 2680 2676 2679 2681 2680 2674 2676 2680 2683 2682 4024 4024 2682 2681 2685 2684 2681 2681 2682 2685 2682 2686 2685 2686 2687 2685 2688 2687 2686 2688 2689 2687 2691 2689 2690 2691 2692 2687 2692 2691 2693 2692 2693 4550 3855 3857 3856 2687 2689 2691 2695 2687 2694 2695 2685 2687 2687 2692 2694 2675 2677 2674 2675 2696 2677 2696 2675 3923 3929 3923 3928 3928 3923 2675 3927 3930 3928 3927 3928 4540 3927 4540 4539 3928 2675 4540 4564 4565 2697 4564 2698 4562 4564 2697 2698 2697 2699 2698 2697 4565 2700 4566 4567 2701 4566 2700 4565 4566 2702 2700 4566 2701 2702 2704 2697 2703 2703 2697 2700 2704 2705 2697 2704 2706 2707 2708 2704 2703 2708 2703 2709 2708 2710 2711 2710 2712 2711 2709 2713 2714 2708 2709 2710 2709 2714 2710 2710 2714 2715 2716 4028 2715 2717 2716 2715 2717 2718 2716 2718 2719 2720 2718 2717 2719 2721 2717 2715 2721 2715 2722 2722 2713 2723 2713 2722 2714 2722 2715 2714 2723 2713 2724 2724 2703 2700 2702 2724 2700 2725 2711 2712 2725 2712 2726 2726 2712 2716 2726 2716 2718 2726 2718 2727 2716 2712 4028 2720 2727 2718 2727 2720 2728 2730 2728 2729 2730 2731 2728 2731 2732 2728 2734 2731 2733 2734 2732 2731 2735 2733 2731 2735 2736 2733 2735 2731 2730 2729 2737 2730 2720 2729 2728 2719 2729 2720 2709 2703 2724 2709 2724 2713 2738 2708 2711 2708 2738 2704 2738 2706 2704 2738 2739 2706 2741 2740 2697 2741 2697 2705 2697 2740 2699 2728 2732 2727 2733 2736 2742 2733 2743 2734 2733 2744 2743 2745 2743 2744 2744 2746 2745 2742 2744 2733 2742 2747 2744 2747 2746 2744 2748 2745 2746 4025 4561 4563 4025 2749 4561 4025 4642 2749 2750 4662 4663 2750 4663 4661 4661 4663 4027 4662 2750 2751 2751 2750 2752 2753 2752 2750 2753 2754 2752 2754 2755 2752 2752 2755 2756 2752 2756 2751 2758 2757 2751 2757 2759 3906 2757 4559 2749 2749 4559 4561 2751 2749 4642 2751 2757 2749 4662 2751 4642 2762 2760 2761 4032 2761 2760 4031 4032 2760 4030 4031 2760 4030 2760 2763 4030 2763 4029 4032 4655 2761 4655 2764 2765 4655 4656 2764 2766 2765 2764 2761 2765 2767 2765 2761 4655 2762 2761 2767 2767 2768 2762 2765 2769 2767 2768 2770 2762 2771 2762 2770 2771 2770 2772 2771 2760 2762 2753 2750 2763 2753 2763 2771 2760 2771 2763 2772 2753 2771 2772 2754 2753 4660 4029 2763 4660 2763 2750 4660 2750 4661 4666 4667 2764 2764 4656 4666 2773 2766 2764 2773 2764 4667 2775 2774 2769 2775 2773 2776 2776 2777 2778 2775 2769 2766 2766 2769 2765 2775 2766 2773 2773 2777 2776 2773 2779 2777 2773 2780 2779 2780 2781 2782 2773 2781 2780 4669 2773 4667 4669 2781 2773 4669 4034 2781 2757 2783 2759 2757 2758 2783 2751 2756 2758 2785 2784 3966 2785 2786 2784 2785 4596 2787 2785 3966 4596 2785 2787 2788 2785 2789 2786 2790 2786 2789 2787 4672 2788 2787 4673 4672 4672 4673 4036 2788 4672 2791 2788 2791 2789 2791 2792 2793 2791 2793 2789 2793 2792 2794 2797 2795 2796 2798 2797 2796 2798 2799 2797 2799 2798 2800 2798 2801 2800 2796 4678 4676 2796 2795 4678 2795 2794 4037 4671 4679 2794 4671 2794 2792 4671 2792 4672 2792 2791 4672 2803 2802 2801 2802 2800 2801 2802 2804 2805 2802 2803 2804 2804 2803 2806 4677 4680 2806 2803 4675 4677 2794 2797 2793 2794 2795 2797 2807 2793 2797 2793 2807 2808 2799 2807 2797 2809 2793 2808 2809 2789 2793 2810 2790 2789 4679 4678 2795 2806 2803 4677 4682 2806 4681 4681 2806 4680 4681 4680 4038 2811 2806 4682 2811 2812 2806 2813 2812 2811 2814 2806 2812 2814 2804 2806 2814 2815 2804 2804 2815 2805 2818 2816 2817 2815 2818 2805 2801 2819 2803 2801 2798 2819 2819 2798 2796 4675 2819 4676 2819 2796 4676 4675 2803 2819 2789 2785 2788 2821 4674 2820 2821 3904 4674 4674 3904 4560 2822 2820 4674 2822 4674 2823 3974 2823 2824 2822 2823 3974 2823 4683 2787 4683 2823 4674 2823 2787 2824 2824 2787 2825 2825 2826 2824 2825 4584 2826 2826 4584 2827 4611 2826 2827 2826 4610 2824 4610 3974 2824 2826 4611 4610 4611 2827 3963 4587 2827 4586 4586 2827 4613 4586 4613 4585 4613 2827 4584 3962 4613 4584 2825 4583 4584 2825 2787 4583 4583 2787 4596 2787 4683 4673 2811 4682 4039 4054 2811 2828 2828 2811 4039 4054 2828 2829 2828 4039 2830 2828 2830 2829 2831 2830 4039 2831 4040 4041 2833 4044 2832 2833 2832 2834 2833 2834 2835 2831 4064 2830 2837 2835 2836 2836 2835 2834 2831 4039 4040 4050 4048 4684 4050 2838 4048 4050 2839 2838 4050 4051 2839 2840 4051 4691 4051 4049 4691 2842 2840 2841 2842 2841 2843 2842 2839 2840 4652 2842 4651 2843 4651 2842 2845 2843 2844 2845 2844 2846 2841 2847 2843 2840 4691 4690 4690 2841 2840 4690 2847 2841 4689 2847 4690 4689 4685 2847 4685 4686 2844 2849 2848 4686 2848 2844 4686 2844 2848 4075 2848 2850 4075 2849 2850 2848 4647 4649 2850 4647 2850 4648 2849 2851 2850 2851 2852 4659 4686 4687 2852 4688 2853 4687 2853 2852 4687 2852 2853 4659 2853 4653 4659 2853 4657 4653 2851 4659 4654 2851 4648 2850 2851 4654 4648 2839 4051 2840 4026 2854 2839 2854 2855 2856 2855 2857 2856 4570 2858 4077 2854 3913 3911 2854 3911 4077 4643 3913 2854 4643 4568 3913 3913 4568 4569 4643 2854 4026 2839 2842 4026 4652 4026 2842 2844 2847 4685 2847 2844 2843 2845 4076 4650 2843 2845 4651 2845 4650 4651 4650 4076 4649 4076 2850 4649 2851 2849 2852 4686 2852 2849 2859 4657 2853 2853 4688 2859 2860 2859 4693 4033 2859 2860 4033 4657 2859 4033 4658 4657 4072 2860 2861 2861 2860 4693 4072 4074 2860 2860 4074 2862 2859 4692 4693 2859 4688 4692 4077 2863 4078 4077 2858 2863 2856 2857 2838 2856 2838 2839 2854 2856 2839 2864 2838 4078 2864 4078 2863 2838 2864 4597 4597 2864 4579 4048 2838 4597 4597 3967 4048 4582 4597 4579 4582 4579 4581 4579 2864 3968 4645 4644 4646 4664 4645 4646 4664 4646 4670 4571 4572 4696 2866 2865 4696 4696 2865 4081 2866 2867 2865 2868 2867 2866 2868 2869 2867 2871 2867 2870 2870 2867 2869 2870 4604 2871 4603 3978 4604 2867 2871 3978 4604 3978 2871 4544 4545 3870 4544 2872 2873 4544 3870 2874 2874 2875 2876 4544 2874 2872 2877 4696 4572 2877 2866 4696 3870 2875 2874 3870 4546 2878 3870 2878 2875 2878 2879 2875 2878 2880 2879 4548 2880 2878 2878 4546 4548 2880 2881 2879 2882 2876 2875 2875 2879 2882 2870 2881 2883 2880 2883 2881 2883 4604 2870 4605 4604 2883 4605 2883 2880 4548 4605 2880 3972 3979 3978 2867 3979 4600 2867 4600 2884 4602 4600 3979 2867 3978 3979 2867 2884 2865 2865 2884 4082 4082 4081 2865 4601 3960 3971 4598 4082 2884 4598 2884 4580 4580 3971 4599 3969 4599 3971 4600 4580 2884 4600 4601 4580 4601 3971 4580 3970 3969 3971 4697 4069 4698 4665 4079 4698 4665 4698 4668 4668 4043 4035 4668 4698 4069 4668 4069 4068 4668 4068 4043 4068 4045 4043 4056 2885 4057 2885 2886 4057 4056 4052 2887 4056 2887 2885 4061 4058 4084 4059 4061 4084 4066 2888 4065 4066 4042 2889 4066 2889 2888 4042 4046 2889 4055 4065 2888 4055 2888 2890 4055 2890 4053 2890 4086 4053 4080 4062 4073 2891 4073 4062 2891 4062 4060 2891 4060 4085 4067 2892 2893 4704 4070 4703 4704 4092 4699 4091 4071 2894 4091 2894 4089 4091 4089 4093 4093 4089 4047 2894 4071 4700 2894 2895 4089 4087 2895 4083 4083 2895 4702 4090 2895 4087 4701 2895 2894 4089 2895 4088 4088 2895 4090 4701 4702 2895 4700 4701 2894 3997 2896 2897 3997 2897 2898 2897 2896 2899 2897 2900 2898 2899 3984 2901 2897 2899 2901 2897 2901 4008 2900 2897 4008 4003 4008 4006 4003 4001 2900 2900 4001 2902 4003 2900 4008 2900 2902 2898 3993 2896 3997 3998 4096 3996 4624 3996 4096 4624 4096 3999 4096 4097 3999 4707 4706 4626 3985 3981 4706 3981 4626 4706 3991 4094 3994 3992 4705 4095 3986 4705 3992 3982 3987 3988 3982 2903 4618 2904 3982 3988 2904 3988 2905 2904 2903 3982 2903 2904 2906 2903 2906 2907 2903 2907 2908 2903 4625 4618 2911 2909 2910 2911 2912 2909 2909 2913 2910 2909 4017 2913 2914 2909 3905 2916 2915 3902 3905 2916 3903 3905 2912 2916 2916 2912 2915 3905 2909 2912 2914 3905 4694 4694 4695 2914 2914 4695 4063 4634 2914 4638 2914 4063 4638 4634 4017 2914 4018 4017 4016 4018 2913 4017 2917 2913 4019 4020 2917 4019 4020 2918 2917 4021 2918 4020 4021 4640 2918 2919 2918 4640 2919 2917 2918 2920 2910 2917 2910 2913 2917 4018 4019 2913 2920 2921 2910 2921 2922 2910 2923 2921 2920 4100 2920 2919 2924 4100 2919 4629 4627 2925 2927 2925 2926 2908 2926 2925 2908 2928 2926 2908 2907 2928 2924 2925 2929 2929 2930 2924 2924 2930 4100 2925 2927 2929 2924 2919 2925 2931 4100 2930 2909 2914 4017 2908 2925 4627 2903 2908 4625 4627 4625 2908 2919 2920 2917 2919 4629 2925 4640 4629 2919 2932 2910 2922 2910 2932 2911 4608 4638 4063 4608 4063 4612 4609 4608 4612 2933 4623 4621 2933 3995 4623 2933 4621 2934 2933 2934 2935 3995 2933 2936 3995 2936 3990 2933 2937 2936 2940 2938 2939 4621 4622 2934 2934 2938 2935 2938 4104 2935 2943 2941 2942 2943 2942 2944 2941 4015 4022 4015 4014 4022 2941 4633 4015 2941 4022 2942 4010 2942 4022 4105 2942 4010 4105 4010 4555 4105 4555 4553 4105 4553 2943 4011 4010 4022 4630 4011 4013 4013 4011 4012 4011 4022 4012 4630 4013 4632 4630 4632 4631 4553 2945 2943 2946 2943 2945 2946 2947 2943 2948 2947 2946 2941 2949 4633 2950 4636 4633 2950 4635 4636 2951 4635 2950 4639 4635 2951 4639 2951 2952 4639 2952 4637 2952 2953 2954 2954 2953 2955 2939 2956 2957 2939 2938 2956 2954 2957 2956 2956 2952 2954 2956 4637 2952 2956 4628 4637 2947 2949 2941 2958 2949 2947 2958 2947 2948 2960 2959 2958 2960 2961 2959 2962 2959 2961 2951 2950 2963 2959 2963 2950 2958 2959 2949 2959 2950 2949 4633 2949 2950 2963 2959 2962 2951 2963 2953 2953 2952 2951 2953 2964 2955 2962 2964 2963 2953 2963 2964 2947 2941 2943 4628 2938 2934 2956 2938 4628 4622 4628 2934 4002 4000 4098 4009 4005 4007 4619 2965 3989 4619 4726 2965 4619 4620 4726 4727 2965 4726 4727 2966 2965 2966 4709 2965 4709 3989 2965 4708 4709 2966 4728 2967 4737 4737 2967 4099 4710 4099 2968 2968 4099 2967 4725 2967 4728 4724 4725 4728 4725 4730 2969 2967 2969 2968 2969 2970 2968 2969 2967 4725 2970 2969 4730 2970 4730 4729 4711 2968 2970 2968 4711 4710 4711 2971 4719 4711 2970 2971 4102 4719 2971 2971 4718 4102 2973 2971 2972 2975 2973 2974 4720 2973 2975 2973 4720 4718 2971 2973 4718 2976 4713 4712 4713 2976 4556 2976 4106 2977 4106 4731 2977 2978 4556 2977 4556 4557 4714 4714 4557 4715 4556 4714 4713 2977 4556 2976 4106 2976 2979 2976 4723 2979 4723 2976 4712 4717 2980 2979 2980 4717 2981 4717 2979 4723 4735 2979 2982 4735 2982 2983 4735 2983 4736 4108 4732 4735 4106 2979 4732 2979 4735 4732 4107 2974 4733 4733 2974 2973 4733 2972 4734 2972 4733 2973 2970 2972 2971 2970 4729 2972 4729 4734 2972 4101 2981 4716 4101 4103 2981 4716 2981 4717 4722 4721 2984 2984 2981 4103 2986 2985 2984 2987 2981 2984 2985 2987 2984 2988 2987 2985 2987 2982 2981 2988 2989 2987 2988 2990 2989 2990 2983 2989 2987 2989 2982 2989 2983 2982 2988 2975 2990 2975 2974 2990 2988 2985 2975 2980 2982 2979</p>
        </triangles>
      </mesh>
    </geometry>
    <geometry id="_21644" name="polySurface92_MeshPart1_LOD3">
      <mesh>
        <source id="_21644-positions">
          <float_array id="_21644-positions-array" count="948">
-0.469811 0.069896 0.555550 
-0.468406 0.067508 0.554452 
-0.465041 0.063171 0.557076 
-0.469369 0.065819 0.560581 
-0.469417 0.063555 0.547692 
-0.464153 0.059040 0.547367 
-0.472366 0.067527 0.558657 
-0.467612 0.087777 0.546438 
-0.469736 0.074038 0.552347 
-0.471284 0.083022 0.545093 
-0.474260 0.080202 0.541465 
-0.470958 0.083797 0.548015 
-0.471184 0.089029 0.544294 
-0.471143 0.087719 0.534962 
-0.468090 0.094355 0.545260 
-0.469261 0.088506 0.547735 
-0.529856 0.094105 0.519033 
-0.522387 0.097562 0.518007 
-0.537281 0.080129 0.526177 
-0.530259 0.084289 0.524609 
-0.520717 0.079751 0.527706 
-0.523889 0.075698 0.533409 
-0.553830 0.064138 0.526145 
-0.552359 0.068792 0.532398 
-0.537141 0.055019 0.520479 
-0.557418 0.073397 0.536562 
-0.553144 0.070072 0.531231 
-0.563134 0.072502 0.541806 
-0.527903 0.060938 0.533835 
-0.523881 0.053943 0.527361 
-0.565485 0.071172 0.544417 
-0.530639 0.059590 0.544458 
-0.523100 0.056734 0.548371 
-0.518185 0.054476 0.549118 
-0.511320 0.054144 0.541083 
-0.507515 0.051739 0.544254 
-0.509990 0.051362 0.535277 
-0.512539 0.050815 0.534115 
-0.517253 0.047291 0.529725 
-0.516814 0.043858 0.532124 
-0.513341 0.049078 0.532700 
-0.512789 0.042457 0.514686 
-0.521772 0.037729 0.516922 
-0.517898 0.044330 0.530498 
-0.503375 0.047844 0.531308 
-0.503417 0.039965 0.512222 
-0.499622 0.033244 0.499329 
-0.503911 0.025316 0.479131 
-0.511583 0.036164 0.500833 
-0.517326 0.020521 0.467937 
-0.518157 0.027837 0.498856 
-0.520206 0.032183 0.506744 
-0.511257 0.014342 0.458975 
-0.524520 0.016598 0.476612 
-0.522068 0.014081 0.467368 
-0.519637 0.013412 0.461830 
-0.511985 0.011895 0.456978 
-0.565470 0.076627 0.538828 
-0.567747 0.074220 0.541936 
-0.554413 0.058386 0.522640 
-0.558317 0.039348 0.521640 
-0.560160 0.043176 0.519921 
-0.562657 0.035256 0.523960 
-0.563711 0.037771 0.520198 
-0.542481 0.035693 0.520955 
-0.528317 0.043583 0.523465 
-0.519777 0.032721 0.532407 
-0.517429 0.039628 0.531023 
-0.520816 0.030145 0.535307 
-0.521068 0.039062 0.530418 
-0.518443 0.023039 0.539159 
-0.522052 0.022563 0.539850 
-0.537964 0.026277 0.529211 
-0.516925 0.020351 0.541744 
-0.516336 0.018976 0.537869 
-0.520847 0.022378 0.534454 
-0.517818 0.018279 0.533694 
-0.523802 0.023099 0.521951 
-0.515627 0.011121 0.517949 
-0.519266 0.015891 0.513081 
-0.514744 0.010466 0.508815 
-0.520281 0.010966 0.498240 
-0.512262 0.005784 0.501437 
-0.520192 0.017345 0.499431 
-0.515571 0.005783 0.495845 
-0.516484 0.003569 0.492272 
-0.524883 0.005828 0.479108 
-0.520759 0.003913 0.461776 
-0.517455 -0.004158 0.465425 
-0.518703 -0.003395 0.475293 
-0.513564 0.009418 0.512462 
-0.512488 0.005626 0.455484 
-0.509267 -0.000383 0.458017 
-0.509022 0.010147 0.457137 
-0.366287 0.148998 0.475910 
-0.365011 0.153522 0.482823 
-0.366125 0.140123 0.470689 
-0.365883 0.152182 0.479181 
-0.363687 0.132537 0.472924 
-0.364375 0.136377 0.473370 
-0.372533 0.130864 0.476286 
-0.370288 0.147522 0.472329 
-0.364026 0.126661 0.478690 
-0.371750 0.126150 0.484404 
-0.379039 0.143003 0.480161 
-0.377815 0.135113 0.480733 
-0.375689 0.128096 0.490667 
-0.377466 0.146575 0.478669 
-0.377492 0.149741 0.480828 
-0.376973 0.155100 0.487301 
-0.380949 0.135702 0.509309 
-0.384097 0.144270 0.502802 
-0.377965 0.145263 0.523651 
-0.372727 0.141219 0.532512 
-0.377359 0.151659 0.527406 
-0.376574 0.159124 0.523921 
-0.372723 0.165553 0.518632 
-0.377681 0.159350 0.501601 
-0.371607 0.166496 0.521960 
-0.374752 0.162481 0.522833 
-0.375439 0.168456 0.522532 
-0.392961 0.159707 0.525720 
-0.417419 0.167921 0.537913 
-0.404354 0.172036 0.527357 
-0.393192 0.146061 0.540636 
-0.384990 0.170344 0.522522 
-0.382060 0.153236 0.528605 
-0.377337 0.144286 0.537637 
-0.373157 0.140894 0.528801 
-0.432252 0.180686 0.519209 
-0.459424 0.191330 0.495326 
-0.431994 0.191891 0.519156 
-0.431189 0.174894 0.526403 
-0.439815 0.171390 0.520706 
-0.432749 0.171557 0.528707 
-0.461491 0.177096 0.499665 
-0.463409 0.170967 0.506700 
-0.462553 0.191821 0.493159 
-0.461812 0.184791 0.494629 
-0.424416 0.170139 0.544863 
-0.420848 0.176283 0.539647 
-0.424790 0.164636 0.553092 
-0.418589 0.159355 0.552193 
-0.423821 0.172996 0.539875 
-0.419225 0.179192 0.538815 
-0.424712 0.176862 0.533084 
-0.421765 0.189763 0.530400 
-0.416623 0.189435 0.539151 
-0.415222 0.185940 0.536743 
-0.410531 0.184034 0.533512 
-0.428057 0.168519 0.544094 
-0.366379 0.125237 0.499671 
-0.368669 0.136688 0.529400 
-0.494704 0.178719 0.519441 
-0.479057 0.173168 0.528876 
-0.485954 0.184603 0.531772 
-0.473355 0.181223 0.542807 
-0.491000 0.174533 0.517605 
-0.488167 0.170447 0.515760 
-0.473240 0.167152 0.509620 
-0.460645 0.165213 0.526809 
-0.449395 0.163565 0.530426 
-0.448712 0.163942 0.548436 
-0.457113 0.179357 0.556078 
-0.413892 0.158127 0.561679 
-0.368736 0.140624 0.545409 
-0.370859 0.148783 0.552310 
-0.412934 0.170851 0.574691 
-0.428373 0.164113 0.566427 
-0.407317 0.164992 0.569823 
-0.433362 0.174919 0.572915 
-0.430602 0.165219 0.552231 
-0.374220 0.176053 0.542580 
-0.372142 0.176556 0.537340 
-0.380455 0.180635 0.542647 
-0.385339 0.139511 0.474527 
-0.390091 0.138333 0.463373 
-0.369655 0.140769 0.478189 
-0.370034 0.141244 0.485140 
-0.377553 0.136838 0.458516 
-0.368368 0.141202 0.466535 
-0.407754 0.152317 0.463411 
-0.407811 0.145234 0.454362 
-0.410712 0.153956 0.458157 
-0.408220 0.156417 0.474093 
-0.390719 0.149899 0.496937 
-0.408112 0.162641 0.477728 
-0.402678 0.158557 0.491448 
-0.394381 0.157973 0.501996 
-0.376144 0.159909 0.520764 
-0.368404 0.165843 0.525210 
-0.368015 0.147931 0.506448 
-0.366760 0.146347 0.497004 
-0.364479 0.150925 0.505986 
-0.366643 0.143143 0.483674 
-0.410386 0.160826 0.465600 
-0.410064 0.156212 0.462533 
-0.411656 0.159573 0.461299 
-0.393786 0.132187 0.445328 
-0.411773 0.140185 0.448852 
-0.401581 0.132014 0.443170 
-0.375449 0.135486 0.450416 
-0.391385 0.128871 0.435535 
-0.383057 0.130247 0.433522 
-0.400303 0.181327 0.450211 
-0.402551 0.179915 0.482285 
-0.392014 0.187805 0.482830 
-0.406269 0.175537 0.475694 
-0.408278 0.173105 0.478482 
-0.409900 0.167793 0.470455 
-0.410640 0.172281 0.459994 
-0.412789 0.172936 0.440238 
-0.402656 0.177283 0.437873 
-0.405536 0.176232 0.433500 
-0.414608 0.164647 0.450322 
-0.380724 0.186667 0.512159 
-0.386606 0.185676 0.508223 
-0.376549 0.187112 0.522350 
-0.371727 0.188934 0.517139 
-0.373949 0.185385 0.492807 
-0.370883 0.179083 0.486359 
-0.369793 0.181910 0.487406 
-0.375222 0.187101 0.502936 
-0.374855 0.185565 0.498948 
-0.366877 0.178769 0.485383 
-0.369200 0.181584 0.488598 
-0.370435 0.189984 0.509132 
-0.366161 0.185432 0.497831 
-0.442696 0.107344 0.421128 
-0.430018 0.101026 0.409162 
-0.436779 0.109342 0.424109 
-0.420570 0.111314 0.424205 
-0.431309 0.111802 0.426495 
-0.431843 0.116511 0.433249 
-0.442646 0.112964 0.429028 
-0.415028 0.109470 0.419173 
-0.516814 0.043858 0.532124 
-0.513341 0.049078 0.532700 
-0.513341 0.049078 0.532700 
-0.517898 0.044330 0.530498 
-0.521772 0.037729 0.516922 
-0.511257 0.014342 0.458975 
-0.511257 0.014342 0.458975 
-0.519637 0.013412 0.461830 
-0.519637 0.013412 0.461830 
-0.511985 0.011895 0.456978 
-0.511985 0.011895 0.456978 
-0.511985 0.011895 0.456978 
-0.511985 0.011895 0.456978 
-0.517429 0.039628 0.531023 
-0.520816 0.030145 0.535307 
-0.518443 0.023039 0.539159 
-0.518443 0.023039 0.539159 
-0.518443 0.023039 0.539159 
-0.518443 0.023039 0.539159 
-0.512488 0.005626 0.455484 
-0.509267 -0.000383 0.458017 
-0.509267 -0.000383 0.458017 
-0.509022 0.010147 0.457137 
-0.509022 0.010147 0.457137 
-0.509022 0.010147 0.457137 
-0.509022 0.010147 0.457137 
-0.366287 0.148998 0.475910 
-0.366125 0.140123 0.470689 
-0.365011 0.153522 0.482823 
-0.363687 0.132537 0.472924 
-0.364026 0.126661 0.478690 
-0.371750 0.126150 0.484404 
-0.375689 0.128096 0.490667 
-0.380949 0.135702 0.509309 
-0.377359 0.151659 0.527406 
-0.376574 0.159124 0.523921 
-0.420848 0.176283 0.539647 
-0.419225 0.179192 0.538815 
-0.419225 0.179192 0.538815 
-0.449395 0.163565 0.530426 
-0.410386 0.160826 0.465600 
-0.371727 0.188934 0.517139 
-0.369793 0.181910 0.487406 
-0.370883 0.179083 0.486359 
-0.370883 0.179083 0.486359 
-0.374855 0.185565 0.498948 
-0.366877 0.178769 0.485383 
-0.370435 0.189984 0.509132 
-0.420570 0.111314 0.424205 
-0.553830 0.064138 0.526145 
-0.537141 0.055019 0.520479 
-0.523881 0.053943 0.527361 
-0.517253 0.047291 0.529725 
-0.516814 0.043858 0.532124 
-0.518157 0.027837 0.498856 
-0.520206 0.032183 0.506744 
-0.524520 0.016598 0.476612 
-0.522068 0.014081 0.467368 
-0.520759 0.003913 0.461776 
-0.517455 -0.004158 0.465425 
-0.512488 0.005626 0.455484 
-0.512488 0.005626 0.455484 
-0.366125 0.140123 0.470689 
-0.379039 0.143003 0.480161 
-0.377815 0.135113 0.480733 
-0.375689 0.128096 0.490667 
-0.377466 0.146575 0.478669 
-0.372727 0.141219 0.532512 
-0.393192 0.146061 0.540636 
-0.393192 0.146061 0.540636 
-0.382060 0.153236 0.528605 
-0.377337 0.144286 0.537637 
-0.377337 0.144286 0.537637 
-0.373157 0.140894 0.528801 
-0.424790 0.164636 0.553092 
-0.418589 0.159355 0.552193 
-0.369200 0.181584 0.488598 
-0.369200 0.181584 0.488598 
-0.370883 0.179083 0.486359 
-0.366877 0.178769 0.485383</float_array>
          <technique_common>
            <accessor count="316" source="#_21644-positions-array" stride="3">
              <param name="X" type="float" />
              <param name="Y" type="float" />
              <param name="Z" type="float" />
            </accessor>
          </technique_common>
        </source>
        <source id="_21644-normals">
          <float_array id="_21644-normals-array" count="948">
-0.028912 -0.671055 -0.740843 
-0.917402 -0.332450 0.218747 
-0.739131 -0.639788 0.210612 
-0.279816 -0.757678 -0.589600 
-0.858571 -0.481486 0.176148 
-0.652543 -0.731514 0.197674 
-0.078035 -0.845869 -0.527652 
0.980236 -0.178118 -0.086086 
0.341292 -0.582978 -0.737330 
0.320924 -0.506017 -0.800597 
-0.994460 0.013517 0.104239 
-0.729533 0.203618 0.652933 
-0.909042 0.362345 0.205787 
-0.898404 0.420921 -0.125287 
-0.849981 0.516427 0.104093 
0.151353 0.295048 0.943419 
0.324755 -0.460035 -0.826379 
0.145621 -0.164477 -0.975573 
0.159935 -0.681090 -0.714519 
0.076258 -0.545765 -0.834461 
0.101348 -0.672224 -0.733378 
-0.001851 -0.866543 -0.499099 
0.287134 0.604642 -0.742942 
0.370249 0.886591 -0.277259 
0.068554 0.453647 -0.888541 
0.524684 0.119751 0.842833 
0.831371 -0.409335 0.375856 
0.281782 0.723961 0.629666 
0.341929 0.927795 -0.149265 
0.614405 0.297552 -0.730732 
0.284877 0.742709 0.605994 
0.208197 0.877149 0.432740 
0.197956 0.859375 0.471475 
0.277712 0.816095 0.506818 
0.453156 0.891029 0.026774 
0.609467 0.736148 0.294340 
0.117608 0.882921 -0.454554 
0.509860 0.597153 -0.619234 
0.592263 0.062863 -0.803289 
0.920474 -0.390031 -0.024579 
0.877976 -0.311783 -0.363250 
-0.198842 0.908382 -0.367838 
-0.725055 0.644573 -0.242531 
-0.772985 0.634397 0.005903 
0.531685 0.818730 -0.216777 
0.412405 0.843532 -0.344059 
0.597524 0.756965 -0.264517 
0.415335 0.778907 -0.469894 
-0.318776 0.838028 -0.442822 
-0.322739 0.866454 -0.380917 
-0.873899 0.483710 0.048235 
-0.787897 0.407895 -0.461345 
0.159538 0.678928 -0.716662 
-0.872376 0.470473 -0.132724 
-0.906144 0.283595 -0.313811 
-0.674032 0.498156 -0.545455 
0.014626 0.610468 -0.791906 
0.096180 0.645282 0.757866 
0.149523 0.662522 0.733967 
0.105840 0.356912 -0.928123 
-0.069053 -0.300116 -0.951400 
0.462197 -0.225509 -0.857624 
-0.168176 -0.676384 -0.717093 
0.705444 -0.707846 0.036104 
-0.039390 -0.317612 -0.947402 
0.494546 -0.165492 -0.853251 
0.600417 -0.387941 -0.699287 
0.741716 -0.372811 -0.557557 
-0.025577 0.391972 0.919622 
-0.889258 0.343861 0.301630 
0.168654 0.335502 0.926820 
-0.046556 -0.801041 -0.596797 
0.159525 -0.821167 -0.547939 
-0.338532 -0.841290 -0.421458 
-0.689646 -0.640848 0.337197 
-0.893119 -0.353371 0.278331 
-0.643410 -0.681460 0.348763 
-0.976824 -0.208389 0.048878 
-0.519548 -0.839329 0.159989 
-0.879463 -0.439931 -0.181676 
-0.683165 -0.727613 -0.062170 
-0.776187 -0.422883 0.467658 
-0.513763 -0.789476 0.335820 
-0.945354 -0.025065 0.325081 
-0.522992 -0.725943 0.446640 
-0.468631 -0.757084 0.455201 
-0.936367 -0.344660 0.066532 
-0.867180 -0.235192 -0.438957 
-0.629472 -0.753774 -0.188652 
-0.604661 -0.779643 0.162921 
-0.511559 -0.853651 0.097915 
-0.276600 -0.513532 -0.812267 
-0.559200 -0.318755 -0.765305 
0.216381 0.189186 -0.957804 
-0.308300 0.731092 -0.608650 
-0.001726 0.836893 -0.547364 
0.650215 0.158806 -0.742968 
0.862050 0.347001 -0.369407 
0.281834 -0.179542 -0.942515 
0.912096 0.302315 0.276924 
-0.642901 -0.545565 -0.537622 
-0.316241 0.380043 -0.869229 
-0.005657 -0.775356 -0.631500 
-0.603171 -0.760104 -0.241716 
-0.908617 -0.005234 -0.417597 
-0.832669 -0.390986 -0.392164 
-0.752726 -0.656707 -0.046256 
-0.848716 0.230868 -0.475796 
-0.799231 0.375247 -0.469488 
-0.706130 0.614925 -0.351066 
-0.808807 -0.519251 0.276061 
-0.999954 0.005166 0.008107 
-0.885984 -0.128192 0.445644 
-0.713300 -0.692655 0.106921 
-0.983149 -0.117042 0.140426 
-0.901206 0.328255 0.282977 
-0.738177 0.673398 -0.040382 
-0.699623 0.706697 -0.105392 
-0.743120 0.383522 -0.548346 
-0.068036 -0.209623 -0.975412 
-0.064799 0.096781 -0.993194 
-0.304427 -0.524799 -0.794927 
-0.660475 -0.419333 -0.622842 
-0.399626 0.043928 -0.915625 
-0.351533 -0.913801 -0.203450 
-0.061056 0.142564 -0.987901 
-0.231727 -0.654631 -0.719556 
-0.260440 -0.826332 -0.499347 
-0.710751 -0.616105 0.339483 
0.652574 -0.334934 -0.679681 
0.653064 -0.030695 -0.756680 
0.660661 0.345934 -0.666226 
0.646051 -0.601632 -0.469742 
0.445642 -0.705431 -0.551154 
0.601609 -0.679118 -0.420554 
0.375110 -0.601653 -0.705199 
0.261785 -0.781455 -0.566390 
0.689205 -0.054254 -0.722532 
0.581044 -0.266481 -0.769010 
0.224844 -0.784455 -0.577993 
-0.656260 -0.185598 -0.731352 
-0.392011 -0.831133 -0.394392 
-0.577095 -0.800123 -0.163599 
0.557314 -0.729981 -0.395637 
0.876171 -0.378022 -0.299036 
0.678040 -0.542716 -0.495704 
0.786103 0.051350 -0.615959 
-0.063517 0.337117 -0.939318 
-0.459331 0.322282 -0.827738 
-0.336440 0.329565 -0.882154 
0.321067 -0.885092 -0.336941 
0.060957 -0.974589 0.215547 
-0.366138 -0.849477 0.379909 
-0.503324 -0.604390 0.617558 
-0.553192 -0.690031 0.466728 
-0.631291 -0.375782 0.678424 
-0.656938 -0.228771 0.718399 
-0.467384 -0.606664 0.643048 
-0.339000 -0.665998 0.664474 
0.151324 -0.962138 -0.226699 
-0.131513 -0.989817 -0.054474 
0.057670 -0.981087 -0.184778 
-0.212143 -0.946888 0.241659 
-0.645177 -0.249836 0.722031 
-0.184272 -0.892311 0.412099 
-0.079608 -0.820408 0.566209 
0.148485 -0.465610 0.872445 
0.103193 -0.312739 0.944217 
-0.321346 -0.859849 0.396732 
0.185142 -0.505972 0.842446 
-0.400783 -0.223346 0.888532 
0.190387 -0.981267 -0.029460 
0.511960 0.815522 0.269855 
0.500711 0.839100 0.212604 
0.505916 0.848941 0.152802 
-0.309557 -0.929531 0.200365 
-0.280558 -0.885281 0.370897 
0.334126 -0.941434 0.045419 
0.279108 -0.942322 0.184740 
0.181122 -0.925059 0.333859 
0.402704 -0.907724 0.117758 
-0.768301 -0.570547 0.290155 
-0.559016 -0.582724 0.589859 
-0.809753 -0.439266 0.389030 
-0.819998 -0.450939 0.352503 
-0.518908 -0.743856 0.421203 
-0.941873 -0.231750 0.243243 
-0.762073 -0.525324 0.378522 
-0.662133 -0.528301 0.531486 
-0.271883 -0.579346 0.768399 
-0.228106 -0.580798 0.781435 
0.081473 -0.879746 0.468411 
0.258558 -0.899803 0.351429 
0.237944 -0.883799 0.402843 
0.504089 -0.853992 0.128813 
-0.943970 -0.251669 0.213504 
-0.860401 -0.405128 0.309161 
-0.940509 -0.150196 0.304769 
-0.117058 -0.919250 0.375867 
-0.094179 -0.287945 0.953005 
-0.019683 -0.771691 0.635693 
0.113707 -0.973855 0.196666 
0.307121 -0.826377 0.471992 
0.537482 -0.827183 0.163955 
-0.360294 0.926327 -0.110031 
-0.777896 0.597779 0.193748 
-0.319549 0.946926 0.034933 
-0.837195 0.515151 0.183642 
-0.883591 0.412405 0.221786 
-0.977170 0.105302 0.184526 
-0.872145 0.459817 0.167128 
-0.489373 0.834448 0.253400 
-0.268786 0.937717 -0.220091 
-0.352060 0.933121 -0.073070 
-0.961652 0.111604 0.250539 
-0.478704 0.845161 0.237793 
-0.510249 0.822727 0.250530 
-0.483458 0.755457 0.442214 
-0.355325 0.934231 0.030916 
0.953497 0.164945 0.252263 
-0.002226 -0.760573 0.649248 
0.363238 -0.221349 0.905021 
0.916609 0.397144 0.045881 
0.994688 0.051248 0.089273 
0.183969 -0.191154 0.964166 
0.290934 0.739680 -0.606821 
-0.394596 0.911682 -0.114587 
0.289941 0.857000 -0.426011 
0.148234 -0.828171 0.540517 
0.189950 -0.850645 0.490226 
0.131928 -0.820780 0.555802 
0.168176 -0.852766 0.494476 
0.120950 -0.817481 0.563112 
0.102605 -0.799713 0.591550 
0.110051 -0.800531 0.589100 
0.194363 -0.859679 0.472414 
0.140505 -0.076870 0.987091 
-0.607954 0.778865 -0.154146 
0.185343 -0.479978 0.857478 
-0.812138 0.520708 0.263238 
-0.866868 0.472583 -0.158763 
0.159538 0.678928 -0.716662 
-0.948794 0.166111 0.268696 
-0.832236 0.252898 -0.493382 
-0.739920 0.274545 -0.614120 
-0.073229 0.260846 -0.962599 
-0.085674 -0.033321 -0.995766 
-0.723961 0.517784 -0.455829 
-0.980903 0.183535 0.064379 
0.750459 -0.213637 0.625436 
-0.773766 0.148759 0.615757 
-0.122813 -0.654180 -0.746301 
-0.886360 -0.462884 0.010258 
-0.891652 -0.174946 0.417554 
0.978742 -0.129041 -0.159414 
0.717462 -0.036564 -0.695638 
0.779262 -0.070902 -0.622675 
-0.559464 -0.318528 -0.765206 
0.634408 0.071038 -0.769727 
0.538546 0.196820 -0.819286 
-0.995178 0.092331 0.033104 
-0.802718 -0.044155 -0.594723 
0.979341 0.097312 -0.177262 
0.188742 0.025803 -0.981688 
0.833013 0.402142 -0.379962 
0.340529 -0.401376 -0.850257 
0.250619 -0.939474 -0.233621 
-0.423288 -0.898508 -0.116238 
-0.616216 -0.787541 0.007537 
-0.705814 -0.638887 0.306024 
-0.771410 -0.388864 -0.503697 
-0.126956 -0.308912 -0.942579 
0.695395 -0.620949 -0.361730 
-0.100850 -0.151584 -0.983286 
-0.701033 0.126310 -0.701854 
0.057670 -0.981087 -0.184778 
-0.910708 -0.319048 0.262333 
-0.338783 0.940411 0.029213 
0.017031 -0.365723 0.930568 
0.482046 -0.474302 0.736661 
0.068191 0.654450 -0.753024 
-0.555143 0.806887 -0.201866 
0.259603 0.674311 -0.691311 
0.094805 0.935581 -0.340148 
0.187218 -0.831828 0.522506 
0.287134 0.604642 -0.742942 
0.068554 0.453647 -0.888541 
0.614405 0.297552 -0.730732 
0.592263 0.062863 -0.803289 
0.920474 -0.390031 -0.024579 
-0.873899 0.483710 0.048235 
-0.787897 0.407895 -0.461345 
-0.872376 0.470473 -0.132724 
-0.906144 0.283595 -0.313811 
-0.867180 -0.235192 -0.438957 
-0.629472 -0.753774 -0.188652 
-0.276600 -0.513532 -0.812267 
-0.276600 -0.513532 -0.812267 
0.650215 0.158806 -0.742968 
-0.908617 -0.005234 -0.417597 
-0.832669 -0.390986 -0.392164 
-0.752726 -0.656707 -0.046256 
-0.848716 0.230868 -0.475796 
-0.713300 -0.692655 0.106921 
-0.351533 -0.913801 -0.203450 
-0.351533 -0.913801 -0.203450 
-0.231727 -0.654631 -0.719556 
-0.260440 -0.826332 -0.499347 
-0.260440 -0.826332 -0.499347 
-0.710751 -0.616105 0.339483 
-0.392011 -0.831133 -0.394392 
-0.577095 -0.800123 -0.163599 
0.290934 0.739680 -0.606821 
0.290934 0.739680 -0.606821 
0.068191 0.654450 -0.753024 
0.259603 0.674311 -0.691311</float_array>
          <technique_common>
            <accessor count="316" source="#_21644-normals-array" stride="3">
              <param name="X" type="float" />
              <param name="Y" type="float" />
              <param name="Z" type="float" />
            </accessor>
          </technique_common>
        </source>
        <source id="_21644-uv0">
          <float_array id="_21644-uv0-array" count="632">
0.764239 0.817246 
0.764090 0.819136 
0.765543 0.819006 
0.765815 0.816773 
0.764226 0.821265 
0.765623 0.821724 
0.765470 0.816227 
0.758888 0.817386 
0.762939 0.817297 
0.760655 0.816223 
0.759430 0.821499 
0.759244 0.819310 
0.757523 0.820152 
0.757147 0.822388 
0.756375 0.819567 
0.758144 0.818815 
0.761673 0.803087 
0.760262 0.804246 
0.765755 0.802911 
0.764315 0.803853 
0.764912 0.805871 
0.766402 0.805669 
0.989660 0.719027 
0.987211 0.719388 
0.990065 0.723709 
0.986175 0.717739 
0.987458 0.718715 
0.984315 0.717292 
0.986711 0.725545 
0.988960 0.726771 
0.983594 0.717112 
0.984063 0.725243 
0.983478 0.726920 
0.983224 0.728020 
0.985182 0.729736 
0.983817 0.730455 
0.986095 0.731430 
0.987705 0.730354 
0.989344 0.729037 
0.989355 0.730474 
0.987544 0.731669 
0.986410 0.736110 
0.988939 0.735801 
0.988962 0.732231 
0.983922 0.732969 
0.984116 0.736881 
0.983548 0.740214 
0.984959 0.745066 
0.986373 0.739521 
0.988469 0.747759 
0.988597 0.740451 
0.988688 0.738382 
0.987158 0.750185 
0.990343 0.746171 
0.990056 0.748322 
0.989377 0.749547 
0.987453 0.750776 
0.985122 0.716068 
0.984212 0.716349 
0.768254 0.803939 
0.773061 0.804850 
0.772592 0.803107 
0.774474 0.804141 
0.774371 0.802611 
0.772479 0.808772 
0.769426 0.811135 
0.771394 0.814204 
0.769288 0.814607 
0.771314 0.816218 
0.768470 0.817064 
0.774054 0.814965 
0.774828 0.813666 
0.774655 0.810242 
0.774937 0.815015 
0.774387 0.816953 
0.772997 0.817536 
0.774026 0.818091 
0.771634 0.820292 
0.774521 0.821964 
0.772853 0.822694 
0.774019 0.823970 
0.772678 0.826356 
0.774566 0.825889 
0.771266 0.825541 
0.773955 0.827181 
0.773632 0.827819 
0.771950 0.830966 
0.771230 0.834621 
0.773583 0.834377 
0.774060 0.832364 
0.774577 0.823248 
0.774056 0.800768 
0.774658 0.799251 
0.848544 0.835952 
0.764192 0.700255 
0.763879 0.702124 
0.765056 0.698996 
0.769837 0.689833 
0.764979 0.691384 
0.765968 0.691336 
0.877312 0.831747 
0.875990 0.828144 
0.875620 0.833102 
0.878096 0.833192 
0.879008 0.829064 
0.878828 0.830812 
0.879587 0.832929 
0.878406 0.828245 
0.981065 0.177312 
0.980016 0.175663 
0.985924 0.171711 
0.983785 0.172989 
0.984191 0.168061 
0.985595 0.166079 
0.982782 0.165885 
0.980576 0.166603 
0.978558 0.168151 
0.979697 0.172419 
0.978363 0.166904 
0.979566 0.166094 
0.978220 0.164850 
0.981851 0.162371 
0.982605 0.156240 
0.979959 0.159282 
0.986158 0.161399 
0.978628 0.162913 
0.982870 0.164400 
0.985539 0.164296 
0.985476 0.166982 
0.981092 0.148048 
0.980262 0.140523 
0.978461 0.147201 
0.982639 0.149246 
0.984087 0.147258 
0.983617 0.149225 
0.983991 0.141416 
0.986011 0.141854 
0.980311 0.139836 
0.982008 0.140560 
0.983770 0.152606 
0.981367 0.153923 
0.985593 0.153105 
0.986083 0.155030 
0.982799 0.152170 
0.980553 0.153561 
0.981738 0.151029 
0.978305 0.150355 
0.978273 0.152993 
0.978295 0.154841 
0.978154 0.156348 
0.983942 0.151637 
0.984250 0.246559 
0.983590 0.253432 
0.980901 0.284770 
0.981989 0.281737 
0.979173 0.283370 
0.979111 0.280106 
0.982148 0.284005 
0.983484 0.283512 
0.987441 0.283043 
0.985820 0.278997 
0.986208 0.276621 
0.983276 0.274178 
0.978597 0.275719 
0.981975 0.265947 
0.981014 0.255813 
0.979350 0.257333 
0.977841 0.267286 
0.981210 0.269195 
0.978707 0.265706 
0.977966 0.270388 
0.984224 0.270663 
0.958827 0.714450 
0.957465 0.714372 
0.958469 0.715657 
0.480346 0.832187 
0.480872 0.829534 
0.476907 0.833540 
0.477285 0.835080 
0.477607 0.828868 
0.476272 0.830948 
0.486627 0.828945 
0.485474 0.826955 
0.487276 0.827686 
0.487456 0.831250 
0.483517 0.837007 
0.488346 0.832082 
0.486964 0.835328 
0.485478 0.837996 
0.481944 0.842526 
0.481376 0.843481 
0.478449 0.839747 
0.477473 0.837848 
0.477760 0.839923 
0.476692 0.834930 
0.488300 0.829300 
0.487586 0.828655 
0.488295 0.828302 
0.480428 0.825401 
0.485595 0.825678 
0.482176 0.824706 
0.476644 0.827136 
0.479073 0.823364 
0.477359 0.823093 
0.576333 0.826520 
0.573195 0.832516 
0.576367 0.833481 
0.572318 0.830853 
0.571591 0.831003 
0.570820 0.828996 
0.572295 0.827462 
0.573678 0.823817 
0.576471 0.823772 
0.576082 0.822793 
0.571093 0.824873 
0.575928 0.838904 
0.575063 0.837935 
0.576116 0.840655 
0.577173 0.840617 
0.774757 0.640852 
0.775275 0.638849 
0.774739 0.639176 
0.775208 0.643025 
0.775275 0.642083 
0.771654 0.790390 
0.754495 0.833171 
0.754310 0.828139 
0.969972 0.835237 
0.878351 0.837471 
0.878351 0.833305 
0.877162 0.837184 
0.874851 0.834948 
0.876047 0.836920 
0.875275 0.838378 
0.877312 0.839099 
0.874782 0.833245 
0.767729 0.815644 
0.987544 0.731669 
0.767176 0.815347 
0.767266 0.816659 
0.767734 0.820195 
0.774786 0.619400 
0.771735 0.794645 
0.768979 0.833871 
0.771801 0.802158 
0.774094 0.801996 
0.848347 0.836323 
0.774934 0.619620 
0.771273 0.795118 
0.769288 0.814607 
0.771314 0.816218 
0.774054 0.814965 
0.774054 0.814965 
0.774054 0.814965 
0.774054 0.814965 
0.848248 0.834954 
0.848865 0.834239 
0.771078 0.797018 
0.848544 0.835952 
0.774828 0.619780 
0.771224 0.795689 
0.771224 0.795689 
0.769118 0.690655 
0.874946 0.829737 
0.770158 0.688982 
0.874782 0.831577 
0.984544 0.242230 
0.986313 0.243697 
0.986934 0.245305 
0.987240 0.250008 
0.982782 0.165885 
0.980576 0.166603 
0.981367 0.153923 
0.980553 0.153561 
0.980553 0.153561 
0.986208 0.276621 
0.488300 0.829300 
0.755145 0.826605 
0.771807 0.789805 
0.771439 0.789771 
0.755060 0.833820 
0.755372 0.830431 
0.764794 0.698312 
0.971984 0.832953 
0.874851 0.834948 
0.767453 0.803816 
0.767477 0.808359 
0.766744 0.811247 
0.767628 0.813547 
0.767729 0.815644 
0.768713 0.824768 
0.768328 0.822726 
0.769238 0.830650 
0.769118 0.832743 
0.771644 0.800134 
0.772115 0.798166 
0.848248 0.834954 
0.770954 0.796340 
0.766918 0.691868 
0.982853 0.177700 
0.984764 0.177775 
0.986927 0.175756 
0.981783 0.177901 
0.984217 0.254900 
0.984581 0.259953 
0.951959 0.712881 
0.954477 0.715440 
0.983902 0.256701 
0.954653 0.712405 
0.984741 0.254171 
0.984442 0.268942 
0.984414 0.266749 
0.765246 0.698747 
0.969865 0.837279 
0.764914 0.698996 
0.968866 0.837696</float_array>
          <technique_common>
            <accessor count="316" source="#_21644-uv0-array" stride="2">
              <param name="S" type="float" />
              <param name="T" type="float" />
            </accessor>
          </technique_common>
        </source>
        <vertices id="_21644-vertices">
          <input semantic="POSITION" source="#_21644-positions" />
        </vertices>
        <triangles count="289" material="material-0">
          <input offset="0" semantic="VERTEX" source="#_21644-vertices" />
          <input offset="0" semantic="NORMAL" source="#_21644-normals" />
          <input offset="0" semantic="TEXCOORD" source="#_21644-uv0" set="0" />
          <p>2 0 1 2 3 0 2 1 4 2 4 5 3 6 0 9 7 8 12 10 11 12 13 10 12 14 13 12 15 14 18 16 17 18 17 19 19 20 18 18 20 21 24 22 23 26 25 23 25 27 23 22 26 23 27 28 23 23 28 24 28 29 24 30 28 27 30 31 28 32 28 31 28 32 33 35 34 33 34 28 33 36 34 35 36 37 34 29 37 38 40 39 38 38 37 40 43 41 42 237 41 43 36 237 37 36 41 237 36 44 41 44 36 35 45 41 44 45 46 47 45 47 48 49 48 47 48 50 51 42 48 51 42 41 48 41 45 48 37 28 34 29 28 37 49 47 52 50 48 49 50 49 53 53 49 54 55 54 49 52 55 49 52 56 55 57 27 25 57 58 27 285 286 59 59 60 61 63 61 62 62 61 60 286 64 60 286 65 64 65 286 287 66 65 288 67 66 288 67 288 289 238 239 236 236 239 68 236 68 249 239 69 68 70 249 68 71 66 251 71 72 66 71 251 73 73 252 74 253 75 74 75 76 74 250 75 253 250 69 75 78 75 77 77 75 69 78 76 75 78 79 80 80 81 82 80 83 81 79 83 80 290 83 291 79 77 291 83 79 291 240 69 239 77 69 240 77 240 291 77 79 78 65 287 288 67 254 66 72 65 66 72 64 65 84 82 81 85 84 81 290 292 83 292 86 81 292 81 83 87 86 292 292 293 87 87 293 243 89 87 88 86 87 89 89 85 86 85 81 86 82 90 80 80 90 78 62 64 72 64 62 60 60 59 286 91 295 294 91 294 244 244 245 91 91 92 295 296 246 93 256 255 258 241 259 247 242 248 260 257 261 297 96 94 95 97 264 262 99 98 298 263 100 101 100 102 103 100 265 102 263 265 100 104 101 100 104 100 105 105 100 106 107 101 104 103 106 100 302 299 108 108 299 109 110 300 301 110 111 300 111 109 299 111 299 300 110 112 111 114 112 113 112 114 115 112 115 111 111 115 116 116 117 111 109 111 117 118 116 115 120 118 119 119 118 115 123 121 122 121 124 122 123 125 121 119 121 125 119 125 120 124 121 126 270 127 126 270 113 127 113 112 128 112 110 128 131 129 130 133 129 132 133 132 134 136 135 133 135 129 133 138 137 130 138 129 135 138 130 129 122 139 140 123 122 140 122 141 139 142 122 124 141 122 142 144 272 143 146 144 145 129 146 132 132 146 145 146 129 131 148 273 147 148 123 274 274 123 140 149 123 148 125 123 149 119 126 121 126 271 270 271 126 119 150 145 143 143 145 144 147 144 146 151 268 267 151 267 266 269 151 152 151 269 268 152 309 269 155 153 154 155 154 156 158 154 157 158 159 154 159 160 154 161 160 159 275 162 160 162 163 156 162 156 154 160 162 154 153 157 154 165 164 304 165 166 164 165 304 307 169 167 168 168 167 170 169 168 164 168 162 171 168 171 310 164 168 311 168 310 311 311 304 164 169 164 166 307 303 165 165 303 152 303 309 152 162 168 170 163 162 170 275 171 162 174 172 173 305 306 308 177 175 176 175 177 178 177 179 180 176 181 182 181 183 182 184 181 176 176 175 184 185 184 175 187 186 184 185 187 184 185 188 187 189 188 185 191 190 189 191 178 192 191 175 178 191 189 185 191 185 175 192 193 191 194 178 177 184 195 181 196 181 276 183 181 196 197 183 196 182 198 176 200 198 199 179 176 198 179 198 201 202 201 198 201 202 203 198 200 202 198 182 199 176 179 177 206 204 205 208 205 207 210 209 207 204 210 205 210 204 211 211 204 212 213 211 212 214 210 211 207 205 210 217 215 216 217 218 215 206 216 215 206 205 216 221 219 220 223 219 222 223 220 219 224 278 279 281 225 280 281 277 226 281 226 225 282 314 312 315 313 227 283 227 313 230 228 229 230 229 231 230 231 232 230 232 233 230 233 234 232 284 233 231 229 235</p>
        </triangles>
      </mesh>
    </geometry>
  </library_geometries>
  <library_visual_scenes>
    <visual_scene id="collada_scene">
      <node id="_-114672" name="Driver_Hand_LOD3">
        <matrix sid="matrix">

1.000000 0.000000 0.000000 -1430.030029 
0.000000 1.000000 0.000000 58.206570 
0.000000 0.000000 1.000000 646.865723 
0.000000 0.000000 0.000000 1.000000</matrix>
        <node id="_-114668" name="polySurface92_MeshPart0">
          <matrix sid="matrix">

1.000000 0.000000 0.000000 0.000000 
0.000000 1.000000 0.000000 0.000000 
0.000000 0.000000 1.000000 0.000000 
0.000000 0.000000 0.000000 1.000000</matrix>
          <instance_geometry url="#_21642">
            <bind_material>
              <technique_common>
                <instance_material symbol="material-0" target="#_b0c6539518e8d704ba2824298e026a78">
                  <bind_vertex_input semantic="TEX0" input_semantic="TEXCOORD" input_set="0" />
                </instance_material>
              </technique_common>
              <extra>
                <technique profile="fl4re">
                  <shadows>
                    <castShadows>true</castShadows>
                    <receiveShadows>true</receiveShadows>
                  </shadows>
                </technique>
              </extra>
            </bind_material>
          </instance_geometry>
        </node>
        <node id="_-114670" name="polySurface92_MeshPart1">
          <matrix sid="matrix">

1.000000 0.000000 0.000000 0.000000 
0.000000 1.000000 0.000000 0.000000 
0.000000 0.000000 1.000000 0.000000 
0.000000 0.000000 0.000000 1.000000</matrix>
          <instance_geometry url="#_21644">
            <bind_material>
              <technique_common>
                <instance_material symbol="material-0" target="#_b0c6539518e8d704ba2824298e026a78">
                  <bind_vertex_input semantic="TEX0" input_semantic="TEXCOORD" input_set="0" />
                </instance_material>
              </technique_common>
              <extra>
                <technique profile="fl4re">
                  <shadows>
                    <castShadows>true</castShadows>
                    <receiveShadows>true</receiveShadows>
                  </shadows>
                </technique>
              </extra>
            </bind_material>
          </instance_geometry>
        </node>
      </node>
    </visual_scene>
  </library_visual_scenes>
  <scene>
    <instance_visual_scene url="#collada_scene" />
  </scene>
</COLLADA>